tag,near_synonyms
!,"!!, spoken_exclamation_mark"
!?,spoken_interrobang
...,spoken_ellipsis
10000_yen_note,"high_denomination_banknote, yen"
360_panorama,panorama
3;,"3:, one_eye_closed"
4koma,"comic, multiple_4koma, square_4koma"
4th_match_flame_(e.g.o),e.g.o_(project_moon)
4x4_rubik's_cube,rubik's_cube
67_(meme),moeangel_67_(meme)
8_of_my_10_favorite_characters,multiple_drawing_challenge
9:2_(e.g.o),e.g.o_(project_moon)
:/,;/
:3,";3, x3"
:d,"smile, ;d, xd"
:|,"closed_mouth, ;|"
;(,"frown, one_eye_closed"
;),"one_eye_closed, smile"
;3,":3, one_eye_closed"
;<,":<, one_eye_closed"
;>,":>, one_eye_closed"
;d,":d, one_eye_closed, smile"
;i,":i, one_eye_closed"
;o,":o, one_eye_closed"
;p,":p, one_eye_closed, tongue_out"
;q,":q, one_eye_closed, tongue_out"
;t,":t, one_eye_closed"
;|,":|, one_eye_closed"
>_<,"dx, x3, xd"
?,"??, spoken_question_mark"
@_@,spiral-only_eyes
\m/,double_\m/
\n/,double_\n/
\o/,"arms_up, outstretched_arms"
\||/,double_\||/
^_^,"closed_eyes, ^q^"
above-cleavage_cutout,clothing_cutout
abs,covered_abs
absolutely_everyone,everyone
absurdly_detailed_composition,"complex_exterior, loaded_interior"
aburaage,food
accidental_voyeurism,voyeurism
accordion,instrument
accurate_ballet,ballet
ace_(playing_card),"playing_card, ace_of_clubs, ace_of_diamonds, ace_of_hearts, ace_of_spades"
ace_of_clubs,"ace_(playing_card), club_(shape)"
ace_of_diamonds,"ace_(playing_card), diamond_(shape)"
ace_of_hearts,"ace_(playing_card), heart"
ace_of_spades,"ace_(playing_card), spade_(shape)"
adaptive_combat_rifle,assault_rifle
adjusting_bow,bow
adjusting_bra,"bra, adjusting_clothes"
adjusting_buruma,"adjusting_clothes, buruma"
adjusting_clothes,"adjusting_bra, adjusting_buruma, adjusting_gloves, adjusting_headwear, adjusting_legwear, adjusting_leotard, adjusting_necktie, adjusting_panties, adjusting_shoe, adjusting_shorts, adjusting_sock, adjusting_swimsuit"
adjusting_earrings,earrings
adjusting_eyewear,"finger_on_eyewear, hand_on_eyewear"
adjusting_gloves,"gloves, adjusting_clothes"
adjusting_leotard,"leotard, adjusting_clothes"
adjusting_necktie,"necktie, adjusting_clothes"
adjusting_panties,"panties, adjusting_clothes"
adjusting_shirt,shirt
adjusting_shorts,"adjusting_clothes, shorts"
adjusting_swimsuit,"swimsuit, adjusting_clothes"
adoration_(e.g.o),e.g.o_(project_moon)
adult_baby,ageplay
aedd_(e.g.o),e.g.o_(project_moon)
aek-971,assault_rifle
aerial_battle,"battle, dogfight"
afro,huge_afro
against_glass,"ass_on_glass, breasts_on_glass, hand_on_glass, pectorals_on_glass"
age_difference,"onee-loli, onee-shota, onii-shota"
age_switch,"aged_down, aged_up"
aged_down,"age_regression, age_switch"
aguav_berry,berry_(pokemon)
ahoge,"antenna_hair, detached_ahoge, dyed_ahoge, heart_ahoge, huge_ahoge, lightning_ahoge, ahoge_wag, side_ahoge, upright_ahoge, wilted_ahoge"
ahoge_wag,"ahoge, expressive_hair"
ai-generated_art_(topic),"ai-generated_encore_(meme), ai-generated_touhou, ai_angry_dr._mario_(meme), ai_drawing_anime_characters_eating_ramen_(meme), ai_drawing_cat_in_front_of_eye_(meme), ai_drawing_person_in_cake_(meme), ash_baby_(meme), domino's_pizza_ai_images_(meme), gaming_penis_ikebana_(meme), italian_brainrot_ai_animals_(meme), no_to_ai_generated_images_(alexander_nanitchkov)"
ai_arctic_warfare,"bolt_action, sniper_rifle"
aiming,aiming_at_viewer
air_bubble,bubble
air_pump,bicycle_pump
aircraft,"airplane, airship, autogyro, dirigible, glider, helicopter, hot_air_balloon"
airplane,"aircraft, biplane, bomber, fighter_jet, jet_airliner, propeller_fighter, seaplane, triplane"
ajirogasa,hat
ak-102,"assault_rifle, kalashnikov_rifle"
ak-107,"assault_rifle, kalashnikov_rifle"
ak-12,"assault_rifle, kalashnikov_rifle"
ak-15,"assault_rifle, kalashnikov_rifle"
ak-47,"assault_rifle, kalashnikov_rifle"
ak-74,"assault_rifle, kalashnikov_rifle, aks-74"
ak-74m,"assault_rifle, kalashnikov_rifle"
akanbe,"eyelid_pull, tongue_out"
akeome,happy_new_year
akm,"assault_rifle, kalashnikov_rifle, akms"
aks-74u,"assault_rifle, kalashnikov_rifle"
alarm_clock,"clock, holding_alarm_clock"
alcohol,"beer, champagne, liquor, sake, soju, tequila, vodka, whiskey, wine"
alien,grey_alien
all-terrain_vehicle,motor_vehicle
all_fours,bear_position
alpaca_ears,animal_ears
alternate_color,"alternate_shiny_pokemon, player_2, shiny_pokemon"
alternate_costume,official_alternate_costume
alternate_hairstyle,"official_alternate_hairstyle, hairstyle_switch"
alternate_skin_color,"darkened_skin, lightened_skin"
alternate_weapon,weapon
amaryllis_(flower),flower
american_flag,"american_flag_print, american_flag_tattoo"
american_flag_bikini,"bikini, american_flag_print, flag_print_bikini"
american_flag_dress,dress
american_flag_gloves,"american_flag_print, print_gloves"
american_flag_jacket,"american_flag_print, print_jacket"
american_flag_kimono,"american_flag_print, print_kimono"
american_flag_pants,"american_flag_print, print_pants"
american_flag_print,"flag_print, american_flag, american_flag_bikini, american_flag_gloves, american_flag_hat, american_flag_jacket, american_flag_kimono, american_flag_pants, american_flag_print_panties, american_flag_shirt, american_flag_skirt"
american_flag_print_panties,"american_flag_print, print_panties"
american_flag_shirt,"shirt, american_flag_print, print_shirt"
american_flag_skirt,"american_flag_print, print_skirt"
american_flag_tattoo,"american_flag, tattoo"
american_football_helmet,helmet
ammunition,"40mm_grenade, artillery_shell, handgun_cartridge, mortar_shell, rifle_cartridge, shotgun_shell, tank_shell"
amputee,"armless_amputee, double_amputee, quadruple_amputee, legless_amputee, triple_amputee"
amrita_(e.g.o),e.g.o_(project_moon)
anal,"anal_fisting, anal_object_insertion, multiple_anal"
anal_beads,"beads, sex_toy"
anal_fisting,"anal, fisting"
anal_object_insertion,"anal, object_insertion, vibrator_in_anus"
anchor_tattoo,tattoo
ancient_greek_clothes,"greco-roman_clothes, apoptygma, chiton, himation, peplos"
anemone_(flower),flower
angel,fallen_angel
angel_leotard,leotard
anger_vein,spoken_anger_vein
angry,furious
anilingus,"female_rimming_male, rusty_trombone, standing_anilingus"
animal,"baby_animal, clothed_animal, dead_animal, oversized_animal, riding_animal, robot_animal, animal_dildo, animal_on_lap, animal_sexualization, spoken_animal, undersized_animal, animal_in_clothes, animal_insertion, animals_kissing, holding_animal, kissed_by_animal, kissing_animal"
animal_bag,"bear_bag, cat_bag, rabbit_bag, shark_bag"
animal_charm,"charm_(object), bear_charm, rabbit_charm"
animal_costume,"bear_costume, cat_costume, cow_costume, dog_costume, dragon_costume, fox_costume, frog_costume, panda_costume, penguin_costume, rabbit_costume, reindeer_costume, shark_costume, sheep_costume, tiger_costume, wolf_costume"
animal_dildo,"animal, dildo, dog_dildo, horse_dildo, knotted_dildo"
animal_ear_hairband,"hairband, fake_animal_ears, bear_ear_hairband, cat_ear_hairband, cow_ear_hairband, dog_ear_hairband, rabbit_ear_hairband, tiger_ear_hairband"
animal_ear_headband,"fake_animal_ears, headband"
animal_ear_headphones,"headphones, fake_animal_ears, bear_ear_headphones, cat_ear_headphones, fox_ear_headphones, rabbit_ear_headphones"
animal_ear_helmet,"helmet, animal_helmet, cat_helmet"
animal_ear_legwear,"cat_ear_legwear, rabbit_ear_legwear"
animal_ears,"cat_ears, dog_ears, fox_ears, tail, colored_inner_animal_ears, fake_animal_ears, bear_ears, bird_ears, cow_ears, deer_ears, horse_ears, lion_ears, mouse_ears, rabbit_ears, raccoon_ears, tiger_ears, wolf_ears"
animal_hands,"cat_paws, dog_paws, paw_gloves, tiger_paws"
animal_hat,"hat, cat_hat, dog_hat, rabbit_hat"
animal_hood,"hood, bear_hood, boar_hood, cat_hood, dog_hood, fox_hood, frog_hood, mouse_hood, orca_hood, panda_hood, penguin_hood, rabbit_hood, reindeer_hood, shark_hood, sheep_hood, tiger_hood"
animal_on_head,"on_head, bird_on_head, cat_on_head, dog_on_head, panda_on_head, rabbit_on_head"
animal_on_lap,"animal, on_lap, cat_on_lap"
animal_on_shoulder,"on_shoulder, bird_on_shoulder, cat_on_shoulder, hamster_on_shoulder, rabbit_on_shoulder, snake_on_shoulder"
animal_penis,"penis, bull_penis, dog_penis, dolphin_penis, horse_penis, knotted_penis, pig_penis, snake_penis"
animal_print,"bat_print, bear_print, bird_print, butterfly_print, cat_print, cow_print, dog_print, fish_print, frog_print, giraffe_print, leopard_print, rabbit_print, spider_print, tiger_print, zebra_print"
animal_pussy,"pussy, dog_pussy, horse_pussy"
animal_sexualization,"animal, zoophilia"
animal_skull,"skull, bird_skull, cow_skull, deer_skull, ram_skull"
animal_slippers,"slippers, bear_slippers, bunny_slippers, cat_slippers, dog_slippers, duck_slippers, panda_slippers, shark_slippers, sheep_slippers"
animalization,person_and_animalization
animals_kissing,"animal, kiss"
animegao,kigurumi
ankh,"ankh_necklace, ankh_tattoo"
ankh_earrings,earrings
ankh_necklace,"necklace, ankh"
ankh_tattoo,"ankh, tattoo"
ankle_flower,flower
ankle_tattoo,tattoo
anklet,"bead_anklet, lifebuoy_anklet, spiked_anklet, jewelry, gold_anklet, silver_anklet"
anna_miller,waitress
anpan,food
antenna_hair,"ahoge, heart_antenna_hair"
antennae,"horns, fake_antennae, moth_antennae"
anthurium,flower
anti-materiel_rifle,"sniper_rifle, barrett_m82, dsr-50, lahti_l-39, lr2a, mcmillan_tac-50, ntw-20, pgm_hecate_ii, ptrd-41, sig_san_511, srs99, steyr_hs_.50, steyr_iws_2000, vychlop_vks/vssk"
anti-tank_grenade,"grenade, bundled_charge, hafthohlladung"
antique_firearm,"gun, arquebus, blunderbuss, firelock"
antique_phone,"candlestick_phone, rotary_phone"
antlers,"deer_antlers, fake_antlers, reindeer_antlers, horns, antler_grab, moose_antlers, single_antler"
anus,"censored_anus, covered_anus, presenting_own_anus, puckered_anus, spread_anus, spreading_another's_anus, anus_peek, spreading_own_anus, tail_anus"
apple,"fruit, apple_core, apple_on_head, apple_slice, arrow_through_apple, bitten_apple, golden_apple, green_apple"
apple_on_head,"apple, fruit_on_head"
applying_makeup,"applying_another's_makeup, applying_lipstick, applying_own_makeup"
applying_manicure,"clipping_fingernails, painting_fingernails"
applying_pedicure,"clipping_toenails, painting_toenails"
apron,"frilled_apron, gingham_apron, lace-trimmed_apron, maid_apron, naked_apron, nearly_naked_apron, plaid_apron, print_apron, striped_apron, waist_apron, apron_lift, heart_apron, kappougi, ribbon-trimmed_apron, tying_apron"
apron_lift,"apron, clothes_lift"
apron_pull,"apron, clothes_pull"
apron_tug,apron
aqua_anus,anus
aqua_apron,apron
aqua_arm_warmers,arm_warmers
aqua_armband,armband
aqua_armor,armor
aqua_armpit_hair,armpit_hair
aqua_ascot,ascot
aqua_assault_visor,assault_visor
aqua_aura,aura
aqua_bag,bag
aqua_ballet_slippers,ballet_slippers
aqua_bandeau,bandeau
aqua_belt,belt
aqua_bikini,bikini
aqua_bird,bird
aqua_bloomers,bloomers
aqua_blush,blush
aqua_bodysuit,bodysuit
aqua_boots,boots
aqua_border,border
aqua_bow,"bow, aqua_bowtie"
aqua_bowtie,"aqua_bow, bowtie"
aqua_bra,bra
aqua_bridal_gauntlets,bridal_gauntlets
aqua_buruma,buruma
aqua_camisole,camisole
aqua_cape,cape
aqua_capelet,capelet
aqua_car,car
aqua_cardigan,cardigan
aqua_cat,cat
aqua_changpao,changpao
aqua_choker,choker
aqua_claws,claws
aqua_cloak,cloak
aqua_coat,coat
aqua_collar,collar
aqua_corset,corset
aqua_crown,crown
aqua_dress,dress
aqua_facepaint,facepaint
aqua_feathers,feathers
aqua_flower,"flower, aqua_rose"
aqua_garter_belt,garter_belt
aqua_garter_straps,garter_straps
aqua_gloves,gloves
aqua_hairband,hairband
aqua_hakama,hakama
aqua_halo,halo
aqua_hat,hat
aqua_headband,headband
aqua_headdress,headdress
aqua_helmet,helmet
aqua_hiphighs,hiphighs
aqua_hood,hood
aqua_hoodie,hoodie
aqua_horns,horns
aqua_horse,horse
aqua_jacket,jacket
aqua_jumpsuit,jumpsuit
aqua_kimono,kimono
aqua_leash,leash
aqua_leg_warmers,leg_warmers
aqua_leotard,leotard
aqua_lineart,lineart
aqua_lips,lips
aqua_liquid,liquid
aqua_loincloth,loincloth
aqua_magic_circle,magic_circle
aqua_male_swimwear,male_swimwear
aqua_male_underwear,male_underwear
aqua_mask,mask
aqua_mittens,mittens
aqua_necktie,necktie
aqua_negligee,negligee
aqua_nose,nose
aqua_one-piece_swimsuit,one-piece_swimsuit
aqua_overalls,overalls
aqua_overskirt,overskirt
aqua_pajamas,pajamas
aqua_panties,panties
aqua_pants,pants
aqua_pantyhose,pantyhose
aqua_pendant,pendant
aqua_penis,penis
aqua_pillow,pillow
aqua_poncho,poncho
aqua_ribbon,ribbon
aqua_robe,robe
aqua_rope,rope
aqua_rose,"aqua_flower, rose"
aqua_sailor_collar,sailor_collar
aqua_sandals,sandals
aqua_santa_costume,santa_costume
aqua_sarong,sarong
aqua_scales,scales
aqua_scarf,scarf
aqua_scrunchie,scrunchie
aqua_serafuku,serafuku
aqua_shawl,shawl
aqua_shirt,shirt
aqua_shoes,shoes
aqua_shorts,shorts
aqua_shrug,shrug_(clothing)
aqua_skirt,skirt
aqua_snake,snake
aqua_socks,socks
aqua_sports_bra,sports_bra
aqua_suit,suit
aqua_sweater,sweater
aqua_sweater_vest,sweater_vest
aqua_tail,tail
aqua_tank_top,tank_top
aqua_testicles,testicles
aqua_thighhighs,thighhighs
aqua_tiara,tiara
aqua_toga,toga
aqua_tongue,tongue
aqua_tube_top,tube_top
aqua_turban,turban
aqua_umbrella,umbrella
aqua_unitard,unitard
aqua_veil,veil
aqua_vest,vest
aqua_wings,wings
aqua_wrist_cuffs,wrist_cuffs
arachne,"monster_girl, spider_girl, taur"
aran_sweater,"sweater, cable_knit"
arcade_stick,"game_controller, joystick"
arch,"arcade_(architecture), floral_arch"
archery,kyuudou
architecture,"east_asian_architecture, gothic_architecture, greco-roman_architecture, mesoamerican_architecture"
argentinian_flag_print,"argentinian_flag, flag_print"
argyle_apron,argyle_clothes
argyle_bikini,argyle_clothes
argyle_bow,"bow, argyle_bowtie"
argyle_bowtie,"argyle_bow, argyle_clothes"
argyle_bra,argyle_clothes
argyle_capelet,argyle_clothes
argyle_cardigan,argyle_clothes
argyle_clothes,"argyle_cape, argyle_coat, argyle_dress, argyle_footwear, argyle_hat, argyle_jacket, argyle_pantyhose, argyle_scarf, argyle_shirt, argyle_skirt, argyle_sleeves, argyle_socks, argyle_sweater, argyle_sweater_vest, argyle_thighhighs"
argyle_coat,"argyle_clothes, coat"
argyle_dress,"dress, argyle_clothes"
argyle_gloves,argyle_clothes
argyle_hairband,argyle_clothes
argyle_kimono,argyle_clothes
argyle_necktie,"argyle_clothes, necktie"
argyle_panties,argyle_clothes
argyle_pants,"argyle_clothes, pants"
argyle_pantyhose,"pantyhose, argyle_clothes"
argyle_scarf,"argyle_clothes, scarf"
argyle_shorts,argyle_clothes
argyle_socks,"socks, argyle_clothes"
argyle_sweater,"sweater, argyle_clothes"
argyle_sweater_vest,"argyle_clothes, sweater_vest"
argyle_thighhighs,"thighhighs, argyle_clothes"
argyle_vest,argyle_clothes
arisaka,"bolt_action, rifle"
arl-44,tank
arm_blade,weapon
arm_cannon,"weapon, dual_arm_cannons"
arm_hair,"sparse_arm_hair, thick_arm_hair"
arm_warmers,"frilled_arm_warmers, striped_arm_warmers, black_arm_warmers, fishnet_arm_warmers, fur-trimmed_arm_warmers, fur_arm_warmers, lace-trimmed_arm_warmers, lace_arm_warmers, mismatched_arm_warmers, pink_arm_warmers, plaid_arm_warmers, print_arm_warmers, purple_arm_warmers, single_arm_warmer, white_arm_warmers"
armband,"frilled_armband, striped_armband, judgement_armband_(toaru), armband_grab, black_armband, blue_armband, checkered_armband, green_armband, pink_armband, print_armband, purple_armband, red_armband, torn_armband, unworn_armband, white_armband, yellow_armband"
armband_grab,"armband, clothes_grab"
armlet,"spiked_armlet, jewelry, bead_armlet, gold_armlet, multiple_armlets, pearl_armlet, silver_armlet, studded_armlet"
armor,"arm_armor, asymmetrical_armor, bikini_armor, body_armor, broken_armor, helmet, chinese_armor, full_armor, fur-trimmed_armor, hip_armor, japanese_armor, knee_armor, leather_armor, leg_armor, no_armor, ornate_armor, plate_armor, power_armor, saiyan_armor, scale_armor, shoulder_armor, spiked_armor, armored_dress, breastplate, chainmail, faulds, greaves"
armored_dress,"dress, armor"
armored_personnel_carrier,"armored_vehicle, motor_vehicle, btr-80"
armored_skirt,skirt
armored_twintails,"armor, twintails"
armpit_hair,armpit_hair_peek
armpits,"cum_on_armpits, sweaty_armpits, tickling_armpits, armpit_focus, presenting_own_armpit, spread_armpit"
arms_behind_back,"box_tie, reverse_prayer"
arowana,fish
arrow_(projectile),"arrow_in_body, arrow_in_mouth, arrow_through_apple, hamaya, heart_arrow, holding_arrow, planted_arrow"
arrow_(symbol),"arrow_tattoo, recycling_symbol"
arrow_hair_ornament,arrow_symbol_hair_ornament
arrow_in_body,"arrow_(projectile), arrow_in_arm, arrow_in_head"
arrow_in_head,"arrow_in_body, object_through_head"
arrow_in_mouth,"arrow_(projectile), mouth_hold"
arrow_tattoo,"arrow_(symbol), tattoo"
arrow_through_apple,"apple, arrow_(projectile)"
art_tool_censor,"art_tools_in_frame, censored"
arthropod_boy,"bee_boy, beetle_boy, butterfly_boy, centipede_boy, crab_boy, moth_boy, spider_boy"
arthropod_girl,"ant_girl, bee_girl, beetle_girl, butterfly_girl, caterpillar_girl, centipede_girl, cockroach_girl, crab_girl, mantis_girl, millipede_girl, mosquito_girl, moth_girl, scorpion_girl, spider_girl, wasp_girl"
artistic_error,"bad_reflection, wrong_foot, wrong_hand"
as_val,assault_rifle
ascot,"frilled_ascot, ascot_between_breasts, black_ascot, blue_ascot, checkered_ascot, naked_ascot, plaid_ascot, print_ascot, purple_ascot, red_ascot, striped_ascot, torn_ascot, undone_ascot, white_ascot, yellow_ascot"
ascot_between_breasts,"breasts, ascot, clothes_between_breasts"
asian_indian_clothes,sari
asphyxiation,"choking_on_object, drowning"
ass,"bouncing_ass, bulge_to_ass, bursting_ass, covering_ass, cum_in_ass, cum_on_ass, alternate_ass_size_(larger), ass_peek, ass_press, ass_ripple, ass_smack, ass_support, face_in_ass, flat_ass, hand_on_another's_ass, hand_on_own_ass, hands_on_another's_ass, hands_on_own_ass, head_on_ass, huge_ass, mole_on_ass, penis_on_ass, presenting_own_ass, spread_ass, spreading_own_ass, ass_focus"
ass_cutout,clothing_cutout
ass_on_glass,"against_glass, ass_press"
ass_press,"ass, ass_on_glass"
ass_shake,twerking
assault_rifle,"rifle, ak-12, ak-47, ak-74, akm, an-94, em-2, famas, fn_scar, h&k_g11, h&k_hk416, howa_type_89, l85, m16, m4_carbine, sig_556"
assisted_exposure,pantsing
assless_swimsuit,swimsuit
asymmetrical_clothes,"asymmetrical_coat, single_pantsleg"
asymmetrical_coat,"asymmetrical_clothes, coat"
asymmetrical_dress,dress
asymmetrical_footwear,"mismatched_footwear, uneven_footwear"
asymmetrical_legwear,"mismatched_legwear, uneven_legwear"
asymmetrical_sleeves,"mismatched_sleeves, uneven_sleeves"
atari_2600,game_console
atari_jaguar,game_console
attack_helicopter,"helicopter, military_vehicle, ah-1_cobra, ah-1z_viper, ah-64_apache, kamov_ka-50, kamov_ka-52, mi-24, mi-28"
attacking_viewer,"kicking_viewer, punching_viewer, stabbing_viewer"
attribute_slider,breast_slider
aura,dark_aura
australian_flag_bikini,"australian_flag_print, flag_print_bikini"
australian_flag_print,"australian_flag, flag_print, australian_flag_bikini"
autocannon,"cannon, bofors_40_mm_gun"
autocunnilingus,"cunnilingus, masturbation"
autofacial,"cum_on_self, facial"
autofellatio,"fellatio, masturbation"
autopaizuri,"masturbation, paizuri"
axe,"battle_axe, blood_on_axe, double-sided_axe, fire_axe, hatchet_(axe), holding_axe, minecraft_axe, planted_axe, tomahawk"
azalea_(flower),flower
azure_flute,flute
azure_hypnocatrice_(armor),hypnocatrice_(armor)
b&t_mp9,submachine_gun
baby_animal,"animal, bear_cub, calf_(animal), chick, duckling, fawn, fox_cub, kitten, lamb, lion_cub, panda_cub, penguin_chick, piglet, puppy, tiger_cub, wolf_cub"
babydoll,"frilled_babydoll, see-through_babydoll, aqua_babydoll, black_babydoll, blue_babydoll, brown_babydoll, cupless_babydoll, green_babydoll, grey_babydoll, pink_babydoll, purple_babydoll, red_babydoll, ribbon-trimmed_babydoll, white_babydoll, yellow_babydoll"
back,"arm_around_another's_back, arm_held_back, arms_around_another's_back, bangs_pinned_back, bare_back, bent_back, back_cover, back_tattoo, breasts_on_another's_back, cum_on_back, facing_back, gun_on_back, hair_pulled_back, hair_slicked_back, hand_on_another's_back, hands_on_another's_back, hat_on_back, head_back, instrument_case_on_back, scar_on_back, shield_on_back, sidelocks_tied_back, sway_back, sword_on_back, weapon_on_back, back_focus"
back_cover,"back, cover"
back_pain,pain
back_tattoo,"tattoo, back, tramp_stamp"
backboob,"breasts, far_side_backboob"
backless_dress,"dress, backless_outfit"
backpack,"bag, randoseru, unworn_backpack"
backpacking_stove,portable_stove
backward-facing_horns,horns
bacon,food
bad_anatomy,"bad_ass, bad_face, bad_hands, bad_leg, bad_neck, bad_vulva"
bad_reflection,"artistic_error, reflection"
badge,"button_badge, police_badge, sheriff_badge, badge_(pokemon), character_badge, fukutaichou_badge, holding_badge"
bag,"backpack, bagged_fish, duffel_bag, handbag, holding_bag, in_bag, kindergarten_bag, paper_bag, plastic_bag, satchel, school_bag, shopping_bag, shoulder_bag, tote_bag, unworn_bag"
bagged_fish,"fish, bag"
bagpipes,instrument
bagua,trigram
balalaika_(instrument),instrument
bald,bald_female
ball,"american_football_(object), ball_insertion, baseball_(object), basketball_(object), beachball, billiard_ball, bowling_ball, exercise_ball, golf_ball, holding_ball, soccer_ball, table_tennis_ball, temari_ball, tennis_ball, volleyball_(object)"
ball_and_chain_(weapon),"weapon, spiked_ball_and_chain"
ball_busting,"cbt, dildo_ball_busting, self_ball_busting"
ball_insertion,"ball, unusual_insertion, poke_ball_insertion"
balljob,testicles
balloon,"heart_balloon, holding_balloon"
bamboo_forest,"bamboo, forest"
bamboo_shoot,holding_bamboo_shoot
banana,"fruit, banana_slice"
banana_hair_ornament,food-themed_hair_ornament
band_shirt,"shirt, merchandise"
bandages,"bandage_on_face, bandaged_arm, bandaged_fingers, bandaged_foot, bandaged_hand, bandaged_head, bandaged_leg, bandaged_neck, bandaged_wrist, bandages_over_eyes, blood_on_bandages, holding_bandages, naked_bandage"
bandaid,"bandaid_hair_ornament, bandaid_on_arm, bandaid_on_ass, bandaid_on_breast, bandaid_on_clothes, bandaid_on_face, bandaid_on_foot, bandaid_on_hand, bandaid_on_head, bandaid_on_leg, bandaid_on_neck, bandaid_on_pussy, bandaid_on_shoulder, bandaids_on_nipples, holding_bandaid"
bandaid_hair_ornament,"hair_ornament, bandaid"
bandaid_on_anus,bandaid
bandaid_on_face,"bandaid, bandaid_on_cheek, bandaid_on_forehead, bandaid_on_nose"
bandaid_on_forehead,"forehead, bandaid_on_face"
bandaid_on_hand,"bandaid, bandaid_on_finger"
bandaid_on_head,"on_head, bandaid"
bandaid_on_leg,"bandaid, bandaid_on_knee, bandaid_on_thigh"
bandaid_on_nose,"nose, bandaid_on_face"
bandaid_on_pussy,"pussy, bandaid"
bandaid_on_shoulder,"on_shoulder, bandaid"
bandaids_on_nipples,"nipples, bandaid, pasties"
bandana,"print_bandana, aqua_bandana, bandana_around_neck, bandana_over_mouth, black_bandana, blue_bandana, brown_bandana, green_bandana, grey_bandana, orange_bandana, pink_bandana, purple_bandana, red_bandana, white_bandana, yellow_bandana"
bandeau,"bandeau_lift, bandeau_pull, black_bandeau, blue_bandeau, brown_bandeau, green_bandeau, grey_bandeau, off-shoulder_bandeau, orange_bandeau, pink_bandeau, purple_bandeau, red_bandeau, striped_bandeau, white_bandeau, yellow_bandeau"
bandeau_lift,"bandeau, clothes_lift"
bandeau_pull,"bandeau, clothes_pull"
banjo,instrument
banknote,"money, currency_strap, dollar_bill, high_denomination_banknote"
banner,"holding_banner, nobori, sashimono, war_banner"
baozi_hair_ornament,food-themed_hair_ornament
barcode_tattoo,"tattoo, barcode"
bardiche_(weapon),polearm
barrel,holding_barrel
baseball_bat,"holding_baseball_bat, metal_baseball_bat, nail_bat"
baseball_jersey,jersey
baseball_uniform,"satogahama_baseball_uniform, sportswear"
basket,"holding_basket, in_basket"
bass_flute,instrument
bass_guitar,"instrument, 5-string_bass_guitar, ax_bass, extended_range_bass_guitar, fender_jazz_bass, fender_precision_bass, gibson_sg_(bass), gibson_thunderbird, holding_bass_guitar, music_man_stingray, pj_bass, playing_bass_guitar, rickenbacker_4001, yamaha_attitude, yamaha_broadbass, yamaha_trb"
bassoon,instrument
bat_earrings,earrings
bat_ears,animal_ears
bat_tattoo,tattoo
bath,"bath_of_blood, bubble_bath, ofuro"
bath_of_blood,"bath, blood"
bathtub,"claw_foot_bathtub, slipper_bathtub, transparent_bathtub"
baton_(weapon),"weapon, expandable_baton, holding_baton_(weapon)"
battle,"aerial_battle, group_battle, naval_battle"
battle_axe,"axe, weapon"
battle_rifle,"rifle, ar-10, br55, fedorov_avtomat, fg42, fn_fal, h&k_g3, h&k_hk417, howa_type_64, m14, m392_marksman"
battle_standard,"war_banner, war_flag"
bayonet,weapon
bdsm,"bondage, cbt"
beach,nude_beach
beach_volleyball,volleyball_(sport)
beachball,"ball, holding_beachball, watermelon_beachball"
bead_anklet,"anklet, beads"
bead_bracelet,"bracelet, beads"
bead_choker,"choker, beads"
bead_necklace,"necklace, beads"
beads,"anal_beads, hair_beads, prayer_beads, bead_anklet, bead_bracelet, bead_choker, bead_necklace"
beak_(e.g.o),e.g.o_(project_moon)
bean_bag_chair,muji_body_fitting_sofa
beanie,"earflap_beanie, pom_pom_beanie, hat"
bear,"polar_bear, bear_paws, bear_trap, bear_cub"
bear_cub,"baby_animal, bear"
bear_ear_hairband,"animal_ear_hairband, bear_ears"
bear_ear_headphones,"animal_ear_headphones, bear_ears"
bear_ears,"animal_ears, bear_ear_hairband, bear_ear_headphones"
bear_mask,mask
bear_print,"animal_print, bear_print_panties, panda_print"
bear_print_panties,"panties, print_panties, bear_print"
beard,"braided_beard, chinstrap_beard, connected_beard, fake_beard, full_beard, long_beard, beard_stubble, thick_beard, very_long_beard, facial_hair, tied_beard"
beard_stubble,"stubble, beard"
beast_ball,poke_ball
beaver_ears,animal_ears
beaver_tail,tail
bed,"bunk_bed, canopy_bed, hospital_bed"
bed_sheet,"holding_sheet, naked_sheet"
being_called_an_idiot_by_your_wife,multiple_drawing_challenge
bell,"hair_bell, hat_bell, jingle_bell, neck_bell, tail_bell, bell_pepper, bell_earrings, cowbell, holding_bell"
bell-bottoms,pants
bell_earrings,"earrings, bell"
bell_pepper,"bell, bell_pepper_slice, green_bell_pepper"
bellflower,"flower, chinese_bellflower"
belly,"big_belly, pinching_another's_belly, pinching_own_belly, belly_rub"
belly_chain,"jewelry, o-ring_belly_chain"
belt,"sash, ammunition_belt, arm_belt, chain_belt, championship_belt, chastity_belt, belt_buckle, chest_belt, condom_belt, garter_belt, hair_belt, hat_belt, high-waist_belt, lace-trimmed_garter_belt, leather_belt, leg_belt, loose_belt, martial_arts_belt, metal_belt, o-ring_belt, open_belt, panties_over_garter_belt, rider_belt, rope_belt, sam_browne_belt, shoulder_belt, skull_belt, spiked_belt, striped_belt, studded_belt, tail_belt, thigh_belt, tool_belt, unworn_belt, utility_belt, wrist_belt, bandolier, belt_skirt, multiple_belts, naked_belt"
belt_buckle,"buckle, belt"
belt_skirt,"skirt, belt"
belue_berry,berry_(pokemon)
ben-day_dots,screentones
bench,"park_bench, wooden_bench"
beretta_93r,handgun
beretta_ar70/90,assault_rifle
beretta_m12,submachine_gun
beretta_model_38,submachine_gun
beretta_px4,handgun
berry_(pokemon),"aspear_berry, bluk_berry, cheri_berry, chesto_berry, grepa_berry, leppa_berry, lum_berry, nanab_berry, oran_berry, pecha_berry, pinap_berry, rawst_berry, razz_berry, sitrus_berry, tamato_berry"
berserker_armor,armor
between_breasts,"breasts, arm_between_breasts, card_between_breasts, clothes_between_breasts, head_between_breasts, hose_between_breasts, strap_between_breasts, weapon_between_breasts"
between_fingers,"knives_between_fingers, ofuda_between_fingers, holding, card_between_fingers, needles_between_fingers"
between_legs,"cat_between_legs, hand_between_own_legs, tail_between_legs"
between_pectorals,"pectorals, head_between_pecs, necktie_between_pectorals, pecjob"
between_toes,"toes, fingers_between_toes"
bib,frilled_bib
bicorne,hat
bicycle,"bmx_bike, cruiser_bicycle, folding_bicycle, mountain_bicycle, on_bicycle, penny-farthing, pushing_bicycle, recumbent_bicycle, road_bicycle, tandem_bicycle"
bicycle_helmet,helmet
bike_shorts,"shorts, bike_shorts_under_shorts, torn_bike_shorts, bike_shorts_pull, bike_shorts_under_skirt, panties_over_bike_shorts, panties_under_bike_shorts, striped_bike_shorts"
bike_shorts_pull,"shorts_pull, bike_shorts"
bike_shorts_under_skirt,"skirt, shorts_under_skirt, bike_shorts"
bikesuit,"biker_clothes, bodysuit"
bikini,"american_flag_bikini, bow_bikini, camouflage_bikini, checkered_bikini, one-piece_swimsuit, swimsuit, bikini_bottom_only, bikini_tug, cow_print_bikini, cross-laced_bikini, cupless_bikini, eyepatch_bikini, flag_print_bikini, floral_print_bikini, frilled_bikini, fur-trimmed_bikini, fur_bikini, german_flag_bikini, highleg_bikini, lace-trimmed_bikini, layered_bikini, leopard_print_bikini, loose_bikini, lowleg_bikini, maid_bikini, micro_bikini, miku_collar_bikini, mismatched_bikini, multi-strapped_bikini_bottom, o-ring_bikini, off-shoulder_bikini, plaid_bikini, polka_dot_bikini, print_bikini, ribbon-trimmed_bikini, ruffle_bikini, sailor_bikini, santa_bikini, see-through_bikini, shell_bikini, side-tie_bikini_bottom, sports_bikini, star_print_bikini, strapless_bikini, string_bikini, striped_bikini, thong_bikini, torn_bikini, undone_bikini, untied_bikini_bottom, unworn_bikini, unworn_bikini_bottom, vertical-striped_bikini, zipper_bikini, bikini_bottom_aside, bikini_skirt, bikini_top_only, bikini_under_clothes, front-tie_bikini_top"
bikini_bottom_aside,"bikini, clothing_aside"
bikini_bottom_lift,bikini
bikini_bottom_pull,"bikini, clothes_pull"
bikini_bottom_under_shorts,"shorts, bikini_under_clothes"
bikini_jeans,"jeans, lowleg_pants"
bikini_shorts,"shorts, bikini"
bikini_skirt,"skirt, bikini"
bikini_tan,"tan, tanlines"
bikini_top_aside,bikini
bikini_top_lift,"bikini, clothes_lift"
bikini_top_pull,"bikini, clothes_pull"
bikini_top_under_shirt,"shirt, bikini_under_clothes"
bikini_under_clothes,"bikini, bikini_bottom_under_shorts, bikini_top_under_shirt"
bikini_under_skirt,skirt
binaural_microphone,"microphone, neumann_ku_100"
binds_(e.g.o),e.g.o_(project_moon)
biplane,"airplane, fairey_swordfish"
bird,"simple_bird, stuffed_bird, bird_on_hand, bird_on_head, bird_on_shoulder, chick, chicken, crow, dove, duck, eagle, owl, parrot, penguin, pigeon, seagull, sparrow"
bird's_eye_view,from_above
bird_of_paradise_flower,flower
bird_on_arm,"animal_on_arm, bird"
bird_on_head,"on_head, animal_on_head, bird"
bird_on_shoulder,"on_shoulder, animal_on_shoulder, bird"
bird_tattoo,tattoo
biretta,hat
birthmark,joestar_birthmark
bite_mark,"bite_mark_on_arm, bite_mark_on_ass, bite_mark_on_back, bite_mark_on_breast, bite_mark_on_ear, bite_mark_on_face, bite_mark_on_hand, bite_mark_on_neck, bite_mark_on_shoulder, bite_mark_on_stomach, bite_mark_on_thigh"
bite_mark_on_shoulder,"on_shoulder, bite_mark"
biting,"biting_another's_finger, biting_another's_hand, biting_another's_tail, biting_breast, biting_cheek, biting_clothes, biting_ear, biting_glove, biting_head, biting_neck, biting_nipple, biting_own_finger, biting_own_tail, biting_penis, nail_biting"
biting_another's_arm,biting
biting_another's_lip,biting
biting_another's_tail,"biting, tail"
biting_another's_tongue,biting
biting_antenna,biting
biting_ass,biting
biting_glove,"biting, gloves"
biting_hat,biting
biting_nipple,"biting, nipple_stimulation"
biting_own_arm,biting
biting_own_finger,"biting, biting_own_thumb"
biting_own_tail,"biting, tail"
biting_penis,"biting, biting_foreskin"
biting_sheet,biting
biting_testicles,"biting, testicles"
bitten_apple,"apple, food_bite"
black_ankle_cuffs,ankle_cuffs
black_ankleband,ankleband
black_apple,apple
black_apron,apron
black_arm_garter,arm_garter
black_armlet,armlet
black_armor,armor
black_assault_visor,assault_visor
black_bag,bag
black_bandages,bandages
black_bat_costume,bat_costume
black_bathrobe,bathrobe
black_beak,beak
black_bear,bear
black_beard,beard
black_belt,belt
black_bike_shorts,bike_shorts
black_bikini,bikini
black_bird,bird
black_blanket,blanket
black_bodice,bodice
black_bodystocking,bodystocking
black_bodysuit,bodysuit
black_bolo_tie,bolo_tie
black_boots,boots
black_bow,"bow, black_bowtie"
black_bowtie,"black_bow, bowtie"
black_box,box
black_bra,bra
black_bracer,bracer
black_carapace,carapace
black_cardigan,cardigan
black_carnation,carnation
black_carpet,carpet
black_cat_clothes_(zelda),cat_clothes_(zelda)
black_cat_day,cat_day
black_chaps,chaps
black_choker,choker
black_circle,circle
black_claws,claws
black_coat,coat
black_coif,coif
black_credit_card,credit_card
black_cuff_links,cuff_links
black_culottes,culottes
black_dougi,dougi
black_dragon,dragon
black_dress,dress
black_duck,duck
black_facepaint,facepaint
black_feather_boa,feather_boa
black_feet,feet
black_fish,fish
black_flower,"flower, black_rose, black_tulip"
black_forest_cake,cake
black_friday,friday
black_gauntlets,gauntlets
black_gloves,gloves
black_goldfish,goldfish
black_gorget,gorget
black_gown,gown
black_grass,grass
black_gravios_(armor),gravios_(armor)
black_hair_bonnet,hair_bonnet
black_hairband,hairband
black_halo,halo
black_hammer,hammer
black_hat,hat
black_headdress,headdress
black_helm,helm
black_helmet,helmet
black_hole,hole
black_hood,hood
black_hoodie,hoodie
black_hornbill,hornbill
black_horns,horns
black_horse,horse
black_jacket,jacket
black_jeogori,jeogori
black_jersey,jersey
black_kimono,kimono
black_lace_trim,lace_trim
black_leash,leash
black_leotard,leotard
black_lightning,lightning
black_lightsaber,lightsaber
black_lips,lips
black_liquid,liquid
black_loincloth,loincloth
black_lotus,lotus
black_market,market
black_mask,mask
black_materia,materia
black_necktie,necktie
black_nose,nose
black_one-piece_swimsuit,one-piece_swimsuit
black_oni,oni
black_overskirt,overskirt
black_pajamas,pajamas
black_pansy,pansy
black_panties,panties
black_pants,pants
black_pantyhose,pantyhose
black_pearl,pearl
black_poncho,poncho
black_pudding,pudding
black_pussy,pussy
black_rain,rain
black_raincoat,raincoat
black_ribbon,ribbon
black_rose,"black_flower, rose"
black_rukh_(magi),rukh_(magi)
black_saliva,saliva
black_sand,sand
black_scales,scales
black_scapular,scapular
black_scarf,scarf
black_sea_bass,sea_bass
black_sheep,sheep
black_shirt,shirt
black_shorts,shorts
black_singlet,singlet
black_skirt,skirt
black_skull,skull
black_smoke,smoke
black_snake,snake
black_soccer_ball,soccer_ball
black_socks,socks
black_spider_lily,spider_lily
black_sun,sun
black_surgical_mask,surgical_mask
black_swan_(e.g.o),e.g.o_(project_moon)
black_sweater,sweater
black_swim_trunks,swim_trunks
black_tail,tail
black_tailcoat,tailcoat
black_tears,tears
black_thighhighs,thighhighs
black_thighlet,thighlet
black_thong,thong
black_tongue,tongue
black_tulip,"black_flower, tulip"
black_umbrella,umbrella
black_undershirt,undershirt
black_unitard,unitard
black_vest,vest
black_wings,wings
blackberry_hair_ornament,food-themed_hair_ornament
blackjack_table,table
blanket,"holding_blanket, plaid_blanket, quilt"
blaser_r93,"bolt_action, sniper_rifle"
blazer,"jacket, coat, unworn_blazer"
blind_rage_(e.g.o),e.g.o_(project_moon)
blindfold,"colored_blindfold, no_blindfold, blindfold_mask, blindfold_lift, blindfold_slip"
blindfold_mask,"mask, blindfold, half_blindfold_mask"
blonde_armpit_hair,armpit_hair
blonde_beard,beard
blood,"colored_blood, pool_of_blood, wiping_blood, blood_drip, blood_on_ground, blood_on_wall, blood_splatter, blood_spray, blood_stain, iron_blood_(emblem), bleeding, blood_from_eyes, blood_from_mouth, blood_in_hair, blood_on_arm, blood_on_clothes, blood_on_face, blood_on_hand, blood_on_knife, blood_on_weapon, nosebleed"
blood_bag,blood
blood_drop,blood
blood_from_forehead,"forehead, blood"
blood_from_mouth,"blood, spitting_blood"
blood_halo,"halo, blood, liquid_halo"
blood_in_mouth,blood
blood_on_axe,"axe, blood"
blood_on_bandages,"bandages, blood"
blood_on_breasts,"breasts, blood"
blood_on_chest,blood
blood_on_clothes,"blood, blood_on_dress"
blood_on_dress,"blood_on_clothes, dress"
blood_on_eyewear,blood
blood_on_feet,blood
blood_on_knife,"blood, knife"
blood_on_leg,blood
blood_on_mouth,blood
blood_on_neck,blood
blood_on_panties,"blood, panties"
blood_on_teeth,"blood, teeth"
blood_on_weapon,"blood, weapon"
blood_writing,blood
bloody_handprints,handprint
bloody_wings,"blood, wings"
bloomers,"black_bloomers, bloomers_around_one_leg, bloomers_on_head, bloomers_pull, bow_bloomers, crotchless_bloomers, holding_bloomers, panties_under_bloomers, pink_bloomers, polka_dot_bloomers, print_bloomers, ribbon-trimmed_bloomers, unworn_bloomers, wet_bloomers, white_bloomers"
bloomers_on_head,"bloomers, object_on_head"
blouse,"shirt, t-shirt, unworn_blouse"
blue_ankle_cuffs,ankle_cuffs
blue_ankleband,ankleband
blue_anklet,anklet
blue_anus,anus
blue_apple,apple
blue_apron,apron
blue_arm_garter,arm_garter
blue_arm_warmers,arm_warmers
blue_armlet,armlet
blue_armor,armor
blue_armpit_hair,armpit_hair
blue_assault_visor,assault_visor
blue_aura,aura
blue_bag,bag
blue_bandages,bandages
blue_bathrobe,bathrobe
blue_beak,beak
blue_belt,belt
blue_bike_shorts,bike_shorts
blue_bikini,bikini
blue_bird,bird
blue_bloomers,bloomers
blue_blush,blush
blue_bodice,bodice
blue_bodysuit,bodysuit
blue_bone,bone
blue_boots,boots
blue_bow,"bow, blue_bowtie"
blue_bowtie,"blue_bow, bowtie"
blue_bra,bra
blue_camisole,camisole
blue_capelet,capelet
blue_carapace,carapace
blue_cardigan,cardigan
blue_carnation,carnation
blue_carpet,carpet
blue_cat,cat
blue_chaps,chaps
blue_checkmark,checkmark
blue_cheese,cheese
blue_cherry,cherry
blue_chicken,chicken
blue_choker,choker
blue_circle,circle
blue_claws,claws
blue_coat,coat
blue_coif,coif
blue_crab,crab
blue_culottes,culottes
blue_dog,dog
blue_dougi,dougi
blue_dress,dress
blue_epaulettes,epaulettes
blue_facepaint,facepaint
blue_feather_boa,feather_boa
blue_flag,flag
blue_flower,"flower, blue_pansy, blue_rose, blue_spider_lily, blue_tulip"
blue_gakuran,gakuran
blue_garter_belt,garter_belt
blue_gerbera,gerbera
blue_gloves,gloves
blue_grass,grass
blue_hairband,hairband
blue_halo,halo
blue_hat,hat
blue_hawaii,hawaii
blue_headdress,headdress
blue_helmet,helmet
blue_hood,hood
blue_hoodie,hoodie
blue_horns,horns
blue_horse,horse
blue_icing,icing
blue_ink,ink
blue_jacket,jacket
blue_jeogori,jeogori
blue_jingasa,jingasa
blue_kimono,kimono
blue_lagoon,lagoon
blue_leaf,leaf
blue_leotard,leotard
blue_lineart,lineart
blue_lingerie,lingerie
blue_lips,lips
blue_liquid,liquid
blue_loincloth,loincloth
blue_long_sword,long_sword
blue_lotus,lotus
blue_male_underwear,male_underwear
blue_mask,mask
blue_mussel,mussel
blue_necktie,necktie
blue_nose,nose
blue_overskirt,overskirt
blue_paint,paint
blue_pajamas,pajamas
blue_pansy,"blue_flower, pansy"
blue_pantaloons,pantaloons
blue_panties,panties
blue_pants,pants
blue_pantyhose,pantyhose
blue_parka,parka
blue_pearl_(steven_universe)_(cosplay),pearl_(steven_universe)_(cosplay)
blue_pendant,pendant
blue_penis,penis
blue_pill,pill
blue_pillow,pillow
blue_plume,plume
blue_poncho,poncho
blue_potion,potion
blue_ribbon,ribbon
blue_ring,ring
blue_rose,"blue_flower, rose"
blue_sandals,sandals
blue_scales,scales
blue_scarf,scarf
blue_sex_toy,sex_toy
blue_shark,shark
blue_shirt,shirt
blue_shoes,shoes
blue_shorts,shorts
blue_skirt,skirt
blue_snake,snake
blue_socks,socks
blue_spider_lily,"blue_flower, spider_lily"
blue_spine,spine
blue_sponge,sponge
blue_strap,strap
blue_string,string
blue_surcoat,surcoat
blue_sweater,sweater
blue_swim_cap,swim_cap
blue_swim_trunks,swim_trunks
blue_sword,sword
blue_tail,tail
blue_tailcoat,tailcoat
blue_tattoo,tattoo
blue_tears,tears
blue_thighhighs,thighhighs
blue_thighlet,thighlet
blue_tiara,tiara
blue_tulip,"blue_flower, tulip"
blue_umbrella,umbrella
blue_unitard,unitard
blue_vest,vest
blue_whale,whale
blue_wildebeest,wildebeest
blue_wings,wings
blue_yuanlingpao,yuanlingpao
blueberry_hair_ornament,food-themed_hair_ornament
bluebird,bird
blunt_bangs,"parted_bangs, swept_bangs"
blurry,"blurry_background, blurry_edges, blurry_foreground, depth_of_field"
blush,"ear_blush, full-face_blush, nose_blush"
blush_stickers,single_blush_sticker
bmw_3_series,"bmw_e30, bmw_e36, bmw_e46, bmw_m3"
boar_costume,animal_costume
boar_ears,animal_ears
board_game,"chess, go_(board_game), reversi, shogi"
boat,"watercraft, on_boat, rowboat, sailboat, tugboat"
bob_cut,inverted_bob
body_freckles,"freckles, arm_freckles, ass_freckles, back_freckles, breast_freckles, chest_freckles, shoulder_freckles, thigh_freckles"
body_switch,personality_switch
bodypaint,"naked_paint, painted_clothes"
bodystocking,"fishnet_bodystocking, torn_bodystocking, bodystocking_only, see-through_bodystocking"
bodysuit,"leotard, armored_bodysuit, backless_bodysuit, collared_bodysuit, hooded_bodysuit, impossible_bodysuit, latex_bodysuit, open_bodysuit, print_bodysuit, ribbed_bodysuit, see-through_bodysuit, sleeveless_bodysuit, taut_bodysuit, torn_bodysuit, turtleneck_bodysuit, bikesuit, bodysuit_pull, bodysuit_under_clothes, wetsuit"
bolt_action,"gun, ai_arctic_warfare, arisaka, carcano, cheytac_m200, dsr-50, lee-enfield, m1903_springfield, mauser_98, mosin-nagant, p14_enfield, pgm_hecate_ii, ptrd-41, steyr_iws_2000, sv-98, welrod"
bolter,weapon
bomb,"explosive, holding_bomb, pipe_bomb, time_bomb"
bomber,"airplane, military_vehicle, dive_bomber, ju_87, torpedo_bomber"
bondage,"bdsm, bound, crotch_rope, frogtie, predicament_bondage"
bone-shaped_pupils,symbol-shaped_pupils
bonnet,"frilled_bonnet, aqua_bonnet, black_bonnet, blue_bonnet, brown_bonnet, green_bonnet, grey_bonnet, orange_bonnet, pink_bonnet, purple_bonnet, red_bonnet, white_bonnet, yellow_bonnet"
book,"book_focus, book_on_head, book_on_lap, book_stack, cookbook, floating_book, grimoire, holding_book, on_book, open_book, picture_book, pile_of_books, sitting_on_book, textbook, too_many_books"
book_on_head,"on_head, book, object_on_head"
book_to_mouth,book
bookmark,holding_bookmark
boonie_hat,hat
boots,"ankle_boots, high_heels, loafers, sandals, shoes, sneakers, armored_boots, belt_boots, combat_boots, cowboy_boots, fold-over_boots, frilled_boots, fur-trimmed_boots, fur_boots, high_heel_boots, knee_boots, lace-up_boots, latex_boots, leather_boots, open-toe_boots, platform_boots, pointy_boots, print_boots, rubber_boots, spiked_boots, thigh_boots, thighhighs_under_boots, unworn_boots, winged_boots"
borchardt_c-93,handgun
border,"black_border, blue_border, brown_border, fading_border, green_border, grey_border, ornate_border, pink_border, plaid_border, purple_border, red_border, round_border, transparent_border, white_border, yellow_border"
bottle,"baby_bottle, beer_bottle, holding_bottle, in_bottle, milk_bottle, perfume_bottle, sake_bottle, soda_bottle, sports_bottle, spray_bottle, water_bottle, wine_bottle"
bougainvillea_(flower),flower
bound,"bondage, bound_arms, bound_calves, bound_feet, bound_fingers, bound_knees, bound_legs, bound_thighs, bound_toes, bound_torso, bound_wings, bound_wrists, ribbon_bondage, tape_bondage, tied_up_(nonsexual)"
bound_legs,"legs, bound"
bound_thighs,"thighs, bound"
bound_toes,"toes, bound"
bow,"ankle_bow, argyle_bow, back_bow, checkered_bow, hair_bow, ribbon, bow_(music), chest_bow, diagonal-striped_bow, dress_bow, ear_bow, footwear_bow, frilled_bow, glove_bow, hat_bow, horn_bow, huge_bow, lace-trimmed_bow, large_bow, plaid_bow, polka_dot_bow, print_bow, ribbon-trimmed_bow, scarf_bow, shirt_bow, skirt_bow, sleeve_bow, striped_bow, tail_bow, thigh_bow, waist_bow, wrist_bow, bow_bra, bow_panties, bowtie"
bow_(music),"bow, holding_bow_(music)"
bow_(weapon),"weapon, compound_bow, holding_bow_(weapon), ice_bow, yumi_(bow)"
bow_bikini,"bikini, bow"
bow_bloomers,"bloomers, bow"
bow_bra,"bra, bow"
bow_choker,"choker, bow"
bow_earrings,"earrings, bow"
bow_panties,"panties, bow"
bowed_wings,wings
bowing,ojigi_(bowing)
bowl,"bowl_hat, glass_bowl, holding_bowl, pet_bowl, rice_bowl"
bowl_hat,"hat, bowl"
bowtie,"checkered_bowtie, diagonal-striped_bowtie, loose_bowtie, necktie, plaid_bowtie, polka_dot_bowtie, print_bowtie, striped_bowtie, traditional_bowtie, undone_bowtie, unworn_bowtie, bow, black_bowtie, blue_bowtie, pink_bowtie, purple_bowtie, red_bowtie, white_bowtie"
box,"box_of_chocolates, cardboard_box, dick_in_a_box, donation_box, gift_box, heart-shaped_box, holding_box, in_box, mikan_box, on_box"
box_art,fake_box_art
box_grater,grater
br55,"battle_rifle, bullpup"
bra,"adjusting_bra, belt_bra, bow_bra, cupless_bra, panties, underwear, bra_peek, bra_strap, embroidered_bra, floral_print_bra, frilled_bra, front-fastening_bra, front-hook_bra, front-tie_bra, lace-trimmed_bra, lace_bra, leopard_print_bra, micro_bra, no_bra, open_bra, organic_bra, plaid_bra, polka_dot_bra, print_bra, removing_bra, ribbon-trimmed_bra, ribbon_as_bra, see-through_bra, sports_bra, strapless_bra, string_bra, striped_bra, torn_bra, training_bra, unworn_bra, vertical-striped_bra, bra_lift, bra_pull"
bra_lift,"sports_bra_lift, bra, clothes_lift"
bra_on_head,"bra, object_on_head"
bra_pull,"bra, clothes_pull"
bracelet,"bead_bracelet, chain_bracelet, earrings, flower_bracelet, necklace, pearl_bracelet, spiked_bracelet, studded_bracelet, jewelry, bangle, fur_bracelet, gold_bracelet, heart_bracelet, leaf_bracelet, multiple_bracelets, silver_bracelet, star_bracelet"
braid,"crown_braid, half_crown_braid, half_up_braid, nape_braid, single_braid, twintails, half_up_half_down_braid, ribbon_in_braid, short_braid, side_braid, very_long_braid, braided_bangs, braided_base, braided_bun, braided_hair_rings, braided_ponytail, braided_twintails, low-braided_long_hair, multiple_braids, side_braids, twin_braids"
braided_base,"braid, bun_with_braided_base, horn_with_braided_base, ponytail_with_braided_base, side_ponytail_with_braided_base, twintails_with_braided_base, two_side_up_with_braided_base"
braided_beard,"beard, braid, facial_hair"
braided_bun,"braid, hair_bun"
braided_hair_rings,"hair_rings, braid"
braided_sidelocks,"sidelocks, braid"
braiding_hair,"hairdressing, braiding_another's_hair, braiding_own_hair"
brain,"exposed_brain, holding_brain"
branch,"holding_branch, jeweled_branch_of_hourai"
branch_of_knowledge_(e.g.o),e.g.o_(project_moon)
brass_knuckles,weapon
brazilian_flag_print,"flag_print, brazilian_flag"
bread,"food, baguette, bread_slice, loaf_of_bread, melon_bread"
bread_hair_ornament,food-themed_hair_ornament
bread_slice,"bread, toast"
breast_focus,breasts
breast_press,"asymmetrical_docking, breasts_on_another's_back, breasts_on_glass, symmetrical_docking"
breast_pump,milking_machine
breast_rest,"carried_breast_rest, breasts, breasts_on_head, breasts_on_table"
breast_sucking,"breast_sucking_through_clothes, mutual_breast_sucking, sucking_own_breasts"
breastless_leotard,"breastless_clothes, leotard"
breasts,"arm_between_breasts, arm_under_breasts, arms_under_breasts, ascot_between_breasts, blood_on_breasts, bouncing_breasts, breasts_apart, breasts_out, breasts_squeezed_together, bursting_breasts, chocolate_on_breasts, clothes_between_breasts, clothes_between_exposed_breasts, face_between_breasts, face_to_breasts, food_between_breasts, food_on_breasts, framed_breasts, gigantic_breasts, hair_between_breasts, hair_over_breasts, hanging_breasts, head_between_breasts, huge_breasts, inconvenient_breasts, large_breasts, male_with_breasts, medium_breasts, necktie_between_breasts, perky_breasts, person_between_breasts, pointy_breasts, pov_breasts, presenting_own_breasts, ribbon_between_breasts, sagging_breasts, small_breasts, strap_between_breasts, sweaty_breasts, unaligned_breasts, veiny_breasts, weapon_between_breasts, alternate_breast_size_(larger), between_breasts, cleavage, cum_on_breasts, mole_on_breast, sideboob, underboob"
breasts_day,good_breasts_day
breasts_on_another's_back,"back, breast_press"
breasts_on_glass,"against_glass, breast_press"
breasts_on_head,"on_head, breast_rest"
breath_weapon,"breathing_fire, breathing_ice, breathing_lightning"
breathing_fire,"breath_weapon, fire"
brick_oven,oven
bridal_gauntlets,"gauntlets, black_bridal_gauntlets, blue_bridal_gauntlets, brown_bridal_gauntlets, fishnet_bridal_gauntlets, frilled_bridal_gauntlets, green_bridal_gauntlets, grey_bridal_gauntlets, pink_bridal_gauntlets, print_bridal_gauntlets, purple_bridal_gauntlets, red_bridal_gauntlets, see-through_bridal_gauntlets, single_bridal_gauntlet, white_bridal_gauntlets, yellow_bridal_gauntlets"
bridge,"arch_bridge, broken_bridge, pedestrian_bridge, rope_bridge, suspension_bridge, wooden_bridge"
briefcase,"holding_briefcase, school_briefcase"
briefs,"boxer_briefs, swim_briefs, male_underwear"
bright_hypnocatrice_(armor),hypnocatrice_(armor)
bright_pupils,white_pupils
broken,"broken_chain, broken_weapon"
broken_chain,"broken, chain"
broken_glass,glass
broken_heart,"heart, broken_heart_hair_ornament"
broken_heart_hair_ornament,"hair_ornament, heart_hair_ornament, broken_heart"
broken_horn,horns
broken_sword,"broken_weapon, sword"
broken_weapon,"broken, weapon, broken_sword"
bronze_armor,armor
bronze_bikini,bikini
bronze_chain,chain
bronze_medal,medal
brooch,"butterfly_brooch, flower_brooch, heart_brooch, skull_brooch, star_brooch, wing_brooch, transformation_brooch_(sailor_moon), jewelry, shell_brooch"
broom,"bamboo_broom, broom_riding, broom_surfing, holding_broom"
brother_and_sister,"siblings, brother_and_sister_threesome"
brothers,"siblings, kyoudaidon"
brown_apron,apron
brown_arm_warmers,arm_warmers
brown_armband,armband
brown_armor,armor
brown_ascot,ascot
brown_bag,bag
brown_bandages,bandages
brown_bear,bear
brown_beard,beard
brown_belt,belt
brown_bikini,bikini
brown_bird,bird
brown_blood,blood
brown_bloomers,bloomers
brown_bodice,bodice
brown_bodystocking,bodystocking
brown_bodysuit,bodysuit
brown_boots,boots
brown_bow,"bow, brown_bowtie"
brown_bowtie,"bowtie, brown_bow"
brown_bra,bra
brown_bracelet,bracelet
brown_buruma,buruma
brown_butterfly,butterfly
brown_camisole,camisole
brown_cape,cape
brown_capelet,capelet
brown_car,car
brown_carapace,carapace
brown_carpet,carpet
brown_changpao,changpao
brown_chaps,chaps
brown_chemise,chemise
brown_choker,choker
brown_claws,claws
brown_coat,coat
brown_coif,coif
brown_cookie,cookie
brown_crab,crab
brown_cross_tie,cross_tie
brown_culottes,culottes
brown_dougi,dougi
brown_dress,dress
brown_durumagi,durumagi
brown_eagle,eagle
brown_eyeshadow,eyeshadow
brown_flower,"flower, brown_rose"
brown_garter_belt,garter_belt
brown_gauntlets,gauntlets
brown_gem,gem
brown_gloves,gloves
brown_goggles,goggles
brown_hairband,hairband
brown_halo,halo
brown_hanbok,hanbok
brown_hanfu,hanfu
brown_hat,hat
brown_headband,headband
brown_headdress,headdress
brown_helmet,helmet
brown_hood,hood
brown_hoodie,hoodie
brown_horns,horns
brown_horse,horse
brown_jacket,jacket
brown_kimono,kimono
brown_leotard,leotard
brown_lips,lips
brown_loincloth,loincloth
brown_male_underwear,male_underwear
brown_mask,mask
brown_moon,moon
brown_neckerchief,neckerchief
brown_necktie,necktie
brown_negligee,negligee
brown_nightgown,nightgown
brown_one-piece_swimsuit,one-piece_swimsuit
brown_overskirt,overskirt
brown_pajamas,pajamas
brown_panties,panties
brown_pants,pants
brown_pantyhose,pantyhose
brown_pillow,pillow
brown_poncho,poncho
brown_rabbit,rabbit
brown_raincoat,raincoat
brown_ribbon,ribbon
brown_rose,"brown_flower, rose"
brown_sarong,sarong
brown_sash,sash
brown_scales,scales
brown_scarf,scarf
brown_scrunchie,scrunchie
brown_shirt,shirt
brown_shoes,shoes
brown_shorts,shorts
brown_shrug,shrug_(clothing)
brown_skirt,skirt
brown_sky,sky
brown_socks,socks
brown_sports_bra,sports_bra
brown_strap,strap
brown_sweater,sweater
brown_swim_trunks,swim_trunks
brown_tail,tail
brown_thighhighs,thighhighs
brown_tongue,tongue
brown_track_suit,track_suit
brown_tube_top,tube_top
brown_tulip,tulip
brown_turban,turban
brown_umbrella,umbrella
brown_veil,veil
brown_vest,vest
brown_water,water
brown_wings,wings
brown_wrist_cuffs,wrist_cuffs
browning_hi-power,handgun
bruise,"injury, bruise_on_arm, bruise_on_ass, bruise_on_back, bruise_on_chest, bruise_on_face, bruise_on_leg, bruise_on_neck, bruise_on_shoulder, bruise_on_stomach, bruised_eye"
bruise_on_leg,"bruise, bruise_on_knee"
brushing_hair,"brushing_another's_hair, brushing_own_hair"
bubble_skirt,skirt
bucket,"bucket_of_water, bucket_on_head, bucket_spill, holding_bucket, in_bucket, wooden_bucket"
bucket_on_head,"on_head, bucket, object_on_head"
bucket_spill,"bucket, spill"
buckle,"belt_buckle, snap-fit_buckle, heart-shaped_buckle"
bug,"bug_cage, ant, bee, beetle, butterfly, centipede, cicada, cockroach, dragonfly, firefly, fly, grasshopper, ladybug, mosquito, moth, spider"
bugle,instrument
bugles_(food),bugles_on_fingers
building,skyscraper
bulge,"cheek_bulge, large_bulge, stomach_bulge, throat_bulge, bulge_press, bulge_to_ass, erection_under_clothes, panty_bulge"
bulge_press,"bulge, bulges_touching"
bulge_to_ass,"ass, bulge"
bulging_eyes,eye_pop
bullet_earrings,earrings
bullet_tattoo,tattoo
bullpup,"gun, br55, daewoo_k11, dsr-50, famas, fn_f2000, fn_p90, iwi_tavor, kel-tec_ksg, kel-tec_rfb, l85, ma5, ots-14_groza, qbz-95, steyr_aug, walther_wa_2000"
bun_with_braided_base,"braided_base, hair_bun"
bundled_charge,"anti-tank_grenade, stick_grenade"
burger,"food, holding_burger"
buried,buried_in_sculpted_sand
burning,"burning_building, burning_paper, burning_photo, burning_vehicle"
buruma,"adjusting_buruma, black_buruma, blue_buruma, buruma_around_one_leg, buruma_aside, buruma_pull, green_buruma, orange_buruma, panties_under_buruma, pink_buruma, purple_buruma, red_buruma, torn_buruma, unworn_buruma, white_buruma"
buruma_aside,"buruma, clothing_aside"
buruma_pull,"buruma, clothes_pull"
bus,"motor_vehicle, double-decker_bus, on_bus, school_bus"
bustier,"black_bustier, blue_bustier, brown_bustier, frilled_bustier, green_bustier, lace-trimmed_bustier, pink_bustier, purple_bustier, red_bustier, white_bustier, yellow_bustier"
butler,female_butler
butt_plug,"jewel_butt_plug, sex_toy, heart_butt_plug, inflatable_butt_plug, unworn_butt_plug"
butter,food
butterfly,"glowing_butterfly, butterfly_net, bug, aqua_butterfly, black_butterfly, blue_butterfly, butterfly_on_hand, butterfly_on_head, butterfly_on_nose, green_butterfly, orange_butterfly, pink_butterfly, purple_butterfly, red_butterfly, too_many_butterflies, white_butterfly, yellow_butterfly"
butterfly_mask,mask
butterfly_net,"butterfly, hand_net, holding_butterfly_net"
butterfly_on_head,"on_head, butterfly"
buttjob,"buttjob_over_clothes, buttjob_under_clothes, cooperative_buttjob"
buttoned_cuffs,"cuffs, buttons, surgeon_cuffs"
buttons,"button_eyes, buttoned_cuffs, diamond_button, double-breasted, flower_button, heart_button, multicolored_buttons, star_button"
bygone_days_(e.g.o),e.g.o_(project_moon)
c-string,strapless_bottom
cabinet,file_cabinet
cable,"cable_tail, holding_cable"
cable_tail,"tail, cable, mechanical_tail"
cage,"birdcage, holding_cage, in_cage, rectangular_cage"
cake,"food, birthday_cake, cake_on_head, cake_slice, carrot_cake, castella_(food), chocolate_cake, christmas_cake, heart-shaped_cake, holding_cake, layer_cake, sponge_cake, strawberry_cake, strawberry_shortcake, swiss_roll, wedding_cake"
cake_(minecraft),cake
cake_on_head,"cake, food_on_head"
calf_(animal),"baby_animal, cow"
calico_cat,"cat, calico_(pattern)"
calla_lily,flower
calligraphy_brush,"paintbrush, holding_calligraphy_brush"
camel,"bactrian_camel, dromedary_camel"
camel_spider,bug
camellia,flower
camera,"bellows_camera, camera_around_neck, holding_camera, single-lens_reflex_camera, twin-lens_reflex_camera"
camera_flash_overexposure,overexposure
camisole,"bow_camisole, frilled_camisole, polka_dot_camisole, see-through_camisole, striped_camisole, black_camisole, camisole_lift, camisole_over_clothes, camisole_pull, pink_camisole, pinstripe_camisole, print_camisole, ribbed_camisole, torn_camisole, unworn_camisole, white_camisole"
camisole_lift,"camisole, clothes_lift"
camisole_pull,"camisole, clothes_pull"
camouflage,"woodland_camouflage, camouflage_bikini, camouflage_hat, camouflage_helmet, camouflage_jacket, camouflage_paint, camouflage_panties, camouflage_pants, camouflage_shirt, camouflage_shorts, camouflage_skirt, desert_camouflage, digital_camouflage, snow_camouflage, urban_camouflage"
camouflage_bag,"bag, camouflage"
camouflage_bikini,"bikini, camouflage"
camouflage_bra,"bra, camouflage"
camouflage_coat,"camouflage, coat"
camouflage_hat,"camouflage, hat"
camouflage_helmet,"camouflage, helmet"
camouflage_hoodie,"camouflage, hoodie"
camouflage_jacket,"jacket, camouflage"
camouflage_legwear,camouflage
camouflage_panties,"camouflage, panties"
camouflage_pants,"pants, camouflage"
camouflage_shirt,"shirt, camouflage"
camouflage_shorts,"shorts, camouflage"
camouflage_skirt,"skirt, camouflage"
camper_trailer,"recreational_vehicle, trailer"
can,"canned_food, drink_can, holding_can"
canadian_flag_print,"canadian_flag, flag_print"
candle,"holding_candle, number_candle"
candlestand,"candelabra, holding_candlestand"
candy,"food, candy_bar, candy_cane, candy_cigarette, candy_corn, chitose_ame, chocolate_bar, gumball, gummy_bear, heart-shaped_chocolate, holding_candy, jelly_bean, konpeitou, lollipop, ring_pop, wrapped_candy"
candy_apple,"food, holding_candy_apple"
candy_bar,"candy, chocoboo"
candy_cane,"candy, holding_candy_cane"
candy_cane_hair_ornament,food-themed_hair_ornament
cane,"holding_cane, white_cane"
cannon,"autocannon, holding_cannon"
cape,"cloak, capelet, collared_cape, fur-trimmed_cape, fur_cape, hooded_cape, naked_cape, no_cape, print_cape, side_cape, torn_cape, two-sided_cape, unworn_cape, waist_cape, wing_cape, black_cape, blue_cape, checkered_cape, plaid_cape, red_cape, see-through_cape, white_cape"
capelet,"cape, collared_capelet, frilled_capelet, fur-trimmed_capelet, fur_capelet, hooded_capelet, naked_capelet, plaid_capelet, ribbon-trimmed_capelet, side_capelet, torn_capelet, two-sided_capelet, black_capelet, lace-trimmed_capelet, see-through_capelet, unworn_capelet, white_capelet"
capote_(e.g.o),e.g.o_(project_moon)
captive_bead_ring,"ring, piercing"
car,"motor_vehicle, black_car, blue_car, convertible, limousine, muscle_car, on_car, police_car, racecar, red_car, sports_car, sports_utility_vehicle, station_wagon, unmarked_police_car, white_car, yellow_car"
car_interior,limousine_interior
carcano,"bolt_action, rifle"
card,"card_background, card_between_breasts, holding_card, playing_card, tarot_card"
card_(medium),"card_parody, playing_card_(medium), tarot_(medium)"
card_between_breasts,"between_breasts, card"
card_between_fingers,"between_fingers, holding_card"
card_parody,"card_(medium), cinderella_girls_card_parody"
cardigan,"sweater, hooded_cardigan, hoodie, open_cardigan, ribbed_cardigan, cardigan_vest, brown_cardigan, cardigan_around_waist, fur-trimmed_cardigan, grey_cardigan, naked_cardigan, pink_cardigan, plaid_cardigan, print_cardigan, see-through_cardigan, striped_cardigan, unworn_cardigan, yellow_cardigan"
cardigan_around_waist,"cardigan, clothes_around_waist"
cardigan_vest,"vest, cardigan"
cargo_ship,"ship, container_ship, tanker_(ship)"
carl_gustaf_m/45,submachine_gun
carnation,"flower, pink_carnation, red_carnation, white_carnation"
carried_breast_rest,"breast_rest, carrying"
carro_armato_p40,tank
carrying,"assisted_carrying, baby_carry, carried_breast_rest, carrying_person, carrying_under_arm, child_carry, fireman's_carry, hogtie_carry, piggyback, princess_carry, shoulder_carry"
carrying_baby,"baby, carrying_person"
carrying_person,"carrying, carrying_baby, carrying_multiple_people"
cartoonized,toon_(style)
casing_ejection,shell_casing
cassette_player,holding_cassette_player
cast,"arm_cast, cast_writing, leg_cast"
castanets,instrument
castration,"hysterectomy, oophorectomy, salpingectomy"
cat,"calico_cat, raana_the_cat, siamese_cat, stuffed_cat, tabby_cat, tuxedo_cat, cake_cat_(honkai:_star_rail), cat_on_lap, cat_paws, cat_teaser, black_cat, brown_cat, cat_between_legs, cat_on_head, cat_on_shoulder, grey_cat, holding_cat, kitten, orange_cat, purple_cat, too_many_cats, white_cat, yellow_cat"
cat-shaped_pupils,symbol-shaped_pupils
cat_between_legs,"between_legs, cat"
cat_ear_bikini,bikini
cat_ear_hairband,"hairband, animal_ear_hairband, cat_ears"
cat_ear_headphones,"headphones, animal_ear_headphones, cat_ears, axent_wear"
cat_earrings,earrings
cat_ears,"animal_ears, fox_ears, cat_ear_hairband, cat_ear_headphones"
cat_on_head,"on_head, animal_on_head, cat"
cat_on_lap,"cat, animal_on_lap"
cat_on_shoulder,"on_shoulder, animal_on_shoulder, cat"
cat_paws,"cat, animal_hands"
cat_print,"animal_print, cat_print_panties"
cat_print_panties,"panties, print_panties, cat_print"
cat_stretch,stretching
cat_tattoo,tattoo
cat_teaser,"cat, holding_cat_teaser"
cathedral,church
cavalier_hat,hat
cavernous_wailing_(e.g.o),e.g.o_(project_moon)
cbj-ms,submachine_gun
cbt,"bdsm, ball_busting, cbt_press"
cd,holding_cd
cd_player,cd_walkman
cellphone,"phone, flip_phone, smartphone"
censored,"bar_censor, blank_censor, blur_censor, censored_anus, censored_by_text, censored_food, censored_identity, censored_nipples, censored_text, heart_censor, mosaic_censoring, novelty_censor, pointless_censoring, scribble_censor, star_censor"
censored_(e.g.o),e.g.o_(project_moon)
censored_anus,"anus, censored"
censored_ears,censored
censored_feet,censored
censored_gesture,censored
censored_nipples,"nipples, censored"
censored_violence,censored
centurion_(tank),tank
cerulean_city,city
cervical_penetration,cervix
chain,"broken_chain, chain_around_arm, chain_around_neck, chain_between_breasts, chain_bikini, chain_bracelet, chain_earrings, chain_hairband, chain_headband, chain_leash, chain_necklace, chain_pull, chained, gold_chain, holding_chain"
chain_bracelet,"bracelet, chain"
chain_earrings,"earrings, chain"
chain_headband,"headband, chain"
chain_leash,"chain, leash"
chain_necklace,"necklace, chain"
chains_of_others_(e.g.o),e.g.o_(project_moon)
chair,"armchair, easy_chair, feet_on_chair, folding_chair, hand_on_chair, holding_chair, lifeguard_chair, lounge_chair, monobloc_chair, on_chair, rocking_chair, school_chair, swivel_chair, tied_to_chair, wooden_chair"
chakram,"weapon, holding_chakram"
chameleon_tail,tail
changpao,"chinese_clothes, black_changpao, blue_changpao, green_changpao, pink_changpao, red_changpao, white_changpao, yellow_changpao"
char_b1,tank
character_print,self_character_print
character_snowman,snowman
character_tattoo,tattoo
character_transformation,transformation
charm_(object),"animal_charm, bag_charm, belt_charm, cellphone_charm, character_charm, heart-shaped_charm, holding_charm, weapon_charm"
chastity_cage,"black_chastity_cage, chastity_cage-belt, colored_chastity_cage, gold_chastity_cage, large_chastity_cage, ornate_chastity_cage, padlocked_chastity_cage, revealing_chastity_cage, small_chastity_cage, transparent_chastity_cage, tube_chastity_cage, unworn_chastity_cage"
checkered_apron,"apron, checkered_clothes"
checkered_armband,"armband, checkered_clothes"
checkered_bag,bag
checkered_bikini,"bikini, checkered_clothes"
checkered_bow,"bow, checkered_clothes, checkered_bowtie"
checkered_bowtie,"bowtie, checkered_bow"
checkered_bra,"bra, checkered_clothes"
checkered_cape,"cape, checkered_clothes"
checkered_clothes,"checkered_apron, checkered_bikini, checkered_bow, checkered_cape, checkered_dress, checkered_jacket, checkered_kimono, checkered_legwear, checkered_panties, checkered_pants, checkered_scarf, checkered_shirt, checkered_skirt, checkered_sweater_vest, checkered_vest"
checkered_dress,"dress, checkered_clothes"
checkered_jacket,"checkered_clothes, jacket"
checkered_kimono,"kimono, checkered_clothes"
checkered_panties,"checkered_clothes, panties"
checkered_pants,"checkered_clothes, pants"
checkered_scarf,"scarf, checkered_clothes"
checkered_shirt,"shirt, checkered_clothes"
checkered_shorts,"checkered_clothes, shorts"
checkered_skirt,"skirt, checkered_clothes"
checkered_sweater_vest,"checkered_clothes, sweater_vest"
checkered_swimsuit,"checkered_clothes, swimsuit"
checkered_vest,"checkered_clothes, vest"
cheek_pinching,"pinching, mutual_cheek_pinching"
cheese,"food, cheese_trail, cheese_wheel, sliced_cheese, smoked_cheese, swiss_cheese"
cheese_hair_ornament,food-themed_hair_ornament
cheesecake,food
chef_hat,"hat, mini_chef_hat, flat_top_chef_hat, toque_blanche"
chemise,"black_chemise, blue_chemise, frilled_chemise, green_chemise, lace-trimmed_chemise, pink_chemise, purple_chemise, see-through_chemise, white_chemise"
cherish_ball,poke_ball
cherry,"fruit, cherry_background"
cherry_background,"cherry, fruit_background"
cherry_blossom_(e.g.o),e.g.o_(project_moon)
cherry_print,"fruit_print, cherry_print_panties"
cherry_print_panties,"cherry_print, print_panties"
chess_piece,"bishop_(chess), holding_chess_piece, king_(chess), knight_(chess), pawn_(chess), queen_(chess), rook_(chess)"
chest_hair,"sparse_chest_hair, thick_chest_hair"
chevrolet_camaro,"chevrolet_camaro_(5th_generation), chevrolet_camaro_(6th_generation)"
chevrolet_corvette,"chevrolet_corvette_c1, chevrolet_corvette_c3, chevrolet_corvette_c5, chevrolet_corvette_c6, chevrolet_corvette_c7, chevrolet_corvette_c8"
chewing_gum,"blowing_bubble_gum, gumball"
cheytac_m200,"bolt_action, sniper_rifle"
chibi,"chibi_inset, chibi_on_head, chibi_only"
chibi_on_head,"on_head, chibi"
chick,"baby_animal, bird, too_many_chicks"
chicken,"bird, rooster"
chicken_(food),"food, chicken_leg, fried_chicken"
chikan,molestation
chikuwa,food
children's_day,kodomo_no_hi
chilean_flag_bikini,flag_print_bikini
chili_pepper,"habanero_pepper, jalapeno_pepper"
chili_pepper_hair_ornament,food-themed_hair_ornament
chinese_clothes,"changpao, dudou, hanfu, qi_lolita, qi_maid, qipao, tangzhuang"
chinese_text,"simplified_chinese_text, traditional_chinese_text"
chinese_zodiac,"year_of_the_dog, year_of_the_dragon, year_of_the_goat, year_of_the_horse, year_of_the_monkey, year_of_the_ox, year_of_the_pig, year_of_the_rabbit, year_of_the_rat, year_of_the_rooster, year_of_the_snake, year_of_the_tiger"
chips_(food),"food, potato_chips"
choco_fashion,"chocolate-covered_food, old-fashioned_donut"
chocolate,"chocolate_bar, chocolate_on_body, chocolate_on_face, heart-shaped_chocolate, holding_chocolate, naked_chocolate, white_chocolate"
chocolate-covered_food,"choco_fashion, chocolate_banana, chocolate_on_spaghetti, chocolate_strawberry, orangette"
chocolate_bar,"candy, chocolate"
chocolate_cornet,food
chocolate_hair_ornament,food-themed_hair_ornament
chocolate_on_body,"chocolate, food_on_body, chocolate_on_ass, chocolate_on_breasts, chocolate_on_legs, chocolate_on_pectorals, chocolate_on_penis, chocolate_on_pussy"
chocolate_on_breasts,"breasts, chocolate_on_body"
chocolate_on_face,"chocolate, food_on_face"
chocolate_on_hand,food_on_hand
choke_hold,strangling
choker,"collar, anchor_choker, bead_choker, bow_choker, butterfly_choker, scarf, cat_choker, crescent_choker, cross_choker, flower_choker, frilled_choker, fur-trimmed_choker, fur_choker, heart_choker, heart_ring_choker, lace-trimmed_choker, lace_choker, o-ring_choker, pearl_choker, pendant_choker, ribbon_choker, skull_choker, spiked_choker, star_choker, striped_choker, studded_choker, tassel_choker, key_choker, leather_choker"
chonmage,topknot
chople_berry,berry_(pokemon)
chopsticks,"chopsticks_in_mouth, holding_chopsticks"
christmas_tree_hair_ornament,hair_ornament
christmas_wreath,wreath
chromatic_aberration,heavy_chromatic_aberration
chrysanthemum,flower
cigarette,"holding_cigarette, too_many_cigarettes"
circle_censor,censored
circle_skirt,skirt
circlet,"gold_circlet, silver_circlet"
clarinet,instrument
clash,sword_clash
claw_(weapon),weapon
claw_pose,single_claw_pose
claws,"fake_claws, finger_claws"
cleaning,"cleaning_weapon, cleaning_windows"
cleaning_weapon,"cleaning, weapon"
cleaning_windows,"cleaning, window"
cleavage,"full_cleavage, pectoral_cleavage, see-through_cleavage, toe_cleavage, breasts"
cleave_gag,"cloth_gag, gagged, knot_gag"
clematis_(flower),flower
clitoral_piercing,"piercing, pussy_piercing, clitoris_ring"
clitoral_stimulation,"clitoris_pull, clitoris_tweak"
clitoris,"covered_clitoris, erect_clitoris, large_clitoris"
clitoris_ring,"ring, clitoral_piercing"
cloak,"cape, collared_cloak, fur-trimmed_cloak, fur_cloak, hooded_cloak, naked_cloak, open_cloak, torn_cloak, two-sided_cloak, black_cloak, blue_cloak, brown_cloak, green_cloak, plaid_cloak, red_cloak, unworn_cloak, white_cloak"
cloche_hat,hat
clock,"alarm_clock, analog_clock, clock_tower, clockshow, cuckoo_clock, digital_clock, grandfather_clock, holding_clock, mantel_clock, pendulum_clock, wall_clock"
clock_tower,"clock, tower"
closed_eyes,"^_^, u_u"
closed_mouth,":|, dot_mouth"
cloth_gag,"improvised_gag, cleave_gag, over_the_mouth_gag, over_the_nose_gag"
clothes_around_waist,"cardigan_around_waist, jacket_around_waist, shirt_around_waist, sweater_around_waist"
clothes_between_breasts,"breasts, between_breasts, ascot_between_breasts, neckerchief_between_breasts, necktie_between_breasts"
clothes_gag,"gagged, improvised_gag, panty_gag"
clothes_grab,"apron_grab, armband_grab, belt_grab, cape_grab, coat_grab, grabbing_another's_dress, grabbing_another's_shirt, grabbing_another's_skirt, grabbing_another's_sleeve, hood_grab, jacket_grab, neckerchief_grab, neckwear_grab"
clothes_hanger,"full-body_clothes_hanger, holding_clothes_hanger"
clothes_in_mouth,"bikini_in_mouth, bra_in_mouth, dress_in_mouth, shirt_in_mouth, skirt_in_mouth"
clothes_lift,"apron_lift, babydoll_lift, bikini_top_lift, bra_lift, camisole_lift, dress_lift, hoodie_lift, jacket_lift, kimono_lift, pelvic_curtain_lift, shirt_lift, skirt_lift, sports_bra_lift, sweater_lift, swimsuit_lift"
clothes_pull,"babydoll_pull, bikini_bottom_pull, bikini_top_pull, bra_pull, buruma_pull, camisole_pull, dress_pull, jacket_pull, one-piece_swimsuit_pull, pants_pull, pantyhose_pull, shirt_pull, shorts_pull, skirt_pull, sweater_pull"
clothes_theft,"theft, swimsuit_theft, underwear_theft"
clothes_writing,"alternate_clothes_writing, coordinated_clothes_writing, repeating_writing_print, underwear_writing"
clothing_aside,"bikini_bottom_aside, buruma_aside, dress_aside, fundoshi_aside, leotard_aside, loincloth_aside, male_underwear_aside, panties_aside, pelvic_curtain_aside, shorts_aside, swimsuit_aside, thong_aside"
clothing_cutout,"arm_cutout, armpit_cutout, back_cutout, cat_cutout, cleavage_cutout, cutout_above_navel, diamond_cutout, heart_cutout, hip_vent, navel_cutout, shoulder_cutout, side_cutout, stomach_cutout, thigh_cutout, underboob_cutout"
cloud,"above_clouds, cloud_focus, cloudy_sky, cumulonimbus_cloud, dark_cloud"
cloudy_sky,"cloud, sky"
clover,"clover_earrings, four-leaf_clover, holding_clover, shamrock"
clover_(flower),flower
clover_earrings,"clover, earrings"
clown_mask,mask
club_(shape),"ace_of_clubs, club_facial_mark"
club_(weapon),"weapon, holding_club, kanabou, pogamoggan, spiked_club"
club_facial_mark,"club_(shape), facial_mark"
coat,"jacket, blazer, fur_coat, open_coat, raincoat, trench_coat, coat_on_shoulders, duffel_coat, fur-trimmed_coat, naked_coat, off-shoulder_coat, overcoat, padded_coat, sleeveless_coat, striped_coat, two-sided_coat, unworn_coat, winter_coat"
coat_dress,dress
coat_of_arms,tre_kronor
coattails,tailcoat
coba_berry,berry_(pokemon)
cobalt_scar_(e.g.o),e.g.o_(project_moon)
cock_ring,"ring, sex_toy"
cockatiel,bird
cockatoo,"bird, palm_cockatoo, sulphur-crested_cockatoo"
cocktail_dress,dress
coconut_cup,"coconut, fruit_as_cup"
coelacanth,fish
coffee,iced_coffee
coffin,rectangular_coffin
coin,"coin_flip, coin_on_string, gold_coin, holding_coin, holed_coin, koban_(gold)"
coin_hat_ornament,hat_ornament
collar,"choker, animal_collar, belt_collar, bib_collar, contrast_collar, detached_collar, collar_jewel, collar_tabs, collar_tug, fold-over_collar, frilled_collar, frilled_sailor_collar, frilled_shirt_collar, fur-trimmed_collar, fur_collar, heart_collar, high_collar, lace-trimmed_collar, lace_collar, linked_collar, mandarin_collar, metal_collar, mystical_high_collar, o-ring_collar, open_collar, padlocked_collar, pendant_collar, plaid_collar, plaid_sailor_collar, popped_collar, puritan_collar, ribbon-trimmed_collar, round_collar, rounded_collar, spiked_collar, studded_collar, usekh_collar, wing_collar, black_collar, blue_collar, brown_collar, green_collar, holding_collar, pink_collar, purple_collar, red_collar, white_collar"
collarbone,"covered_collarbone, mole_on_collarbone"
collared_coat,coat
color_connection,hair_color_connection
colored_blood,"blood, aqua_blood, black_blood, blue_blood, gold_blood, green_blood, orange_blood, pink_blood, purple_blood, white_blood, yellow_blood"
colored_extremities,"black_hands, red_hands"
colored_eyelashes,"mismatched_eyelashes, white_eyelashes"
colored_nipples,"nipples, aqua_nipples, black_nipples, blue_nipples, green_nipples, grey_nipples, orange_nipples, purple_nipples, red_nipples, white_nipples, yellow_nipples"
colored_pubic_hair,"pubic_hair, aqua_pubic_hair, blue_pubic_hair, green_pubic_hair, pink_pubic_hair, purple_pubic_hair"
colored_pussy,"pussy, aqua_pussy, blue_pussy, green_pussy, purple_pussy, yellow_pussy"
colored_sclera,"aqua_sclera, black_sclera, blue_sclera, brown_sclera, green_sclera, grey_sclera, orange_sclera, pink_sclera, purple_sclera, red_sclera, yellow_sclera"
colored_skin,"aqua_skin, black_skin, blue_skin, green_skin, grey_skin, multicolored_skin, orange_skin, pink_skin, purple_skin, red_skin, white_skin, yellow_skin"
colored_teeth,"teeth, aqua_teeth, black_teeth, blue_teeth, green_teeth, orange_teeth, red_teeth, yellow_teeth"
colored_tongue,"tongue, blue_tongue, green_tongue, orange_tongue, purple_tongue, yellow_tongue"
colorful_clouds,multicolored_clouds
colt_9mm_smg,submachine_gun
colt_commando,assault_rifle
colt_double_eagle,handgun
colt_woodsman,handgun
column,pillar
column_lineup,grid_lineup
combat_helmet,"helmet, adrian_helmet, altyn_helmet, brodie_helmet, fallschirmhelm, fast_helmet, m1_helmet, pasgt_helmet, pickelhaube, ssh-68, stahlhelm"
combat_knife,"knife, weapon"
comic,"1koma, 2koma, 3koma, 4koma, 5koma, 6koma, full_page_comic, segmented_comic, silent_comic"
compact_(cosmetics),"cosmetics, holding_compact"
competition,competitive_sex
completely_unamused,unamused
computer,"computer_tower, laptop"
computer_keyboard,holding_computer_keyboard
concealed_weapon,"weapon, sword_cane"
concertina,instrument
condensation,window_fog
condom,"broken_condom, colored_condom, condom_in_mouth, condom_left_inside, condom_on_penis, condom_wrapper, drinking_from_condom, holding_condom, multiple_condoms, pointless_condom, pouring_from_condom, putting_on_condom, sabotaged_condom, shared_condom, used_condom"
condom_belt,"belt, condom_thigh_strap"
condom_in_mouth,"condom, mouth_hold"
condom_on_penis,"penis, used_condom_on_penis, condom"
condom_thigh_strap,"thigh_strap, condom_belt"
condom_wrapper,"condom, condom_packet_strip, condom_wrapper_in_clothes"
constellation_tattoo,tattoo
contact_lens,putting_in_contact_lens
contortion,flexible
controller,"game_controller, holding_controller, joystick, radio_controller, remote_control"
convenient_censoring,"soap_censor, steam_censor"
convenient_skirt,skirt
cookie,"food, checkerboard_cookie, chocolate_chip_cookie, heart-shaped_cookie, holding_cookie, sandwich_cookie, star-shaped_cookie, thumbprint_cookie"
cookie_hair_ornament,"food-themed_hair_ornament, checkerboard_cookie_hair_ornament"
cooking,grilling
cool_cameraman,cameraman
cool_ribbon,ribbon
cooperative_buttjob,"buttjob, teamwork_(sexual)"
cooperative_fellatio,"fellatio, teamwork_(sexual)"
cooperative_footjob,"footjob, teamwork_(sexual)"
cooperative_handjob,"handjob, teamwork_(sexual)"
cooperative_naizuri,"cooperative_paizuri, naizuri"
cooperative_paizuri,"paizuri, teamwork_(sexual), cooperative_naizuri"
cooperative_pussyjob,"pussyjob, teamwork_(sexual)"
copper_pheasant,pheasant
copper_shark,shark
copy_ability,power_combo_(kirby)
coral_earrings,earrings
coral_hair_ornament,hair_ornament
coral_hat_ornament,hat_ornament
coral_horns,horns
coral_pukei-pukei_(armor),pukei-pukei_(armor)
coral_wreath,wreath
corn,"corn_cob, grilled_corn"
cornflower,flower
corpse,pile_of_corpses
corset,"cross-laced_corset, frilled_corset, black_corset, blue_corset, brown_corset, green_corset, grey_corset, latex_corset, orange_corset, pink_corset, plaid_corset, purple_corset, red_corset, white_corset, yellow_corset"
cosmetics,"compact_(cosmetics), lipstick_tube, makeup_palette, nail_polish_bottle"
cosmic_&_funny_(idolmaster),sunny_side_of_the_moon_(idolmaster)
cosmos_(flower),flower
costume_switch,"cosplay, group_costume_switch"
cotton_swab,holding_cotton_swab
couch,on_couch
coughing_blood,"blood, coughing"
cover,"album_cover, back_cover, blu-ray_cover, cover_page, dvd_cover, fake_cover, video_game_cover"
cover_page,"cover, comic_cover, doujin_cover, magazine_cover, manga_cover, novel_cover"
covered_wagon,wagon
covering_ass,"ass, covering_privates"
covering_nipples,"nipples, covering_privates, covering_another's_nipples, covering_one_nipple"
covering_own_mouth,hand_over_own_mouth
covering_privates,"covering_ass, covering_breasts, covering_crotch, covering_nipples, covering_one_breast, nude_cover"
cow_ear_hairband,"hairband, animal_ear_hairband, cow_ears"
cow_ears,"animal_ears, cow_ear_hairband"
cow_mask,mask
cow_print,"animal_print, cow_print_apron, cow_print_bikini, cow_print_bridal_gauntlets, cow_print_gloves, cow_print_jacket, cow_print_pasties, cow_print_sleeves, cow_print_thighhighs"
cow_print_apron,"cow_print, print_apron"
cow_print_bikini,"bikini, print_bikini, cow_print"
cow_print_bridal_gauntlets,"cow_print, print_bridal_gauntlets"
cow_print_gloves,"gloves, print_gloves, cow_print"
cow_print_jacket,"cow_print, print_jacket"
cow_print_pasties,"cow_print, pasties"
cow_print_sleeves,"print_sleeves, cow_print"
cow_print_thighhighs,"thighhighs, print_thighhighs, cow_print"
crab,crab_claw
crack,"cracked_floor, cracked_glass, cracked_wall"
cracker,food
crane_(animal),"bird, red-crowned_crane"
crane_truck,"crane_(machine), truck"
crazy_grin,"crazy_smile, grin"
crazy_smile,"smile, crazy_grin"
crazy_straw,"drinking_straw, heart_straw"
cream_between_fingers,between_fingers
cream_cheese,cheese
cream_muffin,muffin
cream_on_ass,on_ass
cream_on_face,"cream, food_on_face"
cream_on_finger,on_finger
cream_puff,food
cream_stew,stew
creature,"food-themed_creature, creature_and_personification, creature_focus, creature_on_shoulder, holding_creature"
creature_and_personification,"creature, personification"
creature_on_shoulder,"on_shoulder, creature"
credits,credits_page
crepe,"food, holding_crepe"
crescent,"crescent_earrings, crescent_facial_mark, crescent_hair_ornament, crescent_hat_ornament, crescent_necklace, crescent_pin, crescent_tattoo, star_and_crescent"
crescent-shaped_pupils,symbol-shaped_pupils
crescent_earrings,"earrings, crescent"
crescent_facial_mark,"crescent, facial_mark"
crescent_hair_ornament,"hair_ornament, crescent"
crescent_hat_ornament,"hat_ornament, crescent"
crescent_necklace,"necklace, crescent"
crescent_pin,"pin, crescent"
crescent_tattoo,"crescent, tattoo"
crest,family_crest
cricket,bug
crimson_forest,forest
crimson_scar_(e.g.o),e.g.o_(project_moon)
crimson_vistamp,vistamp
crocodilian,"alligator, crocodile"
crocus_(flower),flower
croissant,food
cromwell_(tank),tank
crop_top,"tank_top, vest, crop_top_overhang"
cropped_hoodie,"hoodie, edie_crop_hoodie"
cross,"greek_cross, inverted_cross, iron_cross, latin_cross, watson_cross, cross_of_prontera, cross_pasties, arrow_cross, balkenkreuz, celtic_cross, cross_choker, cross_earrings, cross_facial_mark, cross_necklace, cross_patty, cross_print, holding_cross"
cross-laced_bikini,"bikini, cross-laced_clothes"
cross-laced_clothes,"cross-laced_bikini, cross-laced_corset, cross-laced_cutout, cross-laced_dress, cross-laced_gloves, cross-laced_legwear, cross-laced_leotard, cross-laced_one-piece_swimsuit, cross-laced_panties, cross-laced_shorts, cross-laced_skirt, cross-laced_sleeves, cross-laced_top"
cross-laced_corset,"corset, cross-laced_clothes"
cross-laced_cutout,"clothing_cutout, cross-laced_clothes"
cross-laced_dress,"dress, cross-laced_clothes"
cross-laced_gloves,"cross-laced_clothes, gloves"
cross-laced_leotard,"cross-laced_clothes, leotard"
cross-laced_panties,"cross-laced_clothes, panties"
cross-laced_shorts,"shorts, cross-laced_clothes"
cross-laced_skirt,"skirt, cross-laced_clothes"
cross_choker,"choker, cross"
cross_earrings,"earrings, cross, inverted_cross_earrings"
cross_facial_mark,"cross, facial_mark"
cross_moline,cross
cross_necklace,"necklace, cross, inverted_cross_necklace"
cross_pasties,"cross, pasties"
cross_patonce,cross
cross_potent,cross
cross_swimsuit,swimsuit
cross_tie,"black_cross_tie, blue_cross_tie, green_cross_tie, pink_cross_tie, red_cross_tie, undone_cross_tie, unworn_cross_tie, yellow_cross_tie"
crossbow,"weapon, holding_crossbow"
crossdressing,"crossdressing_(ftm), crossdressing_(mtf)"
crossdressing_(mtf),"crossdressing, crossdressing_under_clothes_(mtf), male_maid"
crossed_swords,sword
crossover,multiple_crossover
crotch_cutout,clothing_cutout
crotch_stomping,stomping
crotchless,"crotchless_bikini, crotchless_bloomers, crotchless_bodysuit, crotchless_buruma, crotchless_leotard, crotchless_panties, crotchless_pants, crotchless_pantyhose, crotchless_swimsuit"
crotchless_bloomers,"bloomers, crotchless"
crotchless_leotard,"crotchless, leotard"
crotchless_panties,"panties, crotchless"
crotchless_pants,"pants, crotchless"
crotchless_pantyhose,"pantyhose, crotchless"
crotchless_swimsuit,"crotchless, swimsuit"
crow's_eye_view_(e.g.o),e.g.o_(project_moon)
crown,"arched_crown, laurel_crown, magik's_crown, mini_crown, pointed_crown, super_crown, crown_of_thorns, unworn_crown, black_crown, blue_crown, floating_crown, gold_crown, green_crown, grey_crown, holding_crown, pink_crown, purple_crown, red_crown, white_crown, yellow_crown"
crown-shaped_pupils,"crown_(symbol), symbol-shaped_pupils"
crown_earrings,earrings
crucifix,cross
crutch,holding_crutch
crying,"crying_with_eyes_open, streaming_tears"
crying_with_eyes_open,"crying, tears"
crystal_sword,sword
crystal_tail,tail
cuckoo,bird
cucumber,cucumber_slice
cuffs,"ankle_cuffs, arm_cuffs, buttoned_cuffs, frilled_cuffs, frilled_wrist_cuffs, fur_cuffs, fur_wrist_cuffs, metal_arm_cuffs, metal_wrist_cuffs, sleeve_cuffs, handcuffs, shackles"
cum,"censored_with_cum, excessive_cum, projectile_cum, cum_in_container, cum_in_cup, cum_in_pussy, cum_inflation, cum_on_body, cum_on_breasts, cum_on_floor, cum_on_male, cum_on_pectorals, cum_on_penis, cum_on_pussy, cum_on_self, cum_overflow, cum_pool, cum_string, bukkake, cum_in_ass, cum_in_mouth, cum_on_ass, cum_on_clothes, cum_on_hair, cumdrip, ejaculation, facial, internal_cumshot"
cum_bath,cum
cum_in_ass,"ass, cum"
cum_in_clothes,"cum, cum_in_panties, cum_through_clothes"
cum_in_container,"cum, cum_bucket, cum_in_bowl, cum_in_cup, cum_in_headwear"
cum_in_eye,cum
cum_in_footwear,cum
cum_in_mouth,"cum, cum_on_tongue"
cum_in_nose,"nose, cum"
cum_in_panties,"panties, cum_in_clothes"
cum_in_pussy,"pussy, cum"
cum_in_throat,cum
cum_in_urethra,cum
cum_inflation,"cum, inflation"
cum_on_armpits,"armpits, cum_on_body"
cum_on_ass,"ass, cum, cum_on_body"
cum_on_back,"back, cum_on_body"
cum_on_body,"cum, cum_in_navel, cum_on_armpits, cum_on_ass, cum_on_back, cum_on_breasts, cum_on_feet, cum_on_fingers, cum_on_hands, cum_on_legs, cum_on_pectorals, cum_on_penis, cum_on_pussy, cum_on_stomach, cum_on_testicles, facial"
cum_on_breasts,"cum, breasts, cum_on_body"
cum_on_crotch,cum_on_body
cum_on_eyewear,cum
cum_on_feet,"feet, cum_on_body"
cum_on_food,cum
cum_on_headwear,cum
cum_on_legs,"legs, cum, cum_on_body"
cum_on_legwear,cum
cum_on_lips,cum_on_body
cum_on_neck,cum_on_body
cum_on_pectorals,"cum, cum_on_body, cum_on_male, pectorals"
cum_on_penis,"penis, cum, cum_on_body"
cum_on_pussy,"pussy, cum, cum_on_body"
cum_on_self,"cum, autofacial"
cum_on_stomach,"stomach, cum_on_body"
cum_on_tongue,"tongue, cum_in_mouth"
cum_through_clothes,"through_clothes, cum_in_clothes"
cumdrip,"projectile_cumdrip, cumdrip_from_penis, cum"
cumdrip_from_penis,"penis, cumdrip, cum"
cumdrip_onto_panties,"cum, panties"
cunnilingus,"oral, autocunnilingus, cunnilingus_through_clothes, standing_cunnilingus, stealth_cunnilingus"
cunnilingus_through_clothes,"through_clothes, cunnilingus"
cuntboy,cuntboy_with_male
cup,"chalice, choko_(cup), disposable_cup, drinking_glass, holding_cup, in_cup, mug, sakazuki, teacup, yunomi"
cupcake,food
curling_iron,holding_curling_iron
curry,"food, curry_rice"
curry_rice,"curry, rice"
curtains,"behind_curtains, blood_on_curtains, closed_curtains, curtain_grab, floating_curtains, frilled_curtains, lace_curtains, opening_curtains, plaid_curtains, print_curtains, see-through_curtains, stage_curtains, torn_curtains"
cushion,"holding_cushion, zabuton"
custodian_helmet,helmet
cute_&_girly_(idolmaster),"mini_morning_(idolmaster), monochrome_spot_(idolmaster), noel_angelic_(idolmaster), primary-star_plum_(idolmaster)"
cute_weapon,weapon
cutie_mark,cutie_mark_print
cutoff_jeans,"jeans, cutoffs"
cutout_above_navel,"navel, clothing_cutout"
cutout_below_navel,clothing_cutout
cutting_hair,"cutting_another's_hair, cutting_own_hair"
cyclops,one-eyed
cygnet,baby_animal
cymbals,instrument
cz_75,handgun
cz_scorpion_evo_3,submachine_gun
d-pad_hair_ornament,"hair_ornament, d-pad"
d:,"d;, dx"
d;,"d:, one_eye_closed"
da_capo_(e.g.o),e.g.o_(project_moon)
daewoo_k1,assault_rifle
daewoo_k11,"assault_rifle, bolt_action, bullpup, grenade_launcher"
daewoo_k2,assault_rifle
daewoo_k5,handgun
daffodil,flower
dagger,"knife, weapon, holding_dagger, jamadhar, stiletto_(weapon)"
daifuku,"ichigo_daifuku, mame_daifuku_(food)"
daikon,radish
dancing,me!me!me!_dance_(meme)
dandelion,"flower, dandelion_clock"
dango,"wagashi, bocchan_dango, mitarashi_dango, sanshoku_dango, tsukimi_dango"
dango_hair_ornament,food-themed_hair_ornament
danish_flag_bikini,flag_print_bikini
dao_fu,good_fortune_symbol
dark_anus,anus
dark_archon_(starcraft),archon_(starcraft)
dark_badge,badge
dark_bride,bride
dark_chao_walker,chao_walker
dark_chii_(cosplay),chii_(cosplay)
dark_chocolate,chocolate
dark_coat,coat
dark_eldar,eldar
dark_exs-tia_(cosplay),exs-tia_(cosplay)
dark_forest,forest
dark_kabuto_zecter,kabuto_zecter
dark_kivat_belt,kivat_belt
dark_knight,knight
dark_link_(cosplay),link_(cosplay)
dark_meta_knight_(cosplay),meta_knight_(cosplay)
dark_penis,penis
dark_rhongomyniad_(fate),rhongomyniad_(fate)
dark_ring,ring
dark_sailor,sailor
dark_skin,"dark-skinned_female, dark-skinned_male, very_dark_skin"
dark_skirt,skirt
dark_templar,templar
date_pun,number_pun
daurian_redstart,bird
ddd_threesome,"futa_with_futa, threesome"
decayed_master_sword,master_sword
deep_aqua_mirror,mirror
deep_covered_nipples,covered_nipples
deerstalker,hat
defense_distributed_liberator,handgun
deformed_anus,"triangular_anus, vertical_anus"
delinquent,"banchou, bousouzoku, sukeban"
delivery,pizza_delivery
demon,"demon_boy, demon_girl"
demon_(megami_tensei),persona_(summon)
denim,"denim_apron, denim_bikini, denim_dress, denim_jacket, denim_overalls, denim_shirt, denim_shorts, denim_skirt, denim_vest, jeans"
denim_jacket,"jacket, denim"
denim_overalls,"overalls, denim"
denim_shorts,"shorts, denim"
denim_skirt,"skirt, denim"
depth_of_field,"blurry, bokeh, soft_focus"
derringer,handgun
desert_eagle,"eagle, handgun"
desk,"on_desk, school_desk"
dessert,food
detached_sleeves,"puffy_detached_sleeves, single_detached_sleeve"
deviruchi_hat,hat
dew_drop,water_drop
diagonal-striped_bikini,"diagonal-striped_clothes, striped_bikini"
diagonal-striped_bow,"bow, striped_bow, diagonal-striped_bowtie"
diagonal-striped_bowtie,"bowtie, diagonal-striped_bow, diagonal-striped_clothes, striped_bowtie"
diagonal-striped_clothes,"striped_clothes, diagonal-striped_bikini, diagonal-striped_bowtie, diagonal-striped_headwear, diagonal-striped_neckerchief, diagonal-striped_necktie, diagonal-striped_shirt, diagonal-striped_skirt"
diagonal-striped_neckerchief,"diagonal-striped_clothes, striped_neckerchief"
diagonal-striped_necktie,"necktie, diagonal-striped_clothes, striped_necktie"
diagonal-striped_shirt,"diagonal-striped_clothes, striped_shirt"
diagonal-striped_skirt,"diagonal-striped_clothes, striped_skirt"
dialogue_options,options
diamond-shaped_pasties,"diamond_(shape), pasties"
diamond-shaped_pupils,"diamond_(shape), symbol-shaped_pupils"
diamond_(shape),"ace_of_diamonds, diamond-shaped_pasties, diamond-shaped_pupils, diamond_facial_mark"
diamond_facial_mark,"diamond_(shape), facial_mark"
diamond_ring,"diamond_(gemstone), ornate_ring"
dice,"dice_earrings, dice_necklace, holding_dice, polyhedral_dice"
dice_earrings,"dice, earrings"
dice_necklace,"dice, necklace"
different_zoom_layer,zoom_layer
digimon_(creature),holding_digimon
digital_walkman,"mp3_player, walkman_b_series, walkman_e_series, walkman_nw-s203f"
dildo,"sex_toy, animal_dildo, dildo_ball_busting, dildo_riding, dildo_under_clothes, double_dildo, dragon_dildo, hand_dildo, huge_dildo, licking_dildo, rabbit_vibrator, spiked_dildo, squirting_dildo, strap-on, suction_cup_dildo"
dildo_ball_busting,"ball_busting, dildo"
dildo_under_clothes,"dildo, dildo_under_panties, dildo_under_swimsuit"
dildo_under_panties,"panties, dildo_under_clothes"
dimension_shredder_(e.g.o),e.g.o_(project_moon)
dimple_facial_mark,facial_mark
dinosaur,"stuffed_dinosaur, feathered_dinosaur, riding_dinosaur"
dipsia_(e.g.o),e.g.o_(project_moon)
dirty,"dirty_clothes, dirty_face, dirty_feet"
dirty_feet,"feet, dirty"
discord_(e.g.o),e.g.o_(project_moon)
discrimination,"ableism, antisemitism, homophobia, racism, transphobia"
disposable_cup,"cup, disposable_coffee_cup, disposable_ice_cream_cup"
diving_helmet,helmet
diving_mask,"mask, goggles, diving_mask_on_head"
diving_mask_on_head,"mask_on_head, on_head, diving_mask, goggles_on_head"
diving_suit,"suit, dry_suit, standard_diving_dress, wetsuit"
dodge_challenger,"dodge_challenger_(1st_generation), dodge_challenger_(3rd_generation)"
dodge_charger,"dodge_charger_(2nd_generation), dodge_charger_(6th_generation), dodge_charger_(7th_generation)"
dog,"corn_dog, robot_dog, stuffed_dog, year_of_the_dog, dog_paws, dog_tags, black_dog, brown_dog, dog_on_head, green_dog, holding_dog, multiple_dogs, pink_dog, puppy, white_dog, yellow_dog"
dog_ear_hairband,"animal_ear_hairband, dog_ears"
dog_ears,"animal_ears, dog_ear_hairband"
dog_on_head,"animal_on_head, dog"
dog_paws,"dog, animal_hands"
dog_tags,"dog, holding_dog_tags"
dogwood_(flower),flower
doll,"character_doll, holding_doll"
dollar_bill,"banknote, hundred_dollar_bill"
dolphin_hat_ornament,hat_ornament
dongtan_dress,dress
donkey_ears,animal_ears
donut,"food, chocolate_donut, french_cruller, heart-shaped_donut, holding_donut, honey_dip, old-fashioned_donut, pon_de_ring"
donut_hair_ornament,food-themed_hair_ornament
door,mesh_screen_door
doorway,pov_doorway
double_bass,instrument
double_facepalm,facepalm
double_finger_heart,finger_heart
double_frill_skirt_swimsuit,swimsuit
double_middle_finger,middle_finger
double_other_genderswap,"genderswap_(otf), genderswap_(otm)"
double_shaka_sign,shaka_sign
double_strap_slip,strap_slip
double_thumbs_up,thumbs_up
dougi,karate_gi
downblouse,extended_downblouse
downspout,drainpipe
doyagao,smug
dragon,"eastern_dragon, riding_dragon, robot_dragon, small_dragon, western_dragon, year_of_the_dragon, dragon_bean_(arknights), dragon_claw, wyvern"
dragon_ball_(object),holding_dragon_ball
dragunov_svu,"bullpup, sniper_rifle, suppressor"
drawer,open_drawer
drawn_halo,halo
drawn_whiskers,whiskers
drawstring,"drawstring_bag, drawstring_pull, pom_pom_drawstring, tied_drawstring"
drawstring_bag,"bag, drawstring"
dream_ball,poke_ball
dress,"skirt, long_dress, miniskirt, short_dress, sundress, collared_dress, dress_lift, frilled_dress, layered_dress, off-shoulder_dress, pleated_dress, qipao, sailor_dress, sleeveless_dress, strapless_dress, striped_dress, wedding_dress"
dress_aside,"clothing_aside, dress"
dress_lift,"clothes_lift, dress"
dress_shoes,"shoes, monk_shoes, oxfords"
dress_tug,dress
dried_blood,blood
drill,"side_drill, single_drill, drill_hair, drill_ponytail, drill_sidelocks"
drill_hair,"drill, drill_ponytail, drill_sidelocks, quad_drills, side_drill, twin_drills"
drill_ponytail,"ponytail, drill, drill_hair"
drill_sidelocks,"sidelocks, drill, drill_hair"
drink_can,"can, beer_can, canned_coffee, soda_can"
drink_carton,"alcohol_carton, holding_drink_carton, juice_box, milk_carton"
drinking_glass,"cup, champagne_coupe, champagne_flute, cocktail_glass, highball_glass, hurricane_glass, milkshake_glass, parfait_glass, rocks_glass, shot_glass, tumbler_glass, wine_glass"
drinking_straw,"bendy_straw, crazy_straw, drinking_straw_in_mouth, holding_drinking_straw"
drooling,mouth_drool
drugs,"cocaine, lsd, marijuana, methamphetamine"
drum,"instrument, bass_drum, bongo_drums, conga_drums, drum_set, snare_drum, taiko_drum, timpani, tsuzumi"
drum_magazine,"magazine_(weapon), dual_drum_magazine"
dry_humping,humping
drying,"drying_body, drying_clothes, drying_hair"
drying_hair,"drying, drying_another's_hair, drying_own_hair"
dsr-50,"anti-materiel_rifle, bolt_action, bullpup"
dual_wielding,"holding, asymmetrical_dual_wielding"
duck,"rubber_duck, bird, duckling, mallard"
duckling,"baby_animal, duck"
dump_truck,"truck, haul_truck"
dumpling,"food, jiaozi"
durin_berry,berry_(pokemon)
duster,"feather_duster, holding_duster"
duster_coat,coat
dutch_flag_bikini,flag_print_bikini
dx,">_<, d:"
dynamax,gigantamax
dynamax_ball,poke_ball
e.g.o_(project_moon),"ardor_blossom_star_(e.g.o), blind_obsession_(e.g.o), christmas_nightmare_(e.g.o), contempt_awe_(e.g.o), hex_nail_(e.g.o), in_the_name_of_love_and_hate_(e.g.o), justitia_(e.g.o), lantern_(e.g.o), mimicry_(e.g.o), roseate_desire_(e.g.o), solemn_lament_(e.g.o), spicebush_(e.g.o), sunshower_(e.g.o), twilight_(e.g.o), yearning-mircalla_(e.g.o)"
eagle,"bald_eagle, desert_eagle, eagle_union_(emblem), bird"
ear_covers,"mismatched_ear_covers, single_ear_cover"
ear_ornament,heart_ear_ornament
earmuffs,"earmuffs_around_neck, rabbit_earmuffs"
earphones,"shared_earphones, wireless_earphones, earbuds, holding_earphones"
earrings,"anchor_earrings, bell_earrings, bow_earrings, bracelet, butterfly_earrings, necklace, chain_earrings, cherry_earrings, crescent_earrings, cross_earrings, crystal_earrings, diamond_earrings, feather_earrings, flower_earrings, food-themed_earrings, hanafuda_earrings, heart_earrings, hoop_earrings, key_earrings, leaf_earrings, lightning_bolt_earrings, magatama_earrings, mismatched_earrings, multiple_earrings, musical_note_earrings, pearl_earrings, pendant_earrings, pill_earrings, planet_earrings, pom_pom_earrings, potara_earrings, rectangular_earrings, ribbon_earrings, shell_earrings, skull_earrings, snake_earrings, snowflake_earrings, sphere_earrings, star_earrings, stud_earrings, sun_earrings, tassel_earrings, teardrop_earrings, tooth_earrings, triangle_earrings, jewelry, floating_earrings, single_earring"
earth_(planet),planet
eating_clothes,eating_panties
eating_crayons,eating_non-food
eating_flower,flower
ebony_stem_(e.g.o),e.g.o_(project_moon)
eclipse,"lunar_eclipse, solar_eclipse"
ecstasy_(e.g.o),e.g.o_(project_moon)
edelweiss_(flower),flower
effervescent_corrosion_(e.g.o),e.g.o_(project_moon)
egg,"digitama, easter_egg, holding_egg, pokemon_egg"
egg_(food),food
ejaculation,"cum, ejaculating_while_penetrated, handsfree_ejaculation"
elbow_gloves,"gloves, single_elbow_glove"
elbow_pads,single_elbow_pad
electric_double_bass,instrument
electric_guitar,"guitar, fender_jaguar, fender_jazzmaster, fender_mustang, fender_stratocaster, fender_telecaster, gibson_es-335, gibson_explorer, gibson_flying_v, gibson_les_paul, gibson_sg, gretsch_6120, gretsch_white_falcon, ibanez_rg, italia_mondial, yamaha_pacifica"
electric_plug_tail,"tail, electric_plug"
electric_screaming_(e.g.o),e.g.o_(project_moon)
electric_wind_instrument,instrument
electricity,electrokinesis
electronic_cigarette,holding_electronic_cigarette
elefant,tank
elemental_(creature),"earth_elemental, elemental_animal, fire_elemental, ice_elemental, lightning_elemental, water_elemental, wind_elemental, wood_elemental"
elephant_ears,animal_ears
elephant_tail,tail
elf,"traditional_elf, pointy_ears, blood_elf_(warcraft), dark_elf, elezen, elvaan, high_elf_(warcraft), night_elf_(warcraft), nightborne_(warcraft), void_elf_(warcraft)"
elpis_flower,flower
emblem,"anzio_(emblem), bc_freedom_(emblem), chi-hatan_(emblem), japanese_tankery_league_(emblem), keizoku_(emblem), kuromorimine_(emblem), ooarai_(emblem), pravda_(emblem), saunders_(emblem), selection_university_(emblem), st._gloriana's_(emblem)"
emergency_exit,exit_sign
emoji,"crying_emoji, emoji_censor, pleading_face_emoji, poop_emoji, thinking_emoji"
emoji_censor,"censored, emoji"
emoticon,kaomoji
employee_uniform,fast_food_uniform
empty_pool,pool
enema,"alcohol_enema, milk_enema"
energy_barrier,energy_shield
energy_gun,"weapon, beam_rifle, holding_energy_gun, laser_rifle, plasma_pistol, plasma_rifle, ray_gun"
energy_sword,"sword, lightsaber"
english_flag_bikini,flag_print_bikini
engrish_text,"english_text, ranguage"
engulfing_dream_(e.g.o),e.g.o_(project_moon)
entrails,organs
envelope,"holding_envelope, manila_envelope"
epaulettes,single_epaulette
erection_under_clothes,"bulge, erection"
ermine,weasel
ero_guro,guro
esp_stream-miku-custom,electric_guitar
euphonium,instrument
everlasting_(e.g.o),e.g.o_(project_moon)
evil_grin,"evil_smile, grin"
evil_smile,"smile, evil_grin"
evolution_stone,"dawn_stone, dusk_stone, fire_stone, ice_stone, leaf_stone, moon_stone, shiny_stone_(pokemon), sun_stone_(pokemon), thunder_stone, water_stone"
exercising,"push-ups, sit-up, weightlifting"
explosion,"explosion_background, nuclear_explosion"
explosive,"bomb, c4, dynamite, grenade, mine_(weapon), tnt"
expressions_and_speeches_after_declaration_of_love,multiple_drawing_challenge
expressions_of_your_wife_being_loved_practice,multiple_drawing_challenge
extended_range_bass_guitar,"bass_guitar, 5-string_bass_guitar, 6-string_bass_guitar"
extended_range_guitar,"guitar, 7-string_guitar, 8-string_guitar"
extended_upskirt,upskirt
extra_ears,implied_extra_ears
extra_eyes,triclops
extreme_gaping,gaping
eye_chart,landolt_c
eye_contact,looking_at_another
eye_mask,"mask, domino_mask, half_eye_mask"
eye_trail,light_trail
eyed_silhouette,silhouette
eyeliner,"makeup, aqua_eyeliner, black_eyeliner, blue_eyeliner, brown_eyeliner, green_eyeliner, orange_eyeliner, pink_eyeliner, purple_eyeliner, red_eyeliner, white_eyeliner, yellow_eyeliner"
eyepatch,"colored_eyepatch, flower_eyepatch, heart_eyepatch, medical_eyepatch, no_eyepatch, print_eyepatch, unworn_eyepatch, eyepatch_lift, eyepatch_pull, frilled_eyepatch"
eyes_out_of_frame,head_out_of_frame
eyeshadow,"makeup, aqua_eyeshadow, black_eyeshadow, blue_eyeshadow, eyeshadow_under_eye, green_eyeshadow, grey_eyeshadow, orange_eyeshadow, pink_eyeshadow, purple_eyeshadow, red_eyeshadow, smokey_eyeshadow, yellow_eyeshadow"
fabarm_fp6/sdass,"pump_action, shotgun"
face_piercing,"piercing, anti-eyebrow_piercing, bridge_piercing, cheek_piercing, chin_piercing, dahlia_(piercing), eyebrow_piercing, eyelid_piercing, forehead_piercing, labret_piercing, lip_piercing, mouth_piercing, nose_piercing"
face_punch,"in_the_face, punching"
face_to_breasts,"breasts, breast_smother"
faceless,"faceless_female, faceless_male"
facial,"cum, cum_on_body, autofacial, happy_facial"
facial_hair,"alternate_facial_hair, fake_facial_hair, beard, black_facial_hair, blonde_facial_hair, blue_facial_hair, braided_beard, brown_facial_hair, goatee, grey_facial_hair, mustache, mutton_chops, purple_facial_hair, red_facial_hair, soul_patch, stubble, white_facial_hair"
facial_mark,"circle_facial_mark, club_facial_mark, crescent_facial_mark, cross_facial_mark, diamond_facial_mark, flower_facial_mark, forehead_mark, heart_facial_mark, lightning_bolt_facial_mark, spade_facial_mark, star_facial_mark, teardrop_facial_mark, triangle_facial_mark, whisker_markings, x_facial_mark"
faded_memories_(e.g.o),e.g.o_(project_moon)
faint_aroma_(e.g.o),e.g.o_(project_moon)
fairy_kei,"fairy, yume_kawaii"
fake_animal_ears,"animal_ears, animal_ear_hairband, animal_ear_headband, animal_ear_headphones"
fake_beard,"beard, fake_facial_hair"
fake_censor,censored
fake_cover,"cover, fake_magazine_cover"
fake_facial_hair,"facial_hair, fake_beard, fake_mustache"
fake_horns,"horns, horn_hairband, horned_headwear, horned_helmet"
fake_magazine_cover,"fake_cover, magazine_cover"
fake_mustache,"mustache, fake_facial_hair"
fake_phone_screenshot,fake_screenshot
falcon,"bird, peregrine_falcon"
famas,"assault_rifle, bullpup"
familiar,familiar_(madoka_magica)
fang,"skin_fang, fang_out"
fangs,"skin_fangs, fangs_out"
farmwatch_(e.g.o),e.g.o_(project_moon)
faroese_flag_bikini,flag_print_bikini
fashion,"cyber_fashion, goth_fashion, lolita_fashion, ouji_fashion, y2k_fashion, yabi_fashion"
fast_ball,poke_ball
fat,"fat_man, fat_mons, fat_rolls, obese"
father_and_child,"parent_and_child, father_and_daughter, father_and_son"
father_and_son,"father_and_child, father_and_son_threesome"
fatui_coat,coat
faux_cyrillic,faux_text
fawn,"baby_animal, deer"
fdd_threesome,"futa_with_female, threesome"
feather-trimmed_coat,coat
feather-trimmed_dress,dress
feather_dress,dress
feather_earrings,"earrings, feathers"
feather_hair_ornament,"hair_ornament, feathers"
feather_of_honor_(e.g.o),e.g.o_(project_moon)
feathers,"peacock_feathers, wings, black_feathers, blue_feathers, brown_feathers, falling_feathers, feather_earrings, feather_hair_ornament, green_feathers, holding_feather, pink_feathers, purple_feathers, red_feathers, white_feathers, yellow_feathers"
fedora,hat
feeding,"force-feeding, mutual_feeding"
feet,"animal_feet, cum_on_feet, dirty_feet, hands_on_feet, no_feet, soaking_feet, feet_only, feet_up, knees_apart_feet_together, knees_together_feet_apart, sweaty_feet, tickling_feet, webbed_feet, foot_focus"
fell_bullet_(e.g.o),e.g.o_(project_moon)
fellatio,"oral, autofellatio, cleanup_fellatio, cooperative_fellatio, deepthroat, fellatio_under_mask, irrumatio, licking_penis, multiple_penis_fellatio, reverse_fellatio, simulated_fellatio, stealth_fellatio, sword-swallowing_fellatio, tonguejob"
fellatio_under_mask,"mask, fellatio"
female_goblin,goblin
female_pervert,pervert
fence,"against_fence, bamboo_fence, chain-link_fence, iron_fence, wooden_fence"
ferret_ears,animal_ears
fez_hat,hat
ffd_threesome,"futa_with_female, threesome"
fff_threesome,"threesome, yuri"
field_cap,hat
fiery_tail,"tail, fire"
fighter_jet,"airplane, military_vehicle"
fighting_stance,"gatotsu_stance, ox_guard, ready_to_draw"
figure_skating_dress,dress
figy_berry,berry_(pokemon)
film_grain,heavy_film_grain
finch,bird
finger_frame,"finger_frame_duo, finger_frame_over_eye"
finger_gun,"bang_(gesture), double_finger_gun, finger_gun_to_another's_head, finger_gun_to_own_head"
finger_gun_to_own_head,"gun_to_own_head, finger_gun"
finger_in_navel,poking_belly
finger_to_mouth,"pinky_to_mouth, shushing"
fingering,"anal_fingering, fingering_from_behind, fingering_through_clothes, mutual_fingering, nursing_fingering"
fingering_through_clothes,"through_clothes, fingering, fingering_through_panties"
fingering_through_panties,"panties, fingering_through_clothes"
fingerless_gloves,"gloves, partially_fingerless_gloves, mma_gloves, single_fingerless_glove"
fingernails,"long_fingernails, sharp_fingernails, very_long_fingernails"
fins,"head_fins, fish_tail"
fire,"black_fire, blue_fire, breathing_fire, fiery_background, fiery_tail, flame-tipped_tail, flaming_halo, flaming_skull, flaming_weapon, green_fire, pink_fire, purple_fire, pyrokinesis, white_fire"
firelock,"antique_firearm, caplock, flintlock, jezail, matchlock"
fireworks,"aerial_fireworks, firecrackers, holding_fireworks, skyrocket, sparkler"
firing,"firing_at_viewer, muzzle_flash"
fish,"bagged_fish, school_of_fish, stuffed_fish, tropical_fish, fish_(food), fish_hook, angelfish, anglerfish, catfish, clownfish, flying_fish, goldfish, holding_fish, oarfish, ocean_sunfish, puffer_fish, saury, seahorse, surgeonfish, swordfish"
fish_(food),"fish, fish_and_chips, fried_fish, grilled_eel, grilled_fish, ikura_(food), nigirizushi, sashimi"
fish_earrings,earrings
fish_print,"animal_print, goldfish_print, whale_print"
fish_tail,"tail, fins, cetacean_tail, shark_tail"
fish_tattoo,tattoo
fishing_rod,"fishing, holding_fishing_rod"
fishnet_bodystocking,"bodystocking, fishnets"
fishnet_gloves,"gloves, fishnets"
fishnet_hiphighs,"fishnets, hiphighs"
fishnet_leotard,"fishnets, leotard"
fishnet_pantyhose,"pantyhose, fishnets"
fishnet_socks,"socks, fishnets"
fishnet_thighhighs,"thighhighs, fishnets"
fishnets,"fishnet_bodystocking, fishnet_gloves, fishnet_hiphighs, fishnet_leotard, fishnet_pantyhose, fishnet_sleeves, fishnet_socks, fishnet_thighhighs, fishnet_top"
fisting,"anal_fisting, double_fisting"
flag,"checkered_flag, flag_on_vehicle, holding_flag, war_flag, white_flag"
flag_print,"american_flag_print, brazilian_flag_print, argentinian_flag_print, australian_flag_print, canadian_flag_print, flag_print_bikini, french_flag_print, german_flag_print, italian_flag_print, japanese_flag_print, mexican_flag_print, swedish_flag_print"
flag_print_bikini,"bikini, print_bikini, flag_print, american_flag_bikini, argentinian_flag_bikini, australian_flag_bikini, brazilian_flag_bikini, canadian_flag_bikini, confederate_flag_bikini, finnish_flag_bikini, french_flag_bikini, german_flag_bikini, italian_flag_bikini, japanese_flag_bikini, mexican_flag_bikini, puerto_rican_flag_bikini, russian_flag_bikini, swedish_flag_bikini"
flags_of_all_nations,string_of_flags
flail,"weapon, holding_flail"
flame-tipped_tail,"tail, fire"
flamethrower,"weapon, holding_flamethrower"
flaming_halo,"fire, halo"
flaming_skull,"skull, fire"
flaming_sword,"flaming_weapon, sword"
flaming_weapon,"fire, weapon, flaming_sword"
flamingo,bird
flapper_shirt,shirt
flashing,oppai_challenge
flask,"erlenmeyer_flask, holding_flask, in_flask, round-bottom_flask, volumetric_flask"
flat_cap,hat
flat_chest,"flat_chest_grab, grabbing_own_flat_chest"
flat_screen_tv,television
flexing,"double_biceps_pose, side_chest_pose"
flick,forehead_flick
flight_suit,"suit, g-suit"
flipping_food,food
floating,"floating_object, levitation"
floating_book,"book, floating_object"
floating_breasts,breasts
floating_clothes,floating_jacket
floating_hair,hair_floating_upwards
floating_headgear,headgear
floating_object,"floating, floating_book, floating_weapon"
floating_sword,"floating_weapon, sword"
floating_weapon,"floating_object, floating_sword"
floral_background,rose_background
floral_print,"camellia_print, cherry_blossom_print, chrysanthemum_print, floral_print_bikini, floral_print_dress, floral_print_kimono, floral_print_panties, floral_print_shirt, floral_print_skirt, hibiscus_print, morning_glory_print, peony_print, rose_print, spider_lily_print, sunflower_print"
floral_print_bikini,"bikini, print_bikini, floral_print"
floral_print_dress,"dress, print_dress, floral_print"
floral_print_kimono,"kimono, print_kimono, floral_print"
floral_print_panties,"floral_print, print_panties"
floral_print_pantyhose,"floral_print, print_pantyhose"
floral_print_shirt,"shirt, print_shirt, floral_print"
floral_print_skirt,"skirt, print_skirt, floral_print"
florida_bikini,bikini
flower,"daisy_(flower), dress_flower, flower_field, hair_flower, hat_flower, hibiscus, holding_flower, hydrangea, lily_(flower), lotus, plum_blossoms, rose, spider_lily, sunflower, tulip"
flower-trimmed_dress,dress
flower_facial_mark,"facial_mark, flower_symbol"
flower_field,"field, flower, sunflower_field"
flower_focus,flower
flower_in_braid,"braid, hair_flower"
flower_in_mouth,flower
flower_necklace,"necklace, flower, lei"
flower_on_head,"on_head, flower"
flower_over_eye,flower
flower_over_mouth,flower
fluid_sac_(e.g.o),e.g.o_(project_moon)
flute,"instrument, holding_flute, playing_flute, recorder, shakuhachi, transverse_flute"
flying_kick,"kicking, dropkick"
flying_sweatdrops,spoken_flying_sweatdrops
fn_f2000,"assault_rifle, bullpup"
fn_fnc,"assault_rifle, ak_5"
fn_fnx,handgun
fn_model_1903,handgun
fn_model_1910,handgun
fn_p90,"bullpup, submachine_gun"
foal,baby_animal
folding_chair,"chair, camping_chair, deck_chair, director's_chair"
folding_fan,"hand_fan, folded_fan"
folding_knife,"knife, switchblade"
food,"bread, burger, cake, candy, cookie, donut, food_on_face, fruit, holding_food, ice_cream, meat, noodles, pocky, popsicle, wagashi"
food-themed_earrings,"earrings, apple_earrings, banana_earrings, candy_cane_earrings, carrot_earrings, cheese_earrings, cherry_earrings, dango_earrings, donut_earrings, lemon_earrings, orange-shaped_earrings, pineapple_earrings, pumpkin_earrings, red_pepper_earrings, strawberry_earrings, tako-san_wiener_earrings"
food-themed_hair_ornament,"hair_ornament, apple_hair_ornament, burger_hair_ornament, cake_hair_ornament, candy_hair_ornament, carrot_hair_ornament, cherry_hair_ornament, egg_hair_ornament, fruit_hair_ornament, grape_hair_ornament, ice_cream_hair_ornament, lemon_hair_ornament, macaron_hair_ornament, pumpkin_hair_ornament, strawberry_hair_ornament, watermelon_hair_ornament"
food_art,"food, apple_rabbit, kyaraben, tako-san_wiener"
food_in_mouth,"lollipop_in_mouth, pocky_in_mouth, popsicle_in_mouth, pretz_in_mouth, toast_in_mouth"
food_insertion,"food, object_insertion"
food_on_body,"chocolate_on_body, food_on_breasts, food_on_legs, food_on_pectorals, food_on_penis"
food_on_breasts,"breasts, food_on_body"
food_on_face,"food, chocolate_on_face, cream_on_face, ice_cream_on_face, rice_on_face"
food_on_head,"on_head, food, object_on_head, cake_on_head, fruit_on_head"
food_print,"cake_print, candy_print, carrot_print, cheese_print, chocolate_print, cookie_print, donut_print, fruit_print, ice_cream_print, macaron_print, mushroom_print, onigiri_print, pizza_print"
food_stand,"ice_cream_stand, yatai"
foot_kabedon,kabedon
foot_tattoo,tattoo
footjob,"cooperative_footjob, double_footjob, footjob_from_behind, footjob_through_footwear, footjob_with_legwear, reverse_footjob, two-footed_footjob"
footjob_with_boots,"boots, footjob_with_footwear"
footjob_with_footwear,"footjob_with_boots, footjob_with_sandals, footjob_with_shoes"
footjob_with_sandals,"footjob_with_footwear, sandals"
footjob_with_shoes,"footjob_with_footwear, shoes"
footprint_on_body,footprint_on_face
footwear_flower,flower
forceps,holding_forceps
ford_crown_victoria,"ford_crown_victoria_(1st_generation), ford_crown_victoria_(2nd_generation)"
ford_mustang,"ford_mustang_(1st_generation), ford_mustang_s197, ford_mustang_s550, ford_mustang_s650, ford_mustang_sn95, shelby_gt500"
foregrip,"angled_foregrip, vertical_foregrip"
forehead,"bandaid_on_forehead, blood_from_forehead, hand_on_own_forehead, scar_on_forehead, forehead_protector, forehead_tattoo"
forehead_tattoo,"tattoo, forehead"
foreskin,"foreskin_insertion, foreskin_pull, phimosis"
forest,"nature, bamboo_forest"
forest_for_the_flames_(e.g.o),e.g.o_(project_moon)
forget-me-not_(flower),flower
four-leaf_clover,"clover, four-leaf_clover_earrings"
four-leaf_clover_earrings,"earrings, four-leaf_clover"
fox_cub,"baby_animal, fox"
fox_ear_headphones,"animal_ear_headphones, fox_ears"
fox_ears,"animal_ears, cat_ears, fox_ear_headphones"
fox_shadow_puppet,"double_fox_shadow_puppet, fox_shadow_puppet_kiss"
fp-45_liberator,handgun
fragments_from_somewhere_(e.g.o),e.g.o_(project_moon)
freesia_(flower),flower
french_cruller,"donut, angel_french, sakura_french, strawberry_whip_french"
french_flag_print,"flag_print, french_flag"
french_fries,food
french_horn,instrument
fretless_instrument,"fretless_bass_guitar, fretless_guitar"
fried_egg_on_toast,"fried_egg, toast"
fried_rice,food
friend_ball,poke_ball
frilled_apron,"apron, frills"
frilled_arm_warmers,"arm_warmers, frills"
frilled_armband,"armband, frills"
frilled_ascot,"ascot, frills"
frilled_bikini,"bikini, frills"
frilled_bonnet,"bonnet, frills"
frilled_boots,"boots, frills"
frilled_bow,"bow, frills"
frilled_bra,"bra, frills"
frilled_bustier,"bustier, frills"
frilled_camisole,"camisole, frills"
frilled_capelet,"capelet, frills"
frilled_choker,"choker, frills"
frilled_coat,"coat, frills"
frilled_collar,"collar, frills"
frilled_corset,"corset, frills"
frilled_dress,"dress, frills"
frilled_eyepatch,"eyepatch, frills"
frilled_gloves,"gloves, frills"
frilled_hair_tubes,"hair_tubes, frills"
frilled_hairband,"hairband, frills"
frilled_hat,"hat, frills"
frilled_hiphighs,"frills, hiphighs"
frilled_hood,"frills, hood"
frilled_innertube,"frills, innertube"
frilled_jacket,"jacket, frills"
frilled_kimono,"kimono, frills"
frilled_leotard,"leotard, frills"
frilled_one-piece_swimsuit,"swimsuit, one-piece_swimsuit, frills"
frilled_pajamas,"frills, pajamas"
frilled_panties,"panties, frills"
frilled_pants,"frills, pants"
frilled_pillow,"frills, pillow"
frilled_ribbon,"ribbon, frills"
frilled_sailor_collar,"collar, frills, sailor_collar"
frilled_shawl,"shawl, frills"
frilled_shirt,"shirt, frills"
frilled_shirt_collar,"collar, frills"
frilled_shorts,"shorts, frills"
frilled_skirt,"skirt, frills"
frilled_socks,"socks, frills"
frilled_tabard,"frills, tabard"
frilled_thighhighs,"thighhighs, frills"
frilled_tube_top,"frills, tube_top"
frilled_umbrella,"frills, umbrella"
frilled_vest,"vest, frills"
frilled_wrist_cuffs,"cuffs, frills, wrist_cuffs"
frills,"center_frills, too_many_frills, frilled_apron, frilled_bikini, frilled_bow, frilled_bra, frilled_choker, frilled_collar, frilled_dress, frilled_hair_tubes, frilled_hairband, frilled_shirt, frilled_shirt_collar, frilled_skirt, frilled_sleeves, frilled_thighhighs"
frog_print,"animal_print, frog_print_panties"
frog_print_panties,"frog_print, print_panties"
frogmouth,bird
from_below,worm's_eye_view
front-tie_bikini_top,"bikini, front-tie_top"
front_braid,braid
frost_shard_(e.g.o),e.g.o_(project_moon)
fruit,"food, apple, banana, blueberry, cherry, fruit_on_head, grapes, holding_fruit, kiwi_(fruit), lemon, mandarin_orange, melon, peach, pineapple, strawberry, watermelon"
fruit_background,"food-themed_background, cherry_background, strawberry_background"
fruit_on_head,"on_head, food_on_head, fruit, apple_on_head"
fruit_print,"food_print, apple_print, banana_print, cherry_print, grape_print, lemon_print, orange_print, peach_print, strawberry_print, watermelon_print"
fruit_tart,"tart_(food), blueberry_tart, strawberry_tart"
fuchsia_city,city
fundoshi,"japanese_clothes, black_fundoshi, blue_fundoshi, fundoshi_aside, fundoshi_pull, fundoshi_under_pantyhose, green_fundoshi, orange_fundoshi, pink_fundoshi, red_fundoshi, wet_fundoshi"
fundoshi_aside,"clothing_aside, fundoshi"
fundoshi_under_pantyhose,"fundoshi, pantyhose"
funeral_dress,dress
funeral_kimono,kimono
fur-trimmed_arm_warmers,"arm_warmers, fur_trim"
fur-trimmed_armor,"armor, fur_trim"
fur-trimmed_bikini,"bikini, fur_trim"
fur-trimmed_boots,"boots, fur_trim"
fur-trimmed_bra,"bra, fur_trim"
fur-trimmed_cape,"cape, fur_trim"
fur-trimmed_capelet,"capelet, fur_trim"
fur-trimmed_cardigan,"cardigan, fur_trim"
fur-trimmed_choker,"choker, fur_trim"
fur-trimmed_cloak,"cloak, fur_trim"
fur-trimmed_coat,"coat, fur_trim"
fur-trimmed_collar,"collar, fur_trim"
fur-trimmed_dress,"dress, fur_trim"
fur-trimmed_gloves,"gloves, fur_trim"
fur-trimmed_hairband,fur_trim
fur-trimmed_hood,"hood, fur_trim"
fur-trimmed_hoodie,"fur_trim, hoodie"
fur-trimmed_jacket,"jacket, fur_trim"
fur-trimmed_jumpsuit,"fur_trim, jumpsuit"
fur-trimmed_kimono,"kimono, fur_trim"
fur-trimmed_legwear,fur_trim
fur-trimmed_leotard,"leotard, fur_trim"
fur-trimmed_mittens,"mittens, fur_trim"
fur-trimmed_pajamas,"fur_trim, pajamas"
fur-trimmed_panties,"fur_trim, panties"
fur-trimmed_pants,"fur_trim, pants"
fur-trimmed_robe,"robe, fur_trim"
fur-trimmed_scarf,"fur_trim, scarf"
fur-trimmed_shawl,"fur_trim, shawl"
fur-trimmed_shirt,"shirt, fur_trim"
fur-trimmed_shorts,"shorts, fur_trim"
fur-trimmed_skirt,"skirt, fur_trim"
fur-trimmed_sweater,"fur_trim, sweater"
fur-trimmed_thighhighs,"thighhighs, fur_trim"
fur-trimmed_tube_top,"fur_trim, tube_top"
fur-trimmed_vest,"vest, fur_trim"
fur-trimmed_waist_cape,"fur_trim, waist_cape"
fur_boots,"boots, ugg_boots"
fur_hat,"hat, papakha"
fur_trim,"fur-trimmed_boots, fur-trimmed_cape, fur-trimmed_capelet, fur-trimmed_cloak, fur-trimmed_coat, fur-trimmed_collar, fur-trimmed_dress, fur-trimmed_gloves, fur-trimmed_headwear, fur-trimmed_hood, fur-trimmed_jacket, fur-trimmed_kimono, fur-trimmed_shorts, fur-trimmed_skirt, fur-trimmed_sleeves"
fur_wrist_cuffs,"cuffs, wrist_cuffs"
furigana,nonstandard_furigana
furry,"furry_with_furry, furry_female, furry_male, furrification, furry_with_non-furry"
furry_with_non-furry,"furry, interspecies"
fusion,"chimerism, hexafusion"
futa_with_female,"futanari, fdd_threesome, female_on_futa, ffd_threesome, newhalf_with_female"
futa_with_futa,"futanari, ddd_threesome, futa_with_newhalf, newhalf_with_newhalf"
futa_with_male,"futanari, futa_on_male, male_on_futa, mdd_threesome, mmd_threesome, newhalf_with_male"
futa_with_newhalf,"futa_with_futa, futa_without_pussy"
futa_without_balls,"futanari, no_testicles"
futa_without_pussy,"pussy, futanari, futa_with_newhalf, newhalf_with_female, newhalf_with_male"
futanari,"full-package_futanari, futa_with_female, futa_with_futa, futa_with_male, futa_without_balls, futa_without_pussy, futanari_masturbation, futanari_pov, futasub, intravaginal_futanari, mfd_threesome"
futanari_masturbation,"futanari, masturbation"
futanari_pov,"futanari, pov"
futhark,runes
gacha_(game_mechanic),gacha_suffering
gag,"ball_gag, bit_gag, dildo_gag, improvised_gag, linked_gag, panel_gag, plug_gag, ring_gag, unworn_gag, wiffle_gag"
gagged,"cleave_gag, clothes_gag, hand_gagged, over_the_mouth_gag, over_the_nose_gag"
gakuseibou,hat
game_boy,"handheld_game_console, game_boy_(original), game_boy_color, game_boy_pocket"
game_boy_advance,"handheld_game_console, game_boy_advance_(original), game_boy_advance_sp, game_boy_micro"
game_console,"famicom, gamecube, nintendo_64, playstation_1, playstation_2, playstation_3, playstation_4, playstation_5, sega_dreamcast, sega_mega_drive, sega_saturn, super_famicom, wii, wii_u, xbox_360"
game_controller,"controller, arcade_stick, dreamcast_controller, dualshock, famicom_controller, gamecube_controller, holding_game_controller, joy-con, nes_controller, nintendo_64_controller, nintendo_switch_pro_controller, playstation_controller, super_famicom_controller, wii_remote, wii_u_gamepad, xbox_controller"
game_screenshot_background,screenshot_background
gameplay_ability,gameplay_mechanics
garden_of_thorns_(e.g.o),e.g.o_(project_moon)
garrison_cap,hat
garter_belt,"belt, lace-trimmed_garter_belt, panties_over_garter_belt, black_garter_belt, o-ring_garter_belt, white_garter_belt"
garter_straps,"black_garter_straps, blue_garter_straps, brown_garter_straps, green_garter_straps, grey_garter_straps, o-ring_garter_straps, orange_garter_straps, pink_garter_straps, purple_garter_straps, red_garter_straps, single_garter_strap, white_garter_straps, yellow_garter_straps"
gat_(hat),hat
gathers,frills
gatling_gun,"gau-8, m134_minigun, minigun"
gauntlets,"bridal_gauntlets, clawed_gauntlets, gloves, mittens, spiked_gauntlets, single_gauntlet"
gauze,"gauze_on_cheek, gauze_on_face, gauze_on_leg, gauze_over_eye"
gauze_on_face,"gauze, gauze_on_forehead"
gauze_on_leg,"gauze, gauze_on_thigh"
gaze_(e.g.o),e.g.o_(project_moon)
gazelle_ears,animal_ears
gear_fourth,"gear_fourth:_boundman, gear_fourth:_snakeman"
gelatin,food
gem,"glowing_gem, heart-shaped_gem, gem_(steven_universe), gem_(symbol), soul_gem_(madoka_magica), amber_(gemstone), aqua_gem, black_gem, blue_gem, green_gem, grey_gem, holding_gem, multicolored_gem, orange_gem, pearl, pink_gem, purple_gem, red_gem, white_gem, yellow_gem"
gender_transitioning,"gender_transitioning_(ftm), gender_transitioning_(mtf)"
genderswap,"recursive_genderswap, genderswap_(ftm), genderswap_(mtf), genderswap_(otf), genderswap_(otm), fully_genderswapped_group"
genderswap_(otf),"genderswap, double_other_genderswap"
genderswap_(otm),"genderswap, double_other_genderswap"
gentiana_(flower),flower
german_clothes,"dirndl, lederhosen"
german_flag_print,"flag_print, german_flag"
german_suplex,suplex
geta,tengu-geta
gewehr_43,rifle
ghost,"giving_up_the_ghost, sheet_ghost, ghost_type_theme_(pokemon)"
ghost_earrings,earrings
ghost_hat_ornament,hat_ornament
giant,"giant_male, giant_monster, giantess"
giant_monster,"monster, giant"
giant_snake,"snake, oversized_animal"
giant_sperm_cell,sperm_cell
gift,"christmas_present, gift_box, holding_gift"
gift_box,"box, gift"
gimp_mask,mask
gingerbread_man_hair_ornament,food-themed_hair_ornament
gingham_apron,"apron, gingham_clothes"
gingham_bikini,"bikini, gingham_clothes"
gingham_bow,bow
gingham_clothes,"gingham_apron, gingham_bikini, gingham_dress, gingham_necktie, gingham_pajamas, gingham_skirt"
gingham_dress,"dress, gingham_clothes"
gingham_necktie,"gingham_clothes, necktie"
gingham_pajamas,"gingham_clothes, pajamas"
gingham_skirt,"gingham_clothes, skirt"
giraffe_ears,animal_ears
giraffe_tail,tail
gladius,sword
glass_shard,holding_glass_shard
glasses,"3d_glasses, coke-bottle_glasses, opaque_glasses, partially_opaque_glasses, safety_glasses, sunglasses, teardrop-framed_glasses, bespectacled"
glitch_censor,"censored, glitch"
glitter_dress,dress
glory_wall,through_wall
glove_cutout,clothing_cutout
glove_in_mouth,"gloves, mouth_hold"
gloved_handjob,"gloves, handjob"
gloves,"mittens, adjusting_gloves, asymmetrical_gloves, elbow_gloves, fingerless_gloves, gauntlets, blood_on_gloves, boxing_gloves, cow_print_gloves, fishnet_gloves, fold-over_gloves, frilled_gloves, fur-trimmed_gloves, half_gloves, lace-trimmed_gloves, lace_gloves, latex_gloves, layered_gloves, leather_gloves, metal_gloves, mismatched_gloves, mma_gloves, no_gloves, partially_fingerless_gloves, paw_gloves, print_gloves, putting_on_gloves, ribbon-trimmed_gloves, rubber_gloves, see-through_gloves, spiked_gloves, striped_gloves, studded_gloves, torn_gloves, two-sided_gloves, under-elbow_gloves, uneven_gloves, unworn_gloves, vertical-striped_gloves, gloved_handjob, single_glove"
glowing,"bioluminescence, glowing_earrings, glowing_eye, glowing_eyes, glowing_hair, glowing_halo, glowing_hand, glowing_penis, glowing_petals, glowing_tattoo, glowing_weapon, glowing_wings"
glowing_armor,armor
glowing_earrings,"earrings, glowing"
glowing_halo,"halo, glowing"
glowing_penis,"glowing, penis"
glowing_petals,"glowing, petals"
glowing_tattoo,"tattoo, glowing"
glowing_weapon,"glowing, weapon, glowing_sword"
glowing_wings,"wings, glowing"
glowstick,"holding_glowstick, penlight_(glowstick)"
goat_ears,animal_ears
goatee,"goatee_stubble, facial_hair"
goatee_stubble,"stubble, goatee"
goggles,"adjusting_goggles, aviator_goggles, ski_goggles, swim_goggles, unworn_goggles, diving_mask, goggles_around_neck, goggles_on_head, goggles_on_headwear, holding_goggles"
goggles_on_head,"on_head, goggles, diving_mask_on_head"
gohei,"holding_gohei, oonusa"
gold_apron,apron
gold_armband,armband
gold_armor,armor
gold_ascot,ascot
gold_aura,aura
gold_babydoll,babydoll
gold_bandana,bandana
gold_bandeau,bandeau
gold_bangle,bangle
gold_beads,beads
gold_bell,bell
gold_belt,belt
gold_bikini,bikini
gold_block_(mario),block_(mario)
gold_bodice,bodice
gold_bodysuit,bodysuit
gold_boots,boots
gold_border,border
gold_bottle_cap_(pokemon),bottle_cap_(pokemon)
gold_bow,bow
gold_bowtie,bowtie
gold_bra,bra
gold_bracer,bracer
gold_bridal_gauntlets,bridal_gauntlets
gold_buckle,buckle
gold_buruma,buruma
gold_cape,cape
gold_capelet,capelet
gold_car,car
gold_card,card
gold_choker,choker
gold_circle,circle
gold_claws,claws
gold_cloak,cloak
gold_collar,collar
gold_corset,corset
gold_cross,cross
gold_cup,cup
gold_cutlery,cutlery
gold_dress,dress
gold_earrings,earrings
gold_embroidery,embroidery
gold_eyeshadow,eyeshadow
gold_feet,feet
gold_fire,fire
gold_flower,flower
gold_fork,fork
gold_garter_belt,garter_belt
gold_garter_straps,garter_straps
gold_gauntlets,gauntlets
gold_gloves,gloves
gold_gorget,gorget
gold_greaves,greaves
gold_hair_tie,hair_tie
gold_hairband,hairband
gold_halo,halo
gold_hat,hat
gold_headband,headband
gold_headdress,headdress
gold_heart,heart
gold_helmet,helmet
gold_hiphighs,hiphighs
gold_horns,horns
gold_jacket,jacket
gold_jewelry,jewelry
gold_knee_pads,knee_pads
gold_knife,knife
gold_kryptonite,kryptonite
gold_leggings,leggings
gold_leotard,leotard
gold_lips,lips
gold_lock,lock
gold_lotus,lotus
gold_maebari,maebari
gold_male_swimwear,male_swimwear
gold_mask,mask
gold_medal,medal
gold_necklace,necklace
gold_needle,needle
gold_one-piece_swimsuit,one-piece_swimsuit
gold_osmanthus,osmanthus
gold_outline,outline
gold_overalls,overalls
gold_panties,panties
gold_pasties,pasties
gold_pendant,pendant
gold_petals,petals
gold_piercing,piercing
gold_rabbit_fullbottle,rabbit_fullbottle
gold_rathian_(armor),rathian_(armor)
gold_ribbon,ribbon
gold_ring,ring
gold_robe,robe
gold_rose,rose
gold_rush_(e.g.o),e.g.o_(project_moon)
gold_sandals,sandals
gold_sarong,sarong
gold_sash,sash
gold_scales,scales
gold_scepter,scepter
gold_scrunchie,scrunchie
gold_shawl,shawl
gold_shirt,shirt
gold_shoes,shoes
gold_shorts,shorts
gold_shoulder_pads,shoulder_pads
gold_skirt,skirt
gold_skull,skull
gold_snake,snake
gold_spacecraft,spacecraft
gold_spoon,spoon
gold_tail,tail
gold_tattoo,tattoo
gold_teardrop,teardrop
gold_tears,tears
gold_teeth,teeth
gold_thigh_strap,thigh_strap
gold_thighhighs,thighhighs
gold_thong,thong
gold_tiara,tiara
gold_tooth,tooth
gold_vambraces,vambraces
gold_veil,veil
gold_weapon,weapon
gold_wheat,wheat
gold_whistle,whistle
gold_wrist_cuffs,wrist_cuffs
gold_wristwatch,wristwatch
gold_zipper,zipper
golf_cart,motor_vehicle
goose,bird
goth_fashion,"fashion, military_goth, trad_goth"
gown,"evening_gown, hospital_gown, dress"
grabbing_another's_breast,"groping, grabbed_breast_over_shoulder, guided_breast_grab"
grabbing_another's_ear,"hand_on_another's_ear, holding_by_the_ears"
grabbing_another's_face,head_grab
grabbing_another's_hair,"holding_another's_hair, grabbing_another's_twintails"
grabbing_another's_wing,wings
grabbing_own_breast,breasts
grabbing_own_hair,holding_own_hair
gradient_apron,apron
gradient_arm_warmers,arm_warmers
gradient_armpit_hair,armpit_hair
gradient_ascot,ascot
gradient_background,radial_gradient_background
gradient_beard,beard
gradient_belt,belt
gradient_bikini,bikini
gradient_bloomers,bloomers
gradient_bodysuit,bodysuit
gradient_boots,boots
gradient_border,border
gradient_bow,"bow, gradient_bowtie"
gradient_bowtie,"bowtie, gradient_bow"
gradient_bra,bra
gradient_bridal_gauntlets,bridal_gauntlets
gradient_butterfly,butterfly
gradient_camisole,camisole
gradient_cape,cape
gradient_capelet,capelet
gradient_cardigan,cardigan
gradient_choker,choker
gradient_cloak,cloak
gradient_clothes,"gradient_dress, gradient_jacket, gradient_kimono, gradient_leotard, gradient_shirt, gradient_skirt"
gradient_coat,coat
gradient_collar,collar
gradient_crown,crown
gradient_dress,"dress, gradient_clothes"
gradient_eyelashes,eyelashes
gradient_eyeshadow,eyeshadow
gradient_feathers,feathers
gradient_fire,fire
gradient_flower,flower
gradient_gloves,gloves
gradient_hakama,hakama
gradient_hanfu,hanfu
gradient_haori,haori
gradient_hat,hat
gradient_headband,headband
gradient_hiphighs,hiphighs
gradient_hood,hood
gradient_hoodie,hoodie
gradient_jacket,"gradient_clothes, jacket"
gradient_kimono,"gradient_clothes, kimono"
gradient_leg_warmers,leg_warmers
gradient_leggings,leggings
gradient_leotard,"gradient_clothes, leotard"
gradient_lineart,lineart
gradient_loincloth,loincloth
gradient_mask,mask
gradient_neck_ribbon,neck_ribbon
gradient_neckerchief,neckerchief
gradient_necktie,necktie
gradient_one-piece_swimsuit,one-piece_swimsuit
gradient_outline,outline
gradient_overalls,overalls
gradient_panties,panties
gradient_pants,pants
gradient_pantyhose,pantyhose
gradient_penis,penis
gradient_petals,petals
gradient_poncho,poncho
gradient_pubic_hair,pubic_hair
gradient_raincoat,raincoat
gradient_ribbon,ribbon
gradient_robe,robe
gradient_romper,romper
gradient_sailor_collar,sailor_collar
gradient_sandals,sandals
gradient_sarong,sarong
gradient_sash,sash
gradient_scales,scales
gradient_scarf,scarf
gradient_scrunchie,scrunchie
gradient_serafuku,serafuku
gradient_shadow,shadow
gradient_shawl,shawl
gradient_shirt,"gradient_clothes, shirt"
gradient_shoes,shoes
gradient_shorts,shorts
gradient_skirt,"gradient_clothes, skirt"
gradient_slingshot_swimsuit,slingshot_swimsuit
gradient_snake,snake
gradient_socks,socks
gradient_sweater,sweater
gradient_swimsuit,swimsuit
gradient_tail,tail
gradient_tentacles,tentacles
gradient_thighhighs,thighhighs
gradient_umbrella,umbrella
gradient_veil,veil
gradient_vest,vest
gradient_weapon,weapon
gradient_wings,"multicolored_wings, wings"
grapefruit,grapefruit_slice
graph,"bar_chart, cartesian_chart, pie_chart, radar_chart"
grass,tall_grass
grate,sewer_grate
great_pyramid_of_giza,pyramid_(structure)
great_trichiliocosm_(e.g.o),e.g.o_(project_moon)
greaves,"armor, single_greave"
greco-roman_clothes,"ancient_greek_clothes, roman_clothes"
green_anklet,anklet
green_anus,anus
green_apron,apron
green_arm_warmers,arm_warmers
green_armor,armor
green_armpit_hair,armpit_hair
green_ascot,ascot
green_assault_visor,assault_visor
green_aura,aura
green_bag,bag
green_belt,belt
green_bikini,bikini
green_bird,bird
green_blanket,blanket
green_bloomers,bloomers
green_blush,blush
green_bodice,bodice
green_bodystocking,bodystocking
green_bodysuit,bodysuit
green_bolo_tie,bolo_tie
green_boots,boots
green_bow,"bow, green_bowtie"
green_bowtie,"bowtie, green_bow"
green_bra,bra
green_camisole,camisole
green_cape,cape
green_capelet,capelet
green_car,car
green_carapace,carapace
green_cardigan,cardigan
green_carpet,carpet
green_cat,cat
green_chaps,chaps
green_choker,choker
green_circle,circle
green_circlet,circlet
green_claws,claws
green_coat,coat
green_coif,coif
green_crystal,crystal
green_dildo,dildo
green_dougi,dougi
green_dress,dress
green_emblem,emblem
green_facial_hair,facial_hair
green_feet,feet
green_flag,flag
green_flower,"flower, green_rose"
green_gakuran,gakuran
green_garter_belt,garter_belt
green_gauntlets,gauntlets
green_gerbera,gerbera
green_gloves,gloves
green_hair_ornament,hair_ornament
green_hairband,hairband
green_halo,halo
green_hanbok,hanbok
green_hat,hat
green_headdress,headdress
green_headgear,headgear
green_helmet,helmet
green_hood,hood
green_hoodie,hoodie
green_horns,horns
green_iguana,iguana
green_jacket,jacket
green_jeogori,jeogori
green_juice,juice
green_kimono,kimono
green_latex,latex
green_leaf,leaf
green_leather,leather
green_leotard,leotard
green_lightning,lightning
green_lineart,lineart
green_lips,lips
green_liquid,liquid
green_loincloth,loincloth
green_male_underwear,male_underwear
green_mask,mask
green_mushroom,mushroom
green_nargacuga_(armor),nargacuga_(armor)
green_neckerchief,neckerchief
green_necktie,necktie
green_negligee,negligee
green_one-piece_swimsuit,one-piece_swimsuit
green_overskirt,overskirt
green_paint,paint
green_pajamas,pajamas
green_panties,panties
green_pants,pants
green_pantyhose,pantyhose
green_pasties,pasties
green_pendant,pendant
green_penis,penis
green_pheasant,pheasant
green_pigeon,pigeon
green_pillow,pillow
green_plume,plume
green_poncho,poncho
green_ribbon,ribbon
green_romper,romper
green_rose,"green_flower, rose"
green_sandals,sandals
green_sarong,sarong
green_scales,scales
green_scarf,scarf
green_screen,screen
green_scrunchie,scrunchie
green_shawl,shawl
green_shirt,shirt
green_shoes,shoes
green_shorts,shorts
green_shoulder_rest,shoulder_rest
green_shrug,shrug_(clothing)
green_skirt,skirt
green_sky,sky
green_snake,snake
green_socks,socks
green_sponge,sponge
green_steam,steam
green_stem_(e.g.o),e.g.o_(project_moon)
green_sun,sun
green_sweater,sweater
green_swim_trunks,swim_trunks
green_sword,sword
green_tail,tail
green_tailcoat,tailcoat
green_tankini,tankini
green_tattoo,tattoo
green_tears,tears
green_thighhighs,thighhighs
green_tiara,tiara
green_toenails,toenails
green_turban,turban
green_umbrella,umbrella
green_unitard,unitard
green_veil,veil
green_veins,veins
green_vest,vest
green_water,water
green_wings,wings
grenade,"explosive, anti-tank_grenade, holding_grenade, plasma_grenade_(halo), rg-42, stick_grenade"
grenade_launcher,"weapon, daewoo_k11, denel_paw-20, m79, milkor_mgl, underbarrel_grenade_launcher, xm307"
grey_apron,apron
grey_arm_warmers,arm_warmers
grey_armband,armband
grey_armor,armor
grey_armpit_hair,armpit_hair
grey_aromantic_flag,aromantic_flag
grey_ascot,ascot
grey_asexual_flag,asexual_flag
grey_assault_visor,assault_visor
grey_bag,bag
grey_beak,beak
grey_beard,beard
grey_belt,belt
grey_bikini,bikini
grey_bird,bird
grey_blindfold,blindfold
grey_bloomers,bloomers
grey_bodystocking,bodystocking
grey_bodysuit,bodysuit
grey_boots,boots
grey_bow,"bow, grey_bowtie"
grey_bowtie,"bowtie, grey_bow"
grey_bra,bra
grey_bracelet,bracelet
grey_buruma,buruma
grey_bustier,bustier
grey_butterfly,butterfly
grey_camisole,camisole
grey_cape,cape
grey_capelet,capelet
grey_car,car
grey_carpet,carpet
grey_changpao,changpao
grey_chaps,chaps
grey_chemise,chemise
grey_choker,choker
grey_claws,claws
grey_cloak,cloak
grey_coat,coat
grey_coif,coif
grey_collar,collar
grey_dog,dog
grey_dougi,dougi
grey_dress,dress
grey_eyeliner,eyeliner
grey_feathers,feathers
grey_fire,fire
grey_flower,"flower, grey_rose"
grey_garter_belt,garter_belt
grey_gloves,gloves
grey_hairband,hairband
grey_halo,halo
grey_hanbok,hanbok
grey_hanfu,hanfu
grey_haori,haori
grey_happi,happi
grey_hat,hat
grey_headband,headband
grey_headdress,headdress
grey_helmet,helmet
grey_heron,heron
grey_hood,hood
grey_hoodie,hoodie
grey_horns,horns
grey_jacket,jacket
grey_kimono,kimono
grey_knight,knight
grey_leash,leash
grey_leotard,leotard
grey_lips,lips
grey_loincloth,loincloth
grey_male_underwear,male_underwear
grey_mask,mask
grey_neck_warmer,neck_warmer
grey_neckerchief,neckerchief
grey_necktie,necktie
grey_negligee,negligee
grey_nose,nose
grey_one-piece_swimsuit,one-piece_swimsuit
grey_overskirt,overskirt
grey_pajamas,pajamas
grey_panties,panties
grey_pants,pants
grey_pantyhose,pantyhose
grey_parka,parka
grey_penis,penis
grey_petals,petals
grey_poncho,poncho
grey_raincoat,raincoat
grey_ribbon,ribbon
grey_rose,"grey_flower, rose"
grey_sandals,sandals
grey_santa_costume,santa_costume
grey_sarong,sarong
grey_sash,sash
grey_scales,scales
grey_scarf,scarf
grey_scrunchie,scrunchie
grey_shawl,shawl
grey_shirt,shirt
grey_shoes,shoes
grey_shorts,shorts
grey_shrug,shrug_(clothing)
grey_skirt,skirt
grey_socks,socks
grey_sweater,sweater
grey_sweatsuit,sweatsuit
grey_swim_trunks,swim_trunks
grey_tail,tail
grey_tailcoat,tailcoat
grey_teeth,teeth
grey_thighhighs,thighhighs
grey_thong,thong
grey_tiara,tiara
grey_tongue,tongue
grey_umbrella,umbrella
grey_vest,vest
grey_wagtail,wagtail
grey_whale,whale
grey_wings,wings
grey_wolf,wolf
grey_wrist_cuffs,wrist_cuffs
greyscale,monochrome
grill,shichirin
grin,"smile, crazy_grin, evil_grin"
grinder_mk4_(e.g.o),e.g.o_(project_moon)
groping,"grabbing_another's_ass, grabbing_another's_breast"
group_profile,"group_picture, profile"
group_sex,"fivesome, foursome, gangbang, orgy, threesome"
gs_ball,poke_ball
guan_hat,"hat, mian_guan"
guided_breast_grab,"grabbing_another's_breast, guiding_hand"
guiding_hand,"guided_breast_grab, guided_crotch_grab, guided_fingering, guided_hand_on_cheek, guided_handjob, guided_headpat, guided_pectoral_grab, guided_thigh_grab"
guitar,"instrument, acoustic_guitar, electric_guitar, extended_range_guitar, holding_guitar, playing_guitar"
gumball,"candy, chewing_gum"
gun,"weapon, antique_firearm, bolt_action, bullpup, gun_on_back, gun_on_bipod, handgun, holding_gun, lever_action, machine_gun, magical_musket_(madoka_magica), musket, revolver, rifle, shotgun, submachine_gun"
gun_between_breasts,"gun, weapon_between_breasts"
gun_on_back,"back, gun, weapon_on_back"
gun_on_bipod,"bipod, gun"
gunbelt,belt
gunblade,weapon
gunpla,model_kit
guy_fawkes_mask,mask
gyaru,"amesuku_gyaru, onee_gyaru, agejo_gyaru, amekaji_gyaru, ganguro, hime_gyaru, kogal, manba_gyaru, rokku_gyaru"
gyaru_v,"v, double_gyaru_v"
gym_uniform,tokiwadai_school_gym_uniform
gymnastics,rhythmic_gymnastics
gyuudon,food
h&k_g36,assault_rifle
h&k_g36c,assault_rifle
h&k_g41,assault_rifle
h&k_hk33,assault_rifle
h&k_mark_23,handgun
h&k_mp5sd,"submachine_gun, suppressor"
h&k_vp70,handgun
h&k_vp9,handgun
h&k_xm8,assault_rifle
haiku,poem
hair_beads,"beads, hair_ornament"
hair_bell,"bell, hair_ornament"
hair_between_eyes,long_hair_between_eyes
hair_bow,"hair_ribbon, hairband, bow, hair_ornament, headband, multiple_hair_bows"
hair_bun,"cone_hair_bun, donut_hair_bun, heart_hair_bun, single_hair_bun, braided_bun, bun_with_braided_base, double_bun, side_up_bun, single_side_bun, triple_bun"
hair_flower,"flower, hair_ornament, flower_in_braid, sunflower_hair_ornament"
hair_ornament,"hair_bow, hair_ribbon, hairband, hairclip, headband, alternate_hair_ornament, anchor_hair_ornament, apple_hair_ornament, bandaid_hair_ornament, bat_hair_ornament, bear_hair_ornament, bird_hair_ornament, bone_hair_ornament, broken_heart_hair_ornament, butterfly_hair_ornament, candy_hair_ornament, carrot_hair_ornament, cat_hair_ornament, character_hair_ornament, cherry_hair_ornament, cloud_hair_ornament, clover_hair_ornament, coin_hair_ornament, crescent_hair_ornament, cross_hair_ornament, crown_hair_ornament, crystal_hair_ornament, cube_hair_ornament, d-pad_hair_ornament, diamond_hair_ornament, dice_hair_ornament, dog_hair_ornament, dolphin_hair_ornament, egg_hair_ornament, eyeball_hair_ornament, fan_hair_ornament, feather_hair_ornament, fish_hair_ornament, fish_skeleton_hair_ornament, food-themed_hair_ornament, fork_hair_ornament, four-leaf_clover_hair_ornament, fox_hair_ornament, frog_hair_ornament, gear_hair_ornament, gem_hair_ornament, ghost_hair_ornament, grape_hair_ornament, heart_hair_ornament, hexagon_hair_ornament, holly_hair_ornament, jack-o'-lantern_hair_ornament, leaf_hair_ornament, lemon_hair_ornament, letter_hair_ornament, lifebuoy_hair_ornament, lightning_bolt_hair_ornament, magatama_hair_ornament, musical_note_hair_ornament, no_hair_ornament, panda_hair_ornament, paw_hair_ornament, pearl_hair_ornament, pill_hair_ornament, pinwheel_hair_ornament, planet_hair_ornament, pom_pom_hair_ornament, propeller_hair_ornament, pumpkin_hair_ornament, rabbit_hair_ornament, radar_hair_ornament, razor_blade_hair_ornament, ring_hair_ornament, screw_hair_ornament, shark_hair_ornament, shell_hair_ornament, shuriken_hair_ornament, skull_hair_ornament, smokestack_hair_ornament, snake_hair_ornament, snowflake_hair_ornament, spade_hair_ornament, sparkle_hair_ornament, sphere_hair_ornament, star_hair_ornament, starfish_hair_ornament, strawberry_hair_ornament, sunflower_hair_ornament, tassel_hair_ornament, triangle_hair_ornament, unworn_hair_ornament, whale_hair_ornament, wing_hair_ornament, winged_hair_ornament, x_hair_ornament, hair_bell, hair_bobbles, hair_flower, hair_scrunchie, hair_stick"
hair_over_breasts,"breasts, hair_over_one_breast"
hair_ribbon,"hair_bow, hairband, hair_ornament, headband, ribbon, ribbon_in_braid, tress_ribbon"
hair_rings,"braided_hair_rings, feixianji_(hairstyle), katsuyamamage, low-tied_hair_rings, mizura, quad_hair_rings, single_hair_ring, tri_hair_rings"
hair_scrunchie,"scrunchie, hair_ornament"
hair_stick,"hair_ornament, chinese_hairpin"
hair_tubes,"frilled_hair_tubes, metal_hair_tubes, single_hair_tube"
hairband,"hair_bow, hair_ribbon, animal_ear_hairband, bow_hairband, hair_ornament, headband, cat_ear_hairband, checkered_hairband, cow_ear_hairband, diamond_hairband, flower_hairband, frilled_hairband, horn_hairband, lace-trimmed_hairband, lolita_hairband, metal_hairband, polka_dot_hairband, print_hairband, rabbit_ear_hairband, ribbon-trimmed_hairband, spiked_hairband, striped_hairband, unworn_hairband, lace_hairband, plaid_hairband, winged_hairband"
hairclip,"flower_hairclip, hair_ornament, multiple_hairclips, parallel_hairclips, unworn_hairclip"
hairstyle_switch,"alternate_hairstyle, group_hairstyle_switch"
hakama,"kimono, yukata, hakama_skirt, japanese_clothes, black_hakama, blue_hakama, brown_hakama, green_hakama, grey_hakama, hakama_pants, hakama_shorts, pink_hakama, print_hakama, purple_hakama, red_hakama, torn_hakama, white_hakama, yellow_hakama"
hakama_lift,clothes_lift
hakama_pants,"pants, hakama"
hakama_shorts,"shorts, hakama"
hakama_skirt,"hakama, skirt, hakama_short_skirt"
half_gloves,"gloves, single_half_glove"
halftone,"halftone_background, halftone_outline"
halftone_outline,"halftone, outline"
halo,"blood_halo, broken_halo, corrupted_halo, crescent_halo, horns, wings, cross_halo, distorted_halo, double_halo, fake_halo, glowing_halo, heart_halo, liquid_halo, mechanical_halo, melting_halo, missing_halo, rectangular_halo, spiked_halo, star_halo, tilted_halo, traditional_halo, triangle_halo, winged_halo, halo_behind_head"
halo_removed,halo
halter_dress,"dress, halterneck"
halter_leotard,"leotard, halterneck"
halter_shirt,"shirt, halterneck"
halterneck,"collared_halterneck, criss-cross_halter, halter_dress, halter_leotard, halter_shirt"
ham,"food, prosciutto_(food)"
hammer,"claw_hammer, holding_hammer, sledgehammer, war_hammer"
hamster_ears,animal_ears
hamster_on_shoulder,"animal_on_shoulder, hamster"
hanbok,"korean_clothes, black_hanbok, blue_hanbok, pink_hanbok, white_hanbok"
hand_between_own_legs,"legs, between_legs"
hand_fan,"folding_fan, harisen, holding_fan, paper_fan, tuanshan, war_fan"
hand_gagged,"gagged, hand_over_another's_mouth"
hand_grip,holding_hand_grip
hand_in_bra,bra
hand_in_pajamas,pajamas
hand_on_another's_cheek,hand_on_another's_face
hand_on_another's_chin,"grabbing_another's_chin, stroking_another's_chin"
hand_on_book,book
hand_on_own_cheek,hand_on_own_face
hand_on_own_chin,stroking_own_chin
hand_on_own_ear,pulling_own_ear
hand_over_another's_mouth,"covering_another's_mouth, hand_gagged"
hand_under_clothes,"hand_under_shirt, hand_under_shorts, hand_under_skirt, hand_under_swimsuit"
hand_under_shirt,"shirt, hand_under_clothes"
hand_under_shorts,"hand_under_clothes, shorts"
hand_under_skirt,"skirt, hand_under_clothes"
hand_under_swimsuit,"swimsuit, hand_under_clothes"
handbag,"bag, clutch_purse"
handcuffs,"cuffs, holding_handcuffs"
handgun,"gun, beretta_92, desert_eagle, fn_five-seven, glock, h&k_p30, h&k_usp, luger_p08, m1911, mauser_c96, sig_p220/p226, smith_&_wesson_m&p, thompson/center_contender, tokarev_tt-33, walther_ppk, welrod"
handheld_game_console,"atari_lynx, game_boy, game_boy_advance, holding_handheld_game_console, nintendo_2ds, nintendo_3ds, nintendo_ds, nintendo_ds_lite, nintendo_dsi, nintendo_switch_lite, playstation_portable, playstation_vita, sega_game_gear, wonderswan"
handheld_metal_detector,holding_handheld_metal_detector
handjob,"cooperative_handjob, cuddling_handjob, double_handjob, gloved_handjob, handjob_over_clothes, milking_handjob, mutual_handjob, nursing_handjob, reverse_grip_handjob, reverse_nursing_handjob, stealth_handjob, two-handed_handjob"
handjob_with_legwear,penis_in_unworn_legwear
hands_on_another's_cheeks,hands_on_another's_face
hands_on_own_cheeks,hands_on_own_face
handstand,one_arm_handstand
hanfu,"chinese_clothes, aoqun, aqua_hanfu, black_hanfu, blue_hanfu, duijin_ruqun, green_hanfu, jiaoling_ruqun, pink_hanfu, qixiong_ruqun, qungua, red_hanfu, ruqun, white_hanfu, zhijupao"
hanging_flower,flower
haori,"checkered_haori, print_haori, taichou_haori, haori_himo, japanese_clothes, aqua_haori, black_haori, blue_haori, brown_haori, green_haori, orange_haori, pink_haori, purple_haori, red_haori, white_haori, yellow_haori"
happi,"mizu_happi, japanese_clothes, black_happi, blue_happi, green_happi, pink_happi, purple_happi, red_happi, white_happi, yellow_happi"
harmonica,instrument
harmony_(e.g.o),e.g.o_(project_moon)
harness,"gag_harness, chest_harness, o-ring_harness"
harpoon,harpoon_gun
harpsichord,instrument
hashitsuki_nata,nata_(tool)
hat,"animal_hat, backwards_hat, bear_hat, beret, boater_hat, helmet, bowl_hat, bowler_hat, bucket_hat, cat_hat, checkered_hat, chef_hat, conical_hat, cowboy_hat, dixie_cup_hat, food-themed_hat, fox_hat, frilled_hat, fur_hat, guan_hat, hand_on_own_hat, hard_hat, hat_feather, hat_loss, hat_tassel, hat_tip, horned_hat, knit_hat, large_hat, military_hat, mini_chef_hat, mini_hat, mini_top_hat, mini_witch_hat, mushroom_hat, nontraditional_witch_hat, party_hat, pillbox_hat, pirate_hat, plaid_hat, police_hat, porkpie_hat, print_hat, pumpkin_hat, rabbit_hat, rice_hat, sailor_hat, santa_hat, school_hat, sideways_hat, straw_hat, straw_hat_pirates, striped_hat, sun_hat, tokin_hat, top_hat, torn_hat, tulip_hat, unworn_hat, whale_hat, winged_hat, witch_hat, wizard_hat, baseball_cap, beanie, hat_bow, hat_flower, hat_ribbon, mob_cap, peaked_cap"
hat_bow,"bow, hat"
hat_flower,"flower, hat"
hat_ornament,"anchor_hat_ornament, bird_hat_ornament, butterfly_hat_ornament, crescent_hat_ornament, fruit_hat_ornament, grape_hat_ornament, heart_hat_ornament, horseshoe_hat_ornament, leaf_hat_ornament, pom_pom_hat_ornament, skull_hat_ornament, star_hat_ornament, clock_hat_ornament, food-themed_hat_ornament, gear_hat_ornament, holly_hat_ornament, musical_note_hat_ornament, rabbit_hat_ornament, shell_hat_ornament, snowflake_hat_ornament"
hat_ribbon,"ribbon, hat"
hat_with_ears,hat
hatching_(texture),"crosshatching, linear_hatching, woven_hatching"
hawaiian_pizza,"pineapple_on_pizza, pizza"
hawk,bird
hay,"hay_bale, haystack"
head-mounted_display,"head-mounted_display_lift, htc_vive, oculus_headset"
head_on_head,"on_head, head_rest"
head_under_another's_clothes,under_another's_clothes
head_up_shirt,shirt
head_wings,"wings, single_head_wing"
headband,"chain_headband, hair_bow, hair_ornament, hair_ribbon, hairband, spiked_headband, animal_ear_headband, black_headband, blue_headband, green_headband, hachimaki, mongkhon, orange_headband, pink_headband, print_headband, red_headband, striped_headband, torn_headband, tying_headband, white_headband, yellow_headband"
headdress,"maid_headdress, nun_headdress, native_american_headdress"
headphones,"animal_ear_headphones, behind-the-head_headphones, cat_ear_headphones, hand_on_headphones, hands_on_headphones, rabbit_ear_headphones, akg_k-series_headphones, bunny_headphones, headphones_around_neck, headphones_over_headwear, headphones_removed, holding_headphones, unworn_headphones"
heads-up_display,user_interface
heads_together,"cheek-to-cheek, forehead-to-forehead"
headscarf,"aqua_headscarf, black_headscarf, blue_headscarf, brown_headscarf, green_headscarf, grey_headscarf, orange_headscarf, pink_headscarf, purple_headscarf, red_headscarf, white_headscarf, yellow_headscarf"
headset,"speaking_tube_headset, interface_headset_(evangelion)"
heal_ball,poke_ball
heart,"heart-shaped_eyewear, heart-shaped_food, heart-shaped_pupils, heart_ahoge, heart_brooch, heart_censor, heart_choker, heart_earrings, heart_hair_ornament, heart_hands, heart_in_eye, heart_necklace, heart_of_string, heart_print, spoken_heart"
heart-shaped_bandaid,"bandaid, heart"
heart-shaped_buckle,"buckle, heart"
heart-shaped_cake,"cake, heart-shaped_food"
heart-shaped_chocolate,"candy, chocolate, heart-shaped_food"
heart-shaped_cookie,"cookie, heart-shaped_food"
heart-shaped_donut,"donut, heart-shaped_food"
heart-shaped_eyes,heart
heart-shaped_food,"food, heart, heart-shaped_cake, heart-shaped_chocolate, heart-shaped_cookie, heart-shaped_donut, heart-shaped_lollipop"
heart-shaped_hair,heart
heart-shaped_lollipop,"heart-shaped_food, shaped_lollipop"
heart-shaped_pillow,"heart, pillow"
heart-shaped_pupils,"heart, symbol-shaped_pupils"
heart_ahoge,"ahoge, heart"
heart_arms,"heart_arms_duo, heart_arms_quartet, heart_arms_team, heart_arms_trio"
heart_arrow,"arrow_(projectile), heart"
heart_background,heart
heart_bracelet,"bracelet, heart"
heart_brooch,"brooch, heart"
heart_censor,"censored, heart"
heart_choker,"choker, heart"
heart_earrings,"earrings, heart"
heart_eyepatch,"eyepatch, heart"
heart_facial_mark,"facial_mark, heart"
heart_hair_ornament,"hair_ornament, broken_heart_hair_ornament, heart"
heart_hairband,"hairband, heart"
heart_halo,"halo, heart"
heart_hands,"four-finger_heart_hands, heart_hands_failure, heart_in_heart_hands, heart, cat_ear_heart_hands, heart_hands_duo, heart_hands_over_eye, heart_hands_quartet, heart_hands_trio, thumbs_down_heart_hands"
heart_hands_duo,"heart_hands, heart_hands_duo_chain"
heart_hat_ornament,"hat_ornament, heart"
heart_in_eye,"heart, symbol_in_eye"
heart_in_mouth,heart
heart_necklace,"necklace, heart"
heart_o-ring,"o-ring, heart, heart_ring_bottom, heart_ring_choker, heart_ring_top"
heart_print,"heart, heart_print_panties"
heart_print_panties,"panties, print_panties, heart_print"
heart_ring_choker,"choker, ring, heart_o-ring, o-ring_choker"
heart_sticker,"heart, sticker"
heart_tail,"tail, heart"
heart_tattoo,"tattoo, winged_heart_tattoo, heart"
heart_wings,"heart, wings"
heaven_(e.g.o),e.g.o_(project_moon)
heavy_ball,poke_ball
heavy_lens_flare,lens_flare
heavy_machine_gun,"machine_gun, browning_m2, dshk, type_92_(heavy_machine_gun)"
helicopter,"aircraft, amphibious_helicopter, attack_helicopter, ch-47_chinook, ch-53, police_helicopter, uh-1_iroquois, uh-60_blackhawk"
helmet,"animal_ear_helmet, animal_helmet, armor, baseball_helmet, combat_helmet, hat, fishbowl_helmet, horned_helmet, motorcycle_helmet, pilot_helmet, pith_helmet, space_helmet, spiked_helmet, tank_helmet, unworn_helmet, winged_helmet, hard_hat, helm, helmet_over_eyes, kabuto_(helmet)"
helmet_over_eyes,"covered_eyes, helmet"
heron,bird
hexagram,star_of_david
hiding,hiding_behind_another
high-low_dress,dress
high-low_skirt,skirt
high-visibility_clothing,"high-visibility_jacket, high-visibility_pants, high-visibility_vest"
high-visibility_vest,"vest, high-visibility_clothing"
high_denomination_banknote,"banknote, 10000_yen_note, hundred_dollar_bill"
high_heel_sandals,"sandals, high_heels"
high_heels,"boots, shoes, high_heel_boots, high_heel_sandals, pumps, stiletto_heels"
highleg,"highleg_bikini, highleg_buruma, highleg_dress, highleg_leotard, highleg_one-piece_swimsuit, highleg_panties"
highleg_bikini,"bikini, highleg"
highleg_dress,"dress, highleg"
highleg_leotard,"leotard, highleg"
highleg_one-piece_swimsuit,"swimsuit, one-piece_swimsuit, highleg"
highleg_panties,"panties, highleg"
highway,"divided_highway, elevated_highway"
hijab,"aqua_hijab, black_hijab, blue_hijab, brown_hijab, green_hijab, grey_hijab, hijab_as_hair, orange_hijab, pink_hijab, purple_hijab, red_hijab, white_hijab, yellow_hijab"
hiphighs,"black_hiphighs, blue_hiphighs, brown_hiphighs, fishnet_hiphighs, frilled_hiphighs, green_hiphighs, grey_hiphighs, pink_hiphighs, purple_hiphighs, red_hiphighs, striped_hiphighs, thighband_hiphighs, torn_hiphighs, white_hiphighs"
hippopotamus,"baby_hippopotamus, pygmy_hippopotamus"
hippopotamus_ears,animal_ears
hippopotamus_tail,tail
hisuian_heavy_ball,poke_ball
hisuian_ultra_ball,poke_ball
hokkai,makai_(touhou)
holding,"dual_wielding, holding_bag, holding_book, holding_bottle, holding_cup, holding_fan, holding_flower, holding_food, holding_knife, holding_microphone, holding_phone, holding_staff, holding_umbrella, holding_unworn_clothes, holding_weapon"
holding_anchor,"anchor, holding"
holding_animal,"animal, holding, holding_bird, holding_cat, holding_dog, holding_fish, holding_frog, holding_rabbit, holding_snake"
holding_another's_ankle,holding_another's_leg
holding_another's_ankles,holding_another's_legs
holding_another's_horns,horns
holding_another's_tail,tail
holding_arrow,"arrow_(projectile), holding"
holding_axe,"axe, holding"
holding_bag,"bag, holding"
holding_ball,"ball, holding, holding_beachball"
holding_balloon,"balloon, holding"
holding_bamboo_steamer,"bamboo_steamer, holding"
holding_bandages,"bandages, holding"
holding_bandaid,"bandaid, holding"
holding_banner,"banner, holding"
holding_barcode_scanner,"barcode_scanner, holding"
holding_baseball_bat,"baseball_bat, holding"
holding_basket,"basket, holding"
holding_bass_guitar,"bass_guitar, holding_instrument"
holding_baton_(weapon),"baton_(weapon), holding_weapon"
holding_beachball,"beachball, holding_ball"
holding_behind_back,"holding, holding_knife_behind_back, holding_weapon_behind_back"
holding_bell,"bell, holding"
holding_belt,"belt, holding"
holding_bento,"bento, holding"
holding_binoculars,"binoculars, holding"
holding_bird,"bird, holding_animal"
holding_blanket,"blanket, holding"
holding_bomb,"bomb, holding"
holding_bone,"bone, holding"
holding_book,"book, holding, hugging_book"
holding_bottle,"bottle, holding"
holding_bouquet,"bouquet, holding"
holding_bow_(music),"bow_(music), holding"
holding_bow_(ornament),"bow, holding"
holding_bow_(weapon),"bow_(weapon), holding_weapon, drawing_bow"
holding_bowl,"bowl, holding"
holding_box,"box, holding"
holding_boxcutter,"boxcutter, holding"
holding_bra,"bra, holding_underwear"
holding_branch,"branch, holding"
holding_briefcase,"briefcase, holding"
holding_broom,"broom, holding"
holding_brush,"holding, holding_makeup_brush"
holding_bucket,"bucket, holding"
holding_bullet,"bullet, holding"
holding_burger,"burger, holding_food"
holding_butterfly_net,"butterfly_net, holding"
holding_cable,"cable, holding"
holding_cage,"cage, holding"
holding_cake,"cake, holding_food"
holding_calligraphy_brush,"calligraphy_brush, holding_paintbrush"
holding_camera,"camera, holding"
holding_can,"can, holding"
holding_candle,"candle, holding"
holding_candlestand,"candlestand, holding"
holding_candy,"candy, holding_food, holding_candy_cane, holding_lollipop"
holding_candy_apple,"candy_apple, holding_food"
holding_candy_cane,"candy_cane, holding_candy"
holding_cane,"cane, holding"
holding_cannon,"cannon, holding"
holding_card,"card, holding, card_between_fingers"
holding_carrot,"carrot, holding"
holding_cat,"cat, holding_animal"
holding_cat_teaser,"cat_teaser, holding"
holding_chain,"chain, holding"
holding_chainsaw,"chainsaw, holding"
holding_chakram,"chakram, holding_weapon"
holding_chalk,"chalk, holding"
holding_charm,"charm_(object), holding"
holding_chess_piece,"chess_piece, holding"
holding_chocolate,"chocolate, holding_food"
holding_chopsticks,"chopsticks, holding, holding_with_chopsticks"
holding_cigar,"cigar, holding"
holding_cigarette,"cigarette, holding"
holding_cigarette_pack,"cigarette_pack, holding"
holding_cleaver,"cleaver, holding"
holding_clipboard,"clipboard, holding"
holding_clothes_hanger,"clothes_hanger, holding"
holding_clover,"clover, holding"
holding_club,"club_(weapon), holding_weapon"
holding_coat,"holding_unworn_clothes, unworn_coat"
holding_cocktail_shaker,"cocktail_shaker, holding"
holding_coffee_pot,"coffee_pot, holding"
holding_coin,"coin, holding"
holding_collar,"collar, holding"
holding_comb,"comb, holding"
holding_compact,"compact_(cosmetics), holding"
holding_computer_mouse,"computer_mouse, holding"
holding_condom,"condom, holding"
holding_controller,"controller, holding, holding_game_controller, holding_remote_control"
holding_cookie,"cookie, holding_food"
holding_cooking_pot,"cooking_pot, holding"
holding_cotton_candy,"cotton_candy, holding_food"
holding_crayon,"crayon, holding"
holding_creature,"creature, holding"
holding_crepe,"crepe, holding_food"
holding_cross,"cross, holding"
holding_crossbow,"crossbow, holding_weapon"
holding_crowbar,"crowbar, holding"
holding_crown,"crown, holding"
holding_crystal,"crystal, holding"
holding_cue_stick,"cue_stick, holding"
holding_cup,"cup, holding"
holding_dagger,"dagger, holding_knife, holding_weapon"
holding_detached_head,holding
holding_dice,"dice, holding"
holding_diploma,"diploma, holding"
holding_dog,"dog, holding_animal"
holding_doll,"doll, holding"
holding_donut,"donut, holding_food"
holding_drawing,"drawing_(object), holding"
holding_drawing_tablet,"drawing_tablet, holding"
holding_drink,"drink, holding"
holding_drink_carton,"drink_carton, holding, holding_juice_box, holding_milk_carton"
holding_drinking_straw,"drinking_straw, holding"
holding_drumsticks,"drumsticks, holding"
holding_dumbbell,"dumbbell, holding"
holding_duster,"duster, holding"
holding_dustpan,"dustpan, holding"
holding_earphones,"earphones, holding"
holding_earrings,"earrings, holding_jewelry"
holding_egg,"egg, holding"
holding_ema,"ema, holding"
holding_energy_gun,"energy_gun, holding_weapon"
holding_envelope,"envelope, holding"
holding_eyeball,"eyeball, holding"
holding_fan,"hand_fan, holding"
holding_feather,"feathers, holding"
holding_fireworks,"fireworks, holding"
holding_fish,"fish, holding_animal"
holding_fishing_rod,"fishing_rod, holding"
holding_flag,"flag, holding"
holding_flail,"flail, holding_weapon"
holding_flamethrower,"flamethrower, holding_weapon"
holding_flashlight,"flashlight, holding"
holding_flask,"flask, holding"
holding_flower,"flower, holding"
holding_flower_pot,"flower_pot, holding"
holding_flute,"flute, holding_instrument"
holding_folder,"folder, holding"
holding_food,"food, holding, holding_burger, holding_cake, holding_candy, holding_candy_apple, holding_chocolate, holding_cookie, holding_cotton_candy, holding_crepe, holding_donut, holding_fruit, holding_ice_cream, holding_pizza, holding_pocky, holding_popsicle, holding_vegetable"
holding_fork,"fork, holding"
holding_fruit,"fruit, holding_food"
holding_frying_pan,"frying_pan, holding"
holding_game_controller,"game_controller, holding_controller"
holding_gem,"gem, holding"
holding_gift,"gift, holding"
holding_gloves,"holding_unworn_clothes, unworn_gloves"
holding_glowstick,"glowstick, holding"
holding_goggles,"goggles, holding"
holding_gohei,"gohei, holding"
holding_golf_club,"golf_club, holding"
holding_gourd,"gourd, holding"
holding_grenade,"grenade, holding"
holding_guitar,"guitar, holding_instrument"
holding_gun,"gun, holding_weapon"
holding_hair_brush,"hair_brush, holding"
holding_hair_dryer,"hair_dryer, holding"
holding_hair_ornament,"hair_ornament, holding"
holding_hair_tie,"hair_tie, holding"
holding_halloween_bucket,"halloween_bucket, holding"
holding_halo,"halo, halo_grab"
holding_hammer,"hammer, holding"
holding_handcuffs,"handcuffs, holding"
holding_handheld_game_console,"handheld_game_console, holding"
holding_handkerchief,"handkerchief, holding"
holding_headphones,"headphones, holding"
holding_heart,"heart, holding"
holding_heart_(organ),"heart_(organ), holding"
holding_hookah,"holding, hookah"
holding_hose,"holding, hose"
holding_hourglass,hourglass
holding_ice_cream,"holding_food, ice_cream"
holding_ice_cream_cone,"holding, ice_cream_cone"
holding_ice_cream_scoop_(utensil),ice_cream_scoop_(utensil)
holding_id_card,"holding, id_card"
holding_instrument,"holding, instrument, holding_bass_guitar, holding_flute, holding_guitar, holding_lyre, holding_maracas, holding_saxophone, holding_tambourine, holding_trombone, holding_trumpet, holding_ukulele, holding_violin"
holding_jar,"holding, jar"
holding_jewelry,"holding, jewelry, holding_earrings, holding_necklace, holding_ring"
holding_juice_box,"holding, holding_drink_carton, juice_box"
holding_jump_rope,"holding, jump_rope"
holding_kettle,"holding, kettle"
holding_key,"holding, key"
holding_kite,kite
holding_knife,"holding, knife, holding_dagger, holding_knife_behind_back, knives_between_fingers"
holding_knife_behind_back,"holding_behind_back, holding_knife"
holding_kunai,"holding_weapon, kunai"
holding_ladle,"holding, ladle"
holding_lantern,"holding, lantern"
holding_laptop,"holding, laptop"
holding_lasso,lasso
holding_lead_pipe,"holding, lead_pipe"
holding_leaf,"holding, leaf"
holding_leash,"holding, leash"
holding_letter,"holding, letter"
holding_lighter,"holding, lighter"
holding_lipstick_tube,"holding, lipstick_tube"
holding_lollipop,"holding_candy, lollipop"
holding_lyre,"holding_instrument, lyre"
holding_mace,"holding_weapon, mace"
holding_machete,"holding, machete"
holding_magazine,"holding, magazine_(object)"
holding_magazine_(weapon),"holding, magazine_(weapon)"
holding_magnifying_glass,"holding, magnifying_glass"
holding_mahjong_tile,"holding, mahjong_tile"
holding_makeup_brush,"holding_brush, makeup_brush"
holding_mallet,"holding, mallet"
holding_manga,"holding, manga_(object)"
holding_map,"holding, map"
holding_maracas,"holding_instrument, maracas"
holding_marker,"holding, marker"
holding_mask,"holding, mask"
holding_matchstick,"holding, matchstick"
holding_megaphone,"holding, megaphone"
holding_menu,"holding, menu"
holding_microphone,"holding, microphone"
holding_microphone_stand,"holding, microphone_stand"
holding_milk_carton,"holding, holding_drink_carton, milk_carton"
holding_mini_person,"holding, mini_person"
holding_mirror,"holding, mirror"
holding_mistletoe,"holding, mistletoe"
holding_money,"holding, money"
holding_mop,"holding, mop"
holding_mp3_player,"holding, mp3_player"
holding_mushroom,"holding, mushroom"
holding_nail,"holding, nail_(hardware)"
holding_necklace,"holding_jewelry, necklace"
holding_needle,"holding, needle, needles_between_fingers"
holding_newspaper,"holding, newspaper"
holding_notebook,"holding, notebook"
holding_notepad,"holding, notepad"
holding_nunchaku,"holding_weapon, nunchaku"
holding_oar,"holding, oar"
holding_ofuda,"holding, ofuda, ofuda_between_fingers"
holding_omikuji,"holding, omikuji"
holding_orb,"holding, orb"
holding_own_horns,horns
holding_own_tail,tail
holding_pacifier,pacifier
holding_paddle,"holding, paddle"
holding_paint_palette,"holding, paint_palette"
holding_paint_roller,paint_roller
holding_paintbrush,"holding, paintbrush, holding_calligraphy_brush"
holding_painting,painting_(object)
holding_panties,"holding_underwear, panties, presenting_removed_panties"
holding_paper,"holding, paper"
holding_paper_airplane,"holding, paper_airplane"
holding_party_popper,"holding, party_popper"
holding_pastry_bag,"holding, pastry_bag"
holding_pen,"holding, pen"
holding_pencil,"holding, pencil"
holding_pendulum,"holding, pendulum"
holding_petal,"holding, petals"
holding_phone,"holding, phone"
holding_photo,"holding, photo_(object)"
holding_pickaxe,"holding, pickaxe"
holding_picnic_basket,picnic_basket
holding_picture_frame,"holding, picture_frame"
holding_pill,"holding, pill"
holding_pillow,"holding, pillow"
holding_pinwheel,"holding, pinwheel"
holding_pitcher,pitcher_(container)
holding_pitchfork,"holding, pitchfork"
holding_pizza,"holding_food, pizza"
holding_plant,"holding, plant"
holding_plate,"holding, plate"
holding_plectrum,"holding, plectrum"
holding_pliers,pliers
holding_plunger,plunger
holding_pocket_watch,"holding, pocket_watch"
holding_pocky,"holding_food, pocky"
holding_pointer,"holding, pointer"
holding_poke_ball,"holding, poke_ball"
holding_pokedex,pokedex
holding_pokemon,"holding, pokemon_(creature)"
holding_poker_chip,poker_chip
holding_pole,"holding, pole"
holding_polearm,"holding_weapon, polearm, holding_polearm_behind_back"
holding_polearm_behind_back,"holding_polearm, holding_weapon_behind_back"
holding_pom_poms,"holding, pom_pom_(cheerleading)"
holding_popsicle,"holding_food, popsicle"
holding_pregnancy_test,"holding, pregnancy_test"
holding_pumpkin,"holding, pumpkin"
holding_puzzle_piece,puzzle_piece
holding_quill,"holding, quill"
holding_rabbit,"holding_animal, rabbit"
holding_racket,"holding, racket"
holding_rake,rake
holding_rattle,"holding, rattle"
holding_razor,"holding, razor"
holding_razor_blade,razor_blade
holding_reins,"holding, reins"
holding_remote_control,"holding_controller, remote_control"
holding_removed_eyewear,"holding, unworn_eyewear"
holding_ribbon,"holding, ribbon"
holding_riding_crop,"holding, riding_crop"
holding_ring,"holding_jewelry, ring"
holding_road_sign,"holding, road_sign"
holding_rock,"holding, rock"
holding_rocket,rocket
holding_rocket_launcher,"holding_weapon, rocket_launcher"
holding_rolling_pin,rolling_pin
holding_rope,"holding, rope"
holding_ruler,"holding, ruler"
holding_sack,"holding, sack"
holding_sandwich,"holding_food, sandwich"
holding_saucer,"holding, saucer"
holding_saxophone,"holding_instrument, saxophone"
holding_scalpel,"holding, scalpel"
holding_scepter,"holding, scepter"
holding_scissors,"holding, scissors"
holding_screwdriver,"holding, screwdriver"
holding_scroll,"holding, scroll"
holding_scythe,"holding, scythe"
holding_sex_toy,"holding, sex_toy"
holding_sheath,"holding, sheath"
holding_sheet,"bed_sheet, holding"
holding_shield,"holding, shield"
holding_shirt,"holding_unworn_clothes, unworn_shirt"
holding_shorts,"holding_unworn_clothes, unworn_shorts"
holding_shovel,"holding, shovel"
holding_shower_head,"holding, shower_head"
holding_shuriken,"holding_weapon, shuriken"
holding_sickle,"holding, sickle"
holding_sign,"holding, sign"
holding_skateboard,"holding, skateboard"
holding_sketchbook,"holding, sketchbook"
holding_skewer,"holding, skewer"
holding_ski_pole,ski_pole
holding_skull,"holding, skull"
holding_slingshot,"holding_weapon, slingshot_(weapon)"
holding_smoking_pipe,"holding, smoking_pipe"
holding_snake,"holding_animal, snake"
holding_snow_globe,"holding, snow_globe"
holding_snowball,"holding, snowball"
holding_sock,"holding_unworn_clothes, unworn_socks"
holding_spatula,"holding, spatula"
holding_sponge,"holding, sponge"
holding_spoon,"holding, spoon"
holding_spork,"holding, spork"
holding_spray_can,"holding, spray_can"
holding_spring_onion,"holding_vegetable, spring_onion"
holding_staff,"holding, staff"
holding_stake,stake
holding_star,"holding, star_(symbol)"
holding_stethoscope,"holding, stethoscope"
holding_stick,"holding, stick"
holding_stone_tablet,stone_tablet
holding_stopwatch,"holding, stopwatch"
holding_string,"holding, string"
holding_stuffed_toy,"holding, stuffed_toy"
holding_stun_gun,stun_gun
holding_stylus,"holding, stylus"
holding_suitcase,"holding, suitcase"
holding_surfboard,"holding, surfboard"
holding_swim_ring,"holding, swim_ring"
holding_swimsuit,"holding_unworn_clothes, unworn_swimsuit"
holding_sword,"holding_weapon, sword, drawing_sword, holding_sword_behind_back"
holding_sword_behind_back,"holding_sword, holding_weapon_behind_back"
holding_syringe,"holding, syringe"
holding_tablet_pc,"holding, tablet_pc"
holding_tambourine,"holding_instrument, tambourine"
holding_tanzaku,"holding, tanzaku"
holding_teapot,"holding, teapot"
holding_telescope,"holding, telescope"
holding_tenbou,tenbou
holding_tennis_racket,"holding, tennis_racket"
holding_tera_orb,"holding, tera_orb"
holding_test_tube,"holding, test_tube"
holding_thermometer,"holding, thermometer"
holding_thermos,thermos
holding_ticket,"holding, ticket"
holding_tiered_tray,tiered_tray
holding_tissue,"holding, tissue"
holding_tongs,"holding, tongs"
holding_toothbrush,"holding, toothbrush"
holding_torch,"holding, torch"
holding_torpedo,"holding, torpedo"
holding_towel,"holding, towel"
holding_toy,"holding, toy"
holding_toy_gun,"holding, toy_gun"
holding_tray,"holding, tray"
holding_tripod,"holding, tripod"
holding_trombone,"holding_instrument, trombone"
holding_trophy,"holding, trophy"
holding_trowel,"holding, trowel"
holding_trumpet,"holding_instrument, trumpet"
holding_turret,holding
holding_ukulele,"holding_instrument, ukulele"
holding_umbrella,"holding, umbrella"
holding_underwear,"holding_unworn_clothes, underwear, holding_bra, holding_panties"
holding_unworn_armband,"holding_unworn_clothes, unworn_armband"
holding_unworn_boots,"holding_unworn_clothes, unworn_boots"
holding_unworn_cape,"holding_unworn_clothes, unworn_cape"
holding_unworn_clothes,"holding, holding_coat, holding_gloves, holding_legwear, holding_shirt, holding_sock, holding_swimsuit, holding_underwear, holding_unworn_boots, holding_unworn_cape, holding_unworn_dress, holding_unworn_hat, holding_unworn_jacket, holding_unworn_scarf, holding_unworn_shoes, holding_unworn_skirt"
holding_unworn_dress,"holding_unworn_clothes, unworn_dress"
holding_unworn_hat,"holding_unworn_clothes, unworn_hat"
holding_unworn_helmet,"holding, unworn_helmet"
holding_unworn_jacket,"holding_unworn_clothes, unworn_jacket"
holding_unworn_necktie,"holding_unworn_clothes, unworn_necktie"
holding_unworn_sandals,"holding, sandals"
holding_unworn_scarf,"holding_unworn_clothes, unworn_scarf"
holding_unworn_shoes,"holding_unworn_clothes, unworn_shoes"
holding_unworn_skirt,"holding_unworn_clothes, unworn_skirt"
holding_vacuum_cleaner,vacuum_cleaner
holding_vegetable,"holding_food, vegetable, holding_spring_onion"
holding_vial,"holding, vial"
holding_violin,"holding_instrument, violin"
holding_walkie-talkie,"holding, walkie-talkie"
holding_wallet,"holding, wallet"
holding_wand,"holding, wand"
holding_water_gun,"holding, water_gun"
holding_watering_can,"holding, watering_can"
holding_weapon,"holding, weapon, holding_baton_(weapon), holding_bow_(weapon), holding_club, holding_crossbow, holding_dagger, holding_energy_gun, holding_flamethrower, holding_gun, holding_kunai, holding_mace, holding_nunchaku, holding_polearm, holding_rocket_launcher, holding_shuriken, holding_sword"
holding_weapon_behind_back,"holding_behind_back, holding_polearm_behind_back, holding_sword_behind_back"
holding_whip,"holding, whip"
holding_whisk,"holding, whisk"
holding_whistle,"holding, whistle"
holding_wig,"holding, wig"
holding_with_tail,"holding, prehensile_tail"
holding_wreath,holding
holding_wrench,"holding, wrench"
hole_in_chest,hole_on_body
holiday_(e.g.o),e.g.o_(project_moon)
holster,"shoulder_holster, thigh_holster"
honda_civic,honda_civic_type_r
hondew_berry,berry_(pokemon)
honeycomb_(pattern),"honeycomb_background, honeycomb_print"
hood,"animal_ear_hood, animal_hood, bear_hood, cat_hood, character_hood, clitoral_hood, detached_hood, dog_hood, ears_through_hood, fur-trimmed_hood, hair_through_hood, horned_hood, horns_through_hood, orca_hood, panda_hood, penguin_hood, rabbit_hood, shark_hood, wolf_hood, hood_down, hood_up, hooded_bodysuit, hooded_cape, hooded_capelet, hooded_cardigan, hooded_cloak, hooded_coat, hooded_jacket, hooded_sweater, hooded_track_jacket, hoodie"
hooded_bodysuit,"bodysuit, hood"
hooded_cape,"cape, hood"
hooded_capelet,"capelet, hood"
hooded_cardigan,"cardigan, hood"
hooded_cloak,"cloak, hood"
hooded_coat,"coat, hood"
hooded_dress,dress
hooded_jacket,"jacket, hood"
hooded_pajamas,"pajamas, hood"
hooded_sweater,"sweater, hood"
hooded_track_jacket,"jacket, track_jacket, hood"
hooded_vest,"vest, hoodie"
hoodie,"cardigan, cropped_hoodie, jacket_over_hoodie, long_hoodie, naked_hoodie, open_hoodie, print_hoodie, sleeveless_hoodie, striped_hoodie, hood, camouflage_hoodie, fur-trimmed_hoodie, hooded_vest, hoodie_lift, plaid_hoodie, polka_dot_hoodie, torn_hoodie, two-sided_hoodie, unworn_hoodie"
hoodie_lift,"clothes_lift, hoodie"
horn_(e.g.o),e.g.o_(project_moon)
horn_(instrument),vuvuzela
horn_bow,"bow, horn_ornament"
horn_flower,flower
horn_hairband,"hairband, fake_horns"
horn_ornament,"horns, horn_bow, horn_ribbon, horn_ring"
horn_ribbon,"ribbon, horn_ornament"
horn_ring,"ring, horn_ornament"
horned_headwear,"fake_horns, horned_tiara"
horned_helmet,"helmet, fake_horns"
horned_hood,"hood, horns"
horned_tiara,"horned_headwear, tiara"
hornet_(e.g.o),e.g.o_(project_moon)
hornjob,"horns, uncommon_stimulation"
horns,"antennae, asymmetrical_horns, chipped_horns, cone_horns, halo, wings, cow_horns, crystal_horns, curled_horns, curved_horns, demon_horns, dragon_horns, eastern_dragon_horns, fake_horns, fiery_horns, forward-facing_horns, giraffe_horns, glowing_horns, goat_horns, hair_between_horns, hair_horns, huge_horns, large_horns, long_horns, low_horns, mechanical_horns, mismatched_horns, multiple_horns, sheep_horns, skin-covered_horns, small_horns, striped_horns, tree_horns, uneven_horns, antlers, horn_ornament, single_horn"
horns_through_headwear,horns
horse,"vaulting_horse, wooden_horse, year_of_the_horse, horse_dildo, horse_racing_track, umamusume_horse_relations"
horse_costume,animal_costume
horse_dildo,"horse, animal_dildo"
horse_mask,mask
horseshoe_hat_ornament,"hat_ornament, horseshoe_ornament"
hose,"holding_hose, hose_between_breasts"
hose_between_breasts,"between_breasts, hose"
hot_barrel,barrel
hot_cat,cat
hot_chocolate,chocolate
hot_dog,dog
hot_dog_costume,dog_costume
hot_drink,drink
hot_plate,plate
hot_pocket,pocket
hot_sauce,sauce
hot_water_bottle,water_bottle
hotpot,nabe
hourglass_earrings,earrings
hover_tank,hover_vehicle
hs2000,handgun
http_status_code,"http_403, http_404"
hug,"glomp, group_hug, hug_from_behind, hug_from_side, mutual_hug, surprise_hug, waist_hug"
hugging_book,"holding_book, hugging_object"
hugging_object,"hugging_book, hugging_doll, pillow_hug"
hugging_tail,"tail, hugging_another's_tail, hugging_own_tail"
human_chair,"human_furniture, sitting_on_person"
human_crutch,shoulder_support
human_furniture,"forniphilia, human_chair"
human_head,traditional_harpy
human_tower,stacking
humanization,humanoid_and_humanization
hummingbird,bird
hundred-footed_death_maggot_(e.g.o),e.g.o_(project_moon)
hundred_dollar_bill,"dollar_bill, high_denomination_banknote"
hungarian_flag_bikini,flag_print_bikini
hymen,virgin
hypnosis,mind_control
hypocrisy_(e.g.o),e.g.o_(project_moon)
i'll_go_fer_scissors._how_'bout_you?_(e.g.o),e.g.o_(project_moon)
iapapa_berry,berry_(pokemon)
ibanez_jem,electric_guitar
ice,"ice_bow, ice_cube, ice_wings"
ice_bow,"bow_(weapon), ice"
ice_cream,"food, holding_ice_cream, ice_cream_cake, ice_cream_cone_spill, ice_cream_float, ice_cream_on_face, ice_cream_sandwich, multiple_scoops, neapolitan_ice_cream, soft_serve, sundae"
ice_cream_cone,"holding_ice_cream_cone, ice_cream_cone_on_head, ice_cream_cone_spill, waffle_cone"
ice_cream_cone_spill,"ice_cream, ice_cream_cone"
ice_cream_on_face,"food_on_face, ice_cream"
ice_skating,skating
ice_wings,"wings, ice"
icelandic_flag_bikini,flag_print_bikini
ichigo_daifuku,"daifuku, wagashi"
icing,"chocolate_icing, strawberry_icing"
idol,"hololive_idol_uniform_(bright), hololive_idol_uniform_(color_rise), hololive_idol_uniform_(origin)"
imi_galil,assault_rifle
imminent_penetration,"imminent_anal, imminent_vaginal"
impending_day_(e.g.o),e.g.o_(project_moon)
impossible_bodysuit,"bodysuit, impossible_clothes"
impossible_clothes,"impossible_bodysuit, impossible_dress, impossible_jacket, impossible_leotard, impossible_shirt, impossible_skirt, impossible_sweater, impossible_swimsuit, impossible_underwear, impossible_vest"
impossible_dress,"dress, impossible_clothes"
impossible_jacket,"impossible_clothes, jacket"
impossible_leotard,"leotard, impossible_clothes"
impossible_shirt,"shirt, impossible_clothes"
impossible_sweater,"sweater, impossible_clothes"
impossible_swimsuit,"swimsuit, impossible_clothes"
impregnation,mutual_impregnation
improvised_gag,"gag, cloth_gag, clothes_gag, tape_gag"
improvised_umbrella,shared_improvised_umbrella
in_bag,"bag, in_container"
in_basket,"basket, in_container"
in_bottle,"bottle, in_container"
in_box,"box, in_container"
in_bucket,"bucket, in_container"
in_container,"in_bag, in_basket, in_bottle, in_bowl, in_box, in_bucket, in_cup, in_jar, in_refrigerator, in_sack, in_trash_can"
in_cup,"cup, in_container"
in_food,food
in_jar,"in_container, jar"
in_poke_ball,poke_ball
in_refrigerator,"in_container, refrigerator"
in_sack,"in_container, sack"
in_shopping_cart,shopping_cart
in_the_face,"face_punch, pie_in_face"
in_trash_can,"in_container, trash_can"
in_tree,"tree, sitting_in_tree"
incense_burner,kayari_buta
incest,"group_incest, twincest"
indian_flag_bikini,flag_print_bikini
indicant's_trial_(e.g.o),e.g.o_(project_moon)
indigo_plateau,plateau
inflatable_dolphin,"dolphin, inflatable_toy"
inflatable_orca,"orca, inflatable_toy"
inflatable_toy,"inflatable_dolphin, inflatable_orca, inflatable_shark, inflatable_whale"
inflatable_whale,"whale, inflatable_toy"
injury,"bruise, cuts, deep_wound"
innertube,"on_innertube, print_innertube, swim_ring, duck_innertube, flamingo_innertube, frilled_innertube, gradient_innertube, heart-shaped_innertube, polka_dot_innertube, shared_innertube, striped_innertube"
insect_wings,"wings, bee_wings, butterfly_wings, dragonfly_wings, ladybug_wings, moth_wings"
instant_noodle_block,"instant_noodles, noodles"
instant_noodles,"instant_cup_noodles, instant_noodle_block, instant_pack_noodles, instant_ramen, instant_soba, instant_udon"
instrument,"bass_guitar, cello, drum, flute, guitar, harp, holding_instrument, keyboard_(instrument), lute_(instrument), lyre, piano, playing_instrument, tambourine, trumpet, violin"
instrument_case,"guitar_case, instrument_case_on_back"
instrument_case_on_back,"back, instrument_case"
instrument_insertion,"instrument, unusual_insertion"
intellivision,game_console
interlocked_mars_and_venus_symbols,"mars_symbol, venus_symbol"
into_the_sunset_(e.g.o),e.g.o_(project_moon)
inverted_cross,"cross, inverted_cross_earrings, inverted_cross_necklace, inverted_cross_print"
inverted_cross_earrings,"cross_earrings, inverted_cross"
inverted_cross_necklace,"cross_necklace, inverted_cross"
inverted_nipples,"nipples, single_inverted_nipple"
iphone,"smartphone, iphone_11, iphone_11_pro, iphone_12, iphone_12_pro, iphone_13, iphone_3g, iphone_x"
ipod,"mp3_player, ipod_classic, ipod_mini, ipod_nano, ipod_shuffle, ipod_touch"
ipod_nano,"ipod, ipod_nano_1g, ipod_nano_2g, ipod_nano_3g, ipod_nano_4g, ipod_nano_5g, ipod_nano_6g, ipod_nano_7g"
ipod_shuffle,"ipod, ipod_shuffle_2g, ipod_shuffle_4g"
irezumi,tattoo
iris_(flower),flower
irish_flag_bikini,flag_print_bikini
is-2,tank
italian_flag_bikini,"flag_print_bikini, italian_flag_print"
italian_flag_print,"flag_print, italian_flag, italian_flag_bikini"
ithaca_m37,"pump_action, shotgun"
ivory_candypop_bud,candypop_bud
iwi_jericho_941,handgun
iwi_tavor,"assault_rifle, bullpup"
jack-o'-lantern,"jack-o'-lantern_earrings, jack-o'-lantern_hair_ornament"
jack-o'-lantern_earrings,"earrings, jack-o'-lantern"
jack-o'-lantern_hair_ornament,"hair_ornament, jack-o'-lantern"
jack_(playing_card),"playing_card, jack_of_clubs_(playing_card), jack_of_diamonds, jack_of_hearts, jack_of_spades"
jackal_ears,animal_ears
jacket,"blazer, coat, asymmetrical_jacket, denim_jacket, leather_jacket, open_jacket, bomber_jacket, camouflage_jacket, cardigan_under_jacket, collared_jacket, cropped_jacket, down_jacket, firefighter_jacket, flak_jacket, frilled_jacket, fur-trimmed_jacket, fur_jacket, hooded_jacket, hooded_track_jacket, letterman_jacket, military_jacket, naked_jacket, no_jacket, off-shoulder_jacket, oversized_jacket, padded_jacket, partially_open_jacket, pinstripe_jacket, plaid_jacket, print_jacket, quilted_jacket, removing_jacket, samurai_jacket_(cyberpunk), see-through_jacket, short-sleeved_jacket, sleeveless_jacket, spiked_jacket, striped_jacket, suit_jacket, tied_jacket, torn_jacket, track_jacket, turtleneck_jacket, two-sided_jacket, unworn_jacket, vertical-striped_jacket, jacket_around_waist, jacket_on_shoulders, jacket_partially_removed"
jacket_around_waist,"clothes_around_waist, jacket"
jacket_lift,"clothes_lift, jacket"
jacket_over_shoulder,"over_shoulder, unworn_jacket"
jacket_over_swimsuit,"swimsuit, jacket"
jacket_pull,"clothes_pull, jacket"
jackson_rhoads,electric_guitar
jagdpanther,tank
jagdtiger,tank
jaguar_ears,animal_ears
jamaican_flag_bikini,flag_print_bikini
japan_self-defense_force,"military, japan_air_self-defense_force, japan_ground_self-defense_force, japan_maritime_self-defense_force"
japanese_armor,"armor, dou, happuri, kabuto_(helmet), kote, kusazuri, menpoo, shikoro, sode, suneate"
japanese_clothes,"fundoshi, hakama, haori, happi, hifu, jinbei_(clothes), karaginu_mo, kariginu, kataginu, kimono, miko, wa_lolita, wa_maid"
japanese_cylindrical_postbox,postbox_(outgoing_mail)
japanese_flag_print,"flag_print, japanese_flag"
japanese_macaque,monkey
japanese_white-eye,bird
japari_bun,food
jar,"holding_jar, in_jar"
jatimatic,submachine_gun
java_sparrow,"bird, white_java_sparrow"
javelin_(spear),pilum
jeans,"pants, cutoff_jeans, shorts, torn_jeans, denim, bikini_jeans"
jellyfish,jellyfish_cut
jerky,food
jester_cap,hat
jewelry,"nipple_jewelry, putting_on_jewelry, unworn_jewelry, anklet, armlet, belly_chain, bracelet, brooch, earrings, head_chain, holding_jewelry, neck_ring, necklace, pendant, ring, thighlet, toe_ring"
jigsaw_puzzle,puzzle
jin_(headwear),"dongpo_jin_(headwear), tang_jin_(headwear), zhouzi_jin_(headwear)"
jingasa,hat
jingle_bell,"bell, kagura_suzu"
jitte,weapon
jo_lolita,"korean_clothes, lolita_fashion"
jodhpurs,pants
joints,"doll_joints, robot_joints"
jojo_pose,"dio_brando's_pose, giorno_giovanna's_pose, higashikata_josuke's_pose, jonathan_joestar's_pose, kakyoin_noriaki's_pose, killer_queen's_pose, kujo_jotaro's_pose"
jolly_roger,"skull_and_crossed_swords, straw_hats_jolly_roger, whitebeard_pirates_jolly_roger"
joy-con_2,game_controller
joystick,"controller, arcade_stick"
judgement_(tarot),tarot
juice,"apple_juice, carrot_juice, grape_juice, orange_juice, tomato_juice"
juice_box,"drink_carton, holding_juice_box"
juliet_sleeves,"long_sleeves, puffy_sleeves"
jumpsuit,"bruce_lee's_jumpsuit, open_jumpsuit, short_jumpsuit, sleeveless_jumpsuit, black_jumpsuit, blue_jumpsuit, brown_jumpsuit, collared_jumpsuit, fur-trimmed_jumpsuit, green_jumpsuit, grey_jumpsuit, jumpsuit_around_waist, orange_jumpsuit, pink_jumpsuit, purple_jumpsuit, red_jumpsuit, torn_jumpsuit, white_jumpsuit, yellow_jumpsuit"
justice_(tarot),tarot
juxtaposition,performance_juxtaposition
k31,"bolt_action, rifle"
kabuto_(helmet),"helmet, japanese_armor"
kalashnikov_rifle,"ak-102, ak-107, ak-12, ak-15, ak-47, ak-74, ak-74m, akm, aks-74u, ots-12_tiss, type_56_assault_rifle, zastava_m21, zastava_m70"
kamaboko,"food, narutomaki"
kamehameha_(dragon_ball),"big_bang_kamehameha, family_kamehameha, father-son_kamehameha"
kansaiben,kyotoben
kantele,instrument
kanzashi,"tsumami_kanzashi, hair_ornament"
kappougi,"apron, naked_kappougi"
karuta_(card_game),"iroha_karuta, uta-garuta"
kasib_berry,berry_(pokemon)
kazoo,instrument
kel-tec_ksg,"bullpup, pump_action, shotgun"
kel-tec_rfb,"bullpup, rifle"
kelpsy_berry,berry_(pokemon)
kettle,"electric_kettle, holding_kettle"
key,"chastity_key, holding_key, key_choker, key_necklace"
key_choker,"choker, key"
key_necklace,"necklace, key"
keyboard_(instrument),"instrument, melodica"
keytar,instrument
kicking,"flying_kick, high_kick"
kimono,"yukata, butterfly_print_kimono, checkered_kimono, floral_print_kimono, frilled_kimono, hakama, fur-trimmed_kimono, layered_kimono, naked_kimono, open_kimono, pinstripe_kimono, print_kimono, right-over-left_kimono, shirt_under_kimono, short_kimono, sideless_kimono, sleeveless_kimono, striped_kimono, torn_kimono, unworn_kimono, vertical-striped_kimono, japanese_clothes, furisode, kimono_pull, kimono_skirt, uchikake"
kimono_dress,dress
kimono_lift,"clothes_lift, kimono, yukata_lift"
kimono_skirt,"skirt, kimono"
kinchaku,"pouch, holding_kinchaku"
king_(playing_card),"playing_card, king_of_clubs, king_of_diamonds, king_of_hearts_(playing_card), king_of_spades"
kiss,"animals_kissing, forced_kiss, french_kiss, kissed_by_animal, kissing_animal, kissing_cheek, kissing_eye, kissing_forehead, kissing_hand, kissing_neck, kissing_nose, kissing_skull, surprise_kiss, tiptoe_kiss, upside-down_kiss"
kissed_by_animal,"animal, kiss"
kissing_animal,"animal, kiss"
kissing_cheek,"kiss, double_cheek_kiss"
kissing_skull,"kiss, skull"
kitten,"baby_animal, cat"
kiwi_(bird),bird
kiwi_(fruit),"fruit, kiwi_slice"
kiwi_hair_ornament,food-themed_hair_ornament
knee_boots,"boots, single_knee_boot"
knee_pads,single_knee_pad
kneehighs,"socks, pantyhose, thighhighs, single_kneehigh, unworn_kneehighs"
knees,"arms_on_knees, elbows_on_knees, hands_on_own_knees, knees_up"
knife,"balisong, blood_on_knife, butter_knife, combat_knife, dagger, folding_knife, holding_knife, kitchen_knife, kukri, planted_knife, throwing_knife, too_many_knives"
knives_between_fingers,"between_fingers, holding_knife"
koala_costume,animal_costume
koban_(gold),"coin, gold"
koinobori,windsock
kokyuu,instrument
korean_clothes,"hanbok, jo_lolita"
kotatsu,"table, under_kotatsu"
kote,"japanese_armor, kurokote"
koto_(instrument),instrument
kunai,"weapon, holding_kunai"
kunreishiki,romaji_text
kusarigama,"sickle, weapon"
kuznetsov-class_aircraft_carrier,"admiral_kuznetsov_(aircraft_carrier), liaoning_(aircraft_carrier), shandong_(aircraft_carrier)"
kv-1,tank
kyuubi,"kitsune, multiple_tails"
l85,"assault_rifle, bullpup"
la_sangre_de_sancho_(e.g.o),e.g.o_(project_moon)
lab_coat,"coat, closed_lab_coat, naked_lab_coat"
lace,"lace_trim, lace_arm_warmers, lace_border, lace_bra, lace_choker, lace_gloves, lace_lappet, lace_panties, lace_pantyhose, lace_sleeves, lace_thighhighs"
lace-trimmed_apron,"apron, lace_trim"
lace-trimmed_arm_warmers,"arm_warmers, lace_trim"
lace-trimmed_babydoll,lace_trim
lace-trimmed_bikini,"bikini, lace_trim"
lace-trimmed_boots,lace_trim
lace-trimmed_bow,"bow, lace_trim"
lace-trimmed_bra,"bra, lace_trim"
lace-trimmed_bustier,"bustier, lace_trim"
lace-trimmed_camisole,lace_trim
lace-trimmed_capelet,"capelet, lace_trim"
lace-trimmed_choker,"choker, lace_trim"
lace-trimmed_coat,lace_trim
lace-trimmed_collar,"collar, lace_trim"
lace-trimmed_dress,"dress, lace_trim"
lace-trimmed_garter_belt,"belt, garter_belt, lace_trim"
lace-trimmed_gloves,"gloves, lace_trim"
lace-trimmed_hairband,"hairband, lace_trim"
lace-trimmed_kimono,"kimono, lace_trim"
lace-trimmed_leotard,lace_trim
lace-trimmed_panties,"panties, lace_trim"
lace-trimmed_ribbon,"lace_trim, ribbon"
lace-trimmed_shirt,"shirt, lace_trim"
lace-trimmed_shorts,lace_trim
lace-trimmed_skirt,"skirt, lace_trim"
lace-trimmed_swimsuit,"lace_trim, swimsuit"
lace-trimmed_thighhighs,"thighhighs, lace_trim"
lace-trimmed_tube_top,"lace_trim, tube_top"
lace-trimmed_veil,lace_trim
lace-trimmed_wrist_cuffs,"lace_trim, wrist_cuffs"
lace_arm_warmers,"arm_warmers, lace"
lace_border,"lace, ornate_border"
lace_bra,"bra, lace"
lace_choker,"choker, lace"
lace_gloves,"gloves, lace"
lace_lappet,"lace, lappet"
lace_panties,"panties, lace"
lace_pantyhose,"pantyhose, lace"
lace_thighhighs,"thighhighs, lace"
lace_trim,"lace, lace-trimmed_apron, lace-trimmed_bikini, lace-trimmed_bow, lace-trimmed_bra, lace-trimmed_choker, lace-trimmed_collar, lace-trimmed_dress, lace-trimmed_gloves, lace-trimmed_hairband, lace-trimmed_headwear, lace-trimmed_panties, lace-trimmed_shirt, lace-trimmed_skirt, lace-trimmed_sleeves, lace-trimmed_thighhighs"
lactation,"projectile_lactation, lactating_into_container, lactation_through_clothes"
lactation_through_clothes,"through_clothes, lactation"
ladder,"holding_ladder, stepladder"
laetitia_(e.g.o),e.g.o_(project_moon)
lamb,"baby_animal, sheep"
lamborghini_countach,lamborghini_countach_lpi_800-4
lamp,"desk_lamp, floor_lamp"
lamp_(e.g.o),e.g.o_(project_moon)
lamprey,fish
land_of_illusion_(e.g.o),e.g.o_(project_moon)
lantern,"holding_lantern, paper_lantern, wooden_lantern"
lantern_earrings,earrings
lanyard,unworn_lanyard
lapels,"contrast_lapels, notched_lapels, peaked_lapels, plaid_lapels, shawl_lapels"
laptop,"computer, holding_laptop"
large_syringe,"oversized_object, syringe"
laser,laser_pointer_projection
lasso_(e.g.o),e.g.o_(project_moon)
latex,"latex_shrug, latex_bikini, latex_bodysuit, latex_boots, latex_bra, latex_corset, latex_dress, latex_gloves, latex_legwear, latex_leotard, latex_panties, latex_pants, latex_shorts, latex_skirt, latex_thighhighs"
latex_bikini,"bikini, latex"
latex_bodysuit,"bodysuit, latex"
latex_boots,"boots, latex"
latex_bra,"bra, latex"
latex_corset,"corset, latex"
latex_dress,"dress, latex"
latex_gloves,"gloves, latex"
latex_jacket,latex
latex_leotard,"leotard, latex"
latex_panties,"latex, panties"
latex_pants,"pants, latex"
latex_shirt,latex
latex_shorts,"latex, shorts"
latex_shrug,"latex, shrug_(clothing)"
latex_skirt,"latex, skirt"
latex_sleeves,latex
latex_thighhighs,"thighhighs, latex"
lavacrum_sanguinis_(e.g.o),e.g.o_(project_moon)
lavender_(flower),flower
lavender_town,town
layered_swimsuit,swimsuit
leaden_ball,poke_ball
leaf,"autumn_leaves, falling_leaves, fig_leaf, ginkgo_leaf, holding_leaf, leaf_background, leaf_censor, leaf_on_head, maple_leaf"
leaf_bikini,bikini
leaf_on_head,"on_head, leaf"
leaf_print,maple_leaf_print
leaf_tattoo,tattoo
leaning_on_ball,"leaning, on_ball"
leash,"chain_leash, holding_leash, leash_pull, viewer_holding_leash, viewer_on_leash"
leather,"leather_boots, leather_choker, leather_gloves, leather_jacket, leather_pants, leather_skirt, leather_vest"
leather_boots,"boots, leather"
leather_choker,"choker, leather"
leather_gloves,"gloves, leather"
leather_jacket,"jacket, leather"
leather_pants,"pants, leather"
leather_skirt,"skirt, leather"
leather_vest,"leather, vest"
lebel_model_1886,"bolt_action, rifle"
lee-enfield,"bolt_action, rifle"
leg_cutout,clothing_cutout
leg_hair,"sparse_leg_hair, thick_leg_hair"
leg_lock,"reverse_leg_lock, standing_leg_lock"
leg_warmers,"striped_leg_warmers, black_leg_warmers, blue_leg_warmers, brown_leg_warmers, frilled_leg_warmers, fur-trimmed_leg_warmers, fur_leg_warmers, green_leg_warmers, grey_leg_warmers, pink_leg_warmers, plaid_leg_warmers, purple_leg_warmers, red_leg_warmers, white_leg_warmers, yellow_leg_warmers"
leg_wings,wings
legerdemain_(e.g.o),e.g.o_(project_moon)
leggings,"detached_leggings, striped_leggings, torn_leggings, leggings_under_shorts, aqua_leggings, black_leggings, blue_leggings, brown_leggings, green_leggings, grey_leggings, multicolored_leggings, orange_leggings, pink_leggings, purple_leggings, red_leggings, white_leggings, yellow_leggings"
leggings_under_shorts,"shorts, leggings"
legs,"arms_between_legs, bare_legs, bird_legs, bound_legs, cum_on_legs, extra_legs, hand_between_own_legs, hands_on_own_legs, hanging_legs, legs_apart, legs_bound_apart, legs_folded, legs_together, long_legs, m_legs, mechanical_legs, multiple_legs, outstretched_legs, pov_legs, slim_legs, tail_between_legs, v_legs, view_between_legs, wide_spread_legs"
legwear_garter,"single_legwear_garter, o-ring_legwear_garter"
lemon,"fruit, lemon_slice"
leopard_2,tank
leopard_ears,"snow_leopard_ears, animal_ears"
leopard_girl,snow_leopard_girl
leopard_pelt,"pelt, snow_leopard_pelt"
leopard_print,"animal_print, leopard_print_bikini, leopard_print_bra, leopard_print_panties"
leopard_print_bikini,"bikini, print_bikini, leopard_print"
leopard_print_bra,"bra, print_bra, leopard_print"
leopard_print_panties,"panties, print_panties, leopard_print"
leotard,"bodysuit, adjusting_leotard, armored_leotard, athletic_leotard, backless_leotard, collared_leotard, frilled_leotard, fur-trimmed_leotard, halter_leotard, heattech_leotard, highleg_leotard, hooded_leotard, impossible_leotard, latex_leotard, leotard_peek, off-shoulder_leotard, print_leotard, ribbed_leotard, see-through_leotard, side-tie_leotard, sleeved_leotard, strapless_leotard, striped_leotard, taut_leotard, thong_leotard, torn_leotard, turtleneck_leotard, zipper_leotard, leotard_aside, leotard_pull, leotard_under_clothes"
leotard_aside,"clothing_aside, leotard"
let's_draw_handsome_boys_challenge,multiple_drawing_challenge
let's_draw_pretty_boys_challenge,multiple_drawing_challenge
let's_draw_villain_faces,multiple_drawing_challenge
level_ball,poke_ball
lever_action,"gun, mare's_leg"
lgbt_pride,pride_month
liberian_flag_bikini,flag_print_bikini
library,voile
licking,"licking_another's_face, licking_another's_neck, licking_armpit, licking_breast, licking_cum, licking_ear, licking_finger, licking_foot, licking_hand, licking_navel, licking_nipple, licking_penis, licking_stomach, licking_testicle, licking_weapon"
licking_another's_face,"licking, licking_another's_cheek, licking_another's_lips"
licking_dildo,"dildo, licking, simulated_fellatio"
licking_eye,licking
licking_finger,"licking, licking_another's_finger, licking_own_finger"
licking_floor,licking
licking_foot,"licking, mutual_foot_licking"
licking_leg,licking
licking_nipple,"licking, nipple_stimulation"
licking_panties,"licking, panties"
licking_penis,"fellatio, licking, penis"
licking_tentacle,"licking, tentacles"
licking_testicle,"licking, oral, testicles"
licking_weapon,"licking, weapon, licking_blade"
liechi_berry,berry_(pokemon)
life_for_a_daredevil_(e.g.o),e.g.o_(project_moon)
lifebuoy,"lifebuoy_anklet, swim_ring"
lifebuoy_anklet,"anklet, lifebuoy"
lifetime_stew_(e.g.o),e.g.o_(project_moon)
light_blush,blush
light_box,box
light_bulb,spoken_light_bulb
light_bulb_earrings,bulb_earrings
light_frown,frown
light_gun,gun
light_hawk_wings,"wings, hawk_wings"
light_machine_gun,"machine_gun, bren_lmg, dp-27, imi_negev, lewis_gun, m1918_bar, m249_saw, rpd_(machine_gun), rpk, rpk-16, rpk-74, type_99_lmg"
light_nipples,nipples
light_rays,"moonbeam, sunbeam"
light_ring,ring
light_smile,smile
light_switch,switch
light_tank,tank
light_wire,wire
lighter,"holding_lighter, zippo_lighter"
lightning_bolt_earrings,"earrings, lightning_bolt_symbol"
lightning_bolt_facial_mark,"facial_mark, lightning_bolt_symbol"
lightning_bolt_hair_ornament,"hair_ornament, lightning_bolt_symbol"
lightning_bolt_necklace,"lightning_bolt_symbol, necklace"
lightning_bolt_symbol,"lightning_bolt_earrings, lightning_bolt_facial_mark, lightning_bolt_hair_ornament, lightning_bolt_necklace"
lightsaber,"energy_sword, blue_lightsaber, crossguard_lightsaber, darksaber, double_bladed_lightsaber, green_lightsaber, orange_lightsaber, pink_lightsaber, purple_lightsaber, red_lightsaber, white_lightsaber, yellow_lightsaber"
lilac,flower
lily_of_the_valley,flower
lily_print,floral_print
lime_(fruit),"fruit, lime_slice"
lime_blossoms,blossoms
lime_earrings,"food-themed_earrings, earrings"
lime_fire,fire
lime_hair_ornament,"food-themed_hair_ornament, hair_ornament"
lime_slice,"lime_(fruit), slice"
lingerie,"bridal_lingerie, cat_lingerie, underwear, teddy_(lingerie)"
linked_piercing,"piercing, ear_chain"
lion,"stuffed_lion, lion_dance, lion_mane, lion_cub"
lion_costume,animal_costume
lion_cub,"baby_animal, lion"
lion_dance,"lion, shishimai"
lip_piercing,"piercing, face_piercing, lip_ring"
lips,"puckered_lips, pursed_lips, shiny_lips, thick_lips"
lipstick,"smeared_lipstick, makeup"
lipstick_mark,"lipstick_mark_on_anus, lipstick_mark_on_arm, lipstick_mark_on_ass, lipstick_mark_on_breast, lipstick_mark_on_face, lipstick_mark_on_leg, lipstick_mark_on_neck, lipstick_mark_on_penis, lipstick_mark_on_pussy, lipstick_mark_on_shoulder, lipstick_mark_on_stomach, lipstick_mark_on_testicles, spoken_lipstick_mark"
lipstick_mark_on_penis,"penis, lipstick_mark"
lipstick_mark_on_stomach,"stomach, lipstick_mark"
lipstick_mark_on_testicles,"testicles, lipstick_mark"
lipstick_tube,"tube, cosmetics, holding_lipstick_tube"
loafers,"shoes, boots, sandals, sneakers, penny_loafers"
lock,"lock_earrings, padlock"
lock_earrings,"earrings, lock"
locker,locker_room
locomotive,"diesel_locomotive, electric_locomotive, steam_locomotive"
logo,"artist_logo, blu-ray_logo, copyright_logo, dvd_logo, nasa_logo"
loincloth,"loincloth_aside, loincloth_lift, see-through_loincloth, torn_loincloth"
loincloth_aside,"clothing_aside, loincloth"
loincloth_lift,"clothes_lift, loincloth"
lolita_fashion,"fashion, accurate_lolita_coord, classic_lolita, country_lolita, gothic_lolita, hime_lolita, jo_lolita, military_lolita, punk_lolita, qi_lolita, sweet_lolita, wa_lolita"
lollipop,"candy, holding_lollipop, lollipop_in_mouth, shaped_lollipop, swirl_lollipop"
lollipop_in_mouth,"food_in_mouth, lollipop"
long_belt,belt
long_coat,coat
long_dress,"dress, short_dress, hobble_dress, mermaid_dress"
long_hair,"absurdly_long_hair, low-tied_long_hair, very_long_hair"
long_mustache,"mustache, fu_manchu_(mustache), very_long_mustache"
long_single_sidelock,single_sidelock
long_sleeves,"short_sleeves, puffy_long_sleeves, short_over_long_sleeves, juliet_sleeves"
long_table,table
loose_panties,panties
loose_shirt,"shirt, loose_clothes"
lop_rabbit_ears,"rabbit_ears, floppy_ears"
lotion,sunscreen
low-braided_long_hair,"braid, low-tied_long_hair"
low-tied_long_hair,"long_hair, low-braided_long_hair"
lowleg,"lowleg_bikini, lowleg_panties, lowleg_pants, lowleg_pantyhose, lowleg_shorts, lowleg_skirt"
lowleg_bikini,"bikini, lowleg"
lowleg_panties,"panties, lowleg"
lowleg_pants,"pants, lowleg, bikini_jeans"
lowleg_pantyhose,"lowleg, pantyhose"
lowleg_shorts,"shorts, lowleg"
lowleg_skirt,"skirt, lowleg"
lucerne_hammer,polehammer
luchador_mask,mask
lure_ball,poke_ball
lute_(instrument),"instrument, biwa_lute"
luxury_(idolmaster),"leathered_queen_(idolmaster), powder_snow_whitey_(idolmaster)"
lying,"lying_on_ball, on_back, on_side, on_stomach"
lying_on_ball,"lying, on_ball"
lyre,"instrument, holding_lyre"
m16,"assault_rifle, m16a1, m16a2, m16a4"
m18_hellcat,tank
m1903_springfield,"bolt_action, rifle"
m1_abrams,tank
m1_carbine,rifle
m24_chaffee,tank
m26_pershing,tank
m392_marksman,"battle_rifle, bullpup"
m3_submachine_gun,submachine_gun
m4_sherman,"tank, m4a3e2_jumbo, m4a3e8, sherman_firefly"
m50_reising,submachine_gun
m6,handgun
m7,submachine_gun
m_legs,"legs, spread_legs"
ma5,"assault_rifle, bullpup"
macaron,food
macaw,"parrot, blue-and-yellow_macaw, hyacinth_macaw, red-and-green_macaw, scarlet_macaw"
mace,"weapon, flanged_mace, holding_mace, spiked_mace"
machine_gun,"gun, aek-999_barsuk, heavy_machine_gun, light_machine_gun, m240, m60_(machine_gun), maxim_gun, mg3, mg34, mg42, pk_machine_gun, pkm, pkp_pecheneg, sig_mg338"
maebari,"heart_maebari, ofuda_on_pussy"
magatama,"magatama_earrings, magatama_necklace, magatama_hair_ornament"
magatama_earrings,"earrings, magatama"
magatama_hair_ornament,"hair_ornament, magatama"
magatama_necklace,"necklace, magatama"
magazine_(weapon),"drum_magazine, holding_magazine_(weapon), magazine_ejection"
magazine_cover,"cover_page, fake_magazine_cover"
magic_bullet_(e.g.o),e.g.o_(project_moon)
magnet,refrigerator_magnet
mago_berry,berry_(pokemon)
magost_berry,berry_(pokemon)
magpul_fmg-9,submachine_gun
magpul_pdr,"bullpup, submachine_gun"
maid,"jersey_maid, male_maid, unconventional_maid, victorian_maid, wa_maid, mayqueen_maid_uniform, nohrian_maid_uniform, roswaal_mansion_maid_uniform, enmaided, mixed_maids, qi_maid"
maid_bikini,"bikini, unconventional_maid"
makarov_pm,handgun
makeup,"eyeliner, eyeshadow, gyaru_makeup, highlighter_(makeup), lipstick, mascara, rouge_(makeup), runny_makeup"
makizushi,"sushi, ehoumaki, kappamaki"
male_maid,"maid, crossdressing_(mtf)"
male_spitroast,spitroast
male_swimwear,"male_swimwear_challenge, black_male_swimwear, blue_male_swimwear, brown_male_swimwear, green_male_swimwear, grey_male_swimwear, jammers, legskin, orange_male_swimwear, print_male_swimwear, purple_male_swimwear, red_male_swimwear, swim_briefs, swim_trunks, white_male_swimwear, yellow_male_swimwear"
male_underwear,"underwear, male_underwear_peek, no_male_underwear, bikini_briefs, black_male_underwear, boxer_briefs, boxers, briefs, jockstrap, male_underwear_aside, male_underwear_pull, plaid_male_underwear, print_male_underwear, red_male_underwear, unworn_male_underwear, wet_male_underwear, white_male_underwear"
male_underwear_aside,"clothing_aside, male_underwear"
male_yandere,yandere
mallet,"holding_mallet, kine"
mamono_with_mamono,"lamia_with_lamia, merfolk_with_merfolk, taur_with_taur"
mandolin,instrument
mangekyou_sharingan,sharingan
mango,fruit
map,"europe_map, holding_map, map_background, route_map, subway_map, world_map"
mapo_tofu,food
maracas,"instrument, holding_maracas"
marble_(stone),"marble_floor, marble_sculpture"
marijuana,"drugs, joint_(drug)"
marimba,instrument
mark_between_eyes,facial_mark
mark_iv_tank,tank
mars_symbol,"interlocked_mars_and_venus_symbols, interlocked_mars_symbols, mars_symbol_earrings, mars_symbol_hair_ornament, mars_symbol_necklace, mars_symbol_tattoo, spoken_mars_symbol"
marshmallow,food
mas-36,"bolt_action, rifle"
mas-38,submachine_gun
mask,"bird_mask, blindfold_mask, broken_mask, cat_mask, character_mask, cracked_kawaii_mask, cracked_mask, diving_mask, domino_mask, eye_mask, fellatio_under_mask, fox_mask, gas_mask, half_mask, hockey_mask, horned_mask, ko-omote_mask, masquerade_mask, mouth_mask, ninja_mask, no_mask, noh_mask, oni_mask, oxygen_mask, plague_doctor_mask, rabbit_mask, see-through_mask, skull_mask, sleep_mask, surgical_mask, tengu_mask, unworn_mask, wrestling_mask, holding_mask, mask_around_neck, mask_on_head, respirator"
mask_on_head,"on_head, diving_mask_on_head, mask"
massage_chair,chair
massage_gun,massaging_device
masturbation,"autocunnilingus, autofellatio, autopaizuri, building_sex, female_masturbation, futanari_masturbation, male_masturbation, masturbation_through_clothes, pillow_humping, public_masturbation, stealth_masturbation, table_humping, tail_masturbation"
masturbation_through_clothes,"through_clothes, masturbation"
mat-49,submachine_gun
material_growth,oripathy_lesion_(arknights)
math,"calculus, geometry, trigonometry"
matilda_(tank),tank
maus_(tank),tank
mauser_98,"bolt_action, rifle"
mauser_hsc,handgun
maxim_gun,"machine_gun, mg08, pm1910, vickers_machine_gun"
mazda_mx-5,"mazda_mx-5_na, mazda_mx-5_nb, mazda_mx-5_nc, mazda_mx-5_nd"
mazda_rx-7,"mazda_rx-7_fb, mazda_rx-7_fc, mazda_rx-7_fd"
mcmillan_tac-50,"anti-materiel_rifle, bolt_action"
mdd_threesome,"futa_with_male, threesome"
measuring,"bust_measuring, waist_measuring"
meat,"food, boned_meat"
meatball,"food, spaghetti_and_meatballs"
mecha,"robot, externally_piloted_mecha, mecha_focus, super_robot, walker_(robot)"
mecha_pilot_suit,"suit, pilot, deva_battle_suit, drivesuit_(pacific_rim), fortified_suit, mall_link_suit, mobile_trace_suit, motion_slit, normal_suit_(gundam), parasite_suit_(darling_in_the_franxx), plugsuit_(evangelion), synergetic_suit"
mechanical_arms,single_mechanical_arm
mechanical_eyes,"mechanical_cyclops_eye, single_mechanical_eye"
mechanical_hands,single_mechanical_hand
mechanical_legs,"legs, single_mechanical_leg"
mechanical_spine,spine
medium_dress,dress
melon,"fruit, cantaloupe, honeydew_(fruit), melon_slice"
melon_hair_ornament,food-themed_hair_ornament
meme,neta
menstrual_blood,blood
menstrual_cramps,menstruation
merfolk,"kneeless_merfolk, merfolk_out_of_environment, merfolk_with_merfolk, mermaid, merman, unconventional_merfolk"
merfolk_with_merfolk,"mamono_with_mamono, merfolk"
merkava_(tank),tank
mermaid,"merfolk, monster_girl"
merman,"merfolk, monster_boy"
metal_mask,mask
mexican_flag_print,"flag_print, mexican_flag"
mfd_threesome,"futanari, threesome"
micro_uzi,submachine_gun
microdress,dress
microphone,"binaural_microphone, holding_microphone, lavalier_microphone, studio_microphone, vintage_microphone"
midriff,"midriff_peek, midriff_sarashi"
midriff_sarashi,"midriff, sarashi"
midriff_tattoo,tattoo
miko,"nontraditional_miko, japanese_clothes"
military,"amestris_military_uniform, anzio_military_uniform, bc_freedom_military_uniform, chi-hatan_military_uniform, griffin_&_kryuger_military_uniform, keizoku_military_uniform, kuromorimine_military_uniform, military_combat_uniform, military_dress_uniform, military_fatigues, military_operator, military_uniform, ooarai_military_uniform, paradis_military_uniform, pravda_military_uniform, saunders_military_uniform, selection_university_military_uniform, st._gloriana's_military_uniform, tsab_air_military_uniform, tsab_ground_military_uniform, japan_self-defense_force"
military_coat,coat
military_hat,"hat, dixie_cup_hat, kepi, m43_field_cap"
military_truck,"military_vehicle, truck"
military_uniform,"military, amestris_military_uniform, anzio_military_uniform, bc_freedom_military_uniform, chi-hatan_military_uniform, griffin_&_kryuger_military_uniform, keizoku_military_uniform, kuromorimine_military_uniform, ooarai_military_uniform, paradis_military_uniform, pravda_military_uniform, saunders_military_uniform, selection_university_military_uniform, st._gloriana's_military_uniform, tsab_air_military_uniform, tsab_ground_military_uniform, military_combat_uniform, military_dress_uniform, military_fatigues, naval_uniform"
military_vehicle,"attack_helicopter, bomber, fighter_jet, military_truck, propeller_fighter, self-propelled_artillery, tank, warship"
milk_bottle,"bottle, moomoo_milk"
milk_carton,"drink_carton, holding_milk_carton"
mimic,mimic_chest
mimosa_(flower),flower
mine_(weapon),"explosive, anti-tank_mine, claymore_(mine), goliath_tracked_mine, naval_mine"
minebea_pm-9,submachine_gun
minecraft_sword,sword
mini_hat,"hat, mini_chef_hat, mini_santa_hat, mini_shako_cap, mini_top_hat, mini_witch_hat"
mini_person,"holding_mini_person, miniboy, minigirl"
mini_santa_hat,"mini_hat, santa_hat"
mini_shako_cap,"mini_hat, shako_cap"
mini_uzi,submachine_gun
mirror,"broken_mirror, full-length_mirror, hand_mirror, holding_mirror, looking_at_mirror, traffic_mirror"
mirror_selfie,selfie
mismatched_footwear,"asymmetrical_footwear, mismatched_boots, mismatched_shoes"
mismatched_legwear,"asymmetrical_legwear, mismatched_socks, mismatched_thighhighs"
mismatched_shoes,"mismatched_footwear, shoes"
mismatched_socks,"socks, mismatched_legwear"
mismatched_thighhighs,"thighhighs, mismatched_legwear"
misplaced_genitals,"armpit_pussy, penis_head, penis_neck, penis_nipples, pussy_mouth"
missing_halo,"halo, intentionally_missing_halo"
mitre,hat
mitsudomoe_(shape),tomoe_(symbol)
mittens,"gloves, bondage_mittens, fur-trimmed_mittens, gauntlets, headwear_with_attached_mittens, black_mittens, blue_mittens, brown_mittens, green_mittens, grey_mittens, orange_mittens, pink_mittens, plaid_mittens, purple_mittens, red_mittens, single_mitten, unworn_mittens, white_mittens, yellow_mittens"
mixed-language_text,"bilingual_text, multilingual_text"
mk_14_ebr,rifle
mmd_threesome,"futa_with_male, threesome"
mmm_threesome,"threesome, yaoi"
mochi,"food, kashiwa_mochi_(food), mochi_trail, sakura_mochi"
mochi_hair_ornament,food-themed_hair_ornament
modeling,nude_modeling
mole,"no_mole, mole_under_eye, mole_under_mouth, mole_above_eye, mole_above_mouth, mole_on_arm, mole_on_armpit, mole_on_ass, mole_on_breast, mole_on_cheek, mole_on_collarbone, mole_on_neck, mole_on_pussy, mole_on_shoulder, mole_on_stomach, mole_on_thigh"
mole_on_ass,"ass, mole"
mole_on_back,mole
mole_on_breast,"breasts, mole, mole_on_areola"
mole_on_chest,mole
mole_on_collarbone,"collarbone, mole"
mole_on_crotch,mole
mole_on_ear,mole
mole_on_forehead,mole
mole_on_leg,mole
mole_on_nose,mole
mole_on_pussy,"pussy, mole"
mole_on_shoulder,"on_shoulder, mole"
mole_on_stomach,"stomach, mole"
mole_under_each_eye,"mole_under_eye, multiple_moles"
mole_under_eye,"mole, mole_under_each_eye"
money,"banknote, holding_money, tucked_money"
money-shaped_pupils,symbol-shaped_pupils
monitor,"curved_monitor, multiple_monitors, ultrawide_monitor, vertical_monitor"
monkey_costume,animal_costume
monkey_ears,animal_ears
monkey_mask,mask
monocle,opaque_monocle
monster,"duel_monster, giant_monster, plant_monster, monster_energy, monster_focus"
monster_boy,"harpy_boy, lamia_boy, merman, plant_boy, slime_boy"
monster_girl,"arachne, harpy, lamia, mermaid, plant_girl, scylla, slime_girl"
monster_truck,motor_vehicle
mont_blanc_(food),food
moon,"black_moon, blue_moon, broken_moon, crescent_moon, full_moon, gibbous_moon, green_moon, half_moon, huge_moon, moon_reflection, orange_moon, pink_moon, purple_moon, red_moon, yellow_moon"
moon_ball,poke_ball
moon_phases,moon_phases_over_eye
moon_reflection,"moon, reflection"
moon_tattoo,tattoo
moonbeam,"light_rays, moonlight"
moonlight,"dappled_moonlight, moonbeam"
moonlight_(e.g.o),e.g.o_(project_moon)
moorish_idol,fish
moose_ears,animal_ears
moose_tail,tail
moped,"motor_vehicle, on_moped"
morning_glory,flower
mortarboard,hat
mosin-nagant,"bolt_action, rifle"
mossberg_500,"pump_action, shotgun"
moth,"moth_antennae, bug"
moth_antennae,"moth, antennae"
mother_and_child,"parent_and_child, mother_and_daughter, mother_and_son"
mother_and_daughter,"mother_and_child, oyakodon_(sex)"
motion_lines,speed_lines
motor_vehicle,"armored_personnel_carrier, bus, car, half-track, humvee, military_jeep, moped, motorcycle, scooter, self-propelled_artillery, tank, three-wheeler, tractor, truck, van"
motorcycle,"motor_vehicle, chopper_(motorcycle), dirtbike, minibike, on_motorcycle, police_motorcycle"
motorhome,"motor_vehicle, recreational_vehicle"
mouse_costume,animal_costume
mouth_hold,"arrow_in_mouth, beak_hold, card_in_mouth, condom_in_mouth, eyewear_in_mouth, glove_in_mouth, hair_tie_in_mouth, necktie_in_mouth, panties_in_mouth, plectrum_in_mouth, ribbon_in_mouth, shirt_in_mouth, stalk_in_mouth, teeth_hold, toast_in_mouth"
mp-443_grach,handgun
mp18,submachine_gun
mp28,submachine_gun
mp38,submachine_gun
mp3_player,"digital_walkman, holding_mp3_player, ipod"
mp41,submachine_gun
mudra,"dhyana_mudra, karana_mudra, vajra_mudra, vitarka_mudra"
muffin,food
mug,"cup, beer_mug, coffee_mug, mug_writing, print_mug, tankard"
multi-strapped_bikini_top,bikini
multi-strapped_bra,bra
multicolor-tinted_eyewear,"tinted_eyewear, rainbow-tinted_eyewear"
multicolored_antlers,antlers
multicolored_apple,apple
multicolored_apron,apron
multicolored_arm_warmers,arm_warmers
multicolored_armband,armband
multicolored_armor,armor
multicolored_armpit_hair,armpit_hair
multicolored_ascot,ascot
multicolored_babydoll,babydoll
multicolored_bag,bag
multicolored_bandana,bandana
multicolored_bandeau,bandeau
multicolored_belt,belt
multicolored_bikini,"bikini, two-tone_bikini"
multicolored_bird,bird
multicolored_blood,blood
multicolored_bloomers,bloomers
multicolored_bodysuit,"bodysuit, two-tone_bodysuit"
multicolored_boots,"boots, two-tone_boots"
multicolored_border,border
multicolored_bow,"bow, multicolored_bowtie"
multicolored_bowtie,"bowtie, multicolored_bow"
multicolored_bra,bra
multicolored_bridal_gauntlets,bridal_gauntlets
multicolored_brooch,brooch
multicolored_buruma,buruma
multicolored_bustier,bustier
multicolored_butterfly,butterfly
multicolored_cape,cape
multicolored_capelet,capelet
multicolored_cardigan,cardigan
multicolored_cat,cat
multicolored_chain,chain
multicolored_choker,choker
multicolored_city,city
multicolored_claws,claws
multicolored_cloak,cloak
multicolored_coat,"coat, two-tone_coat"
multicolored_collar,collar
multicolored_corset,corset
multicolored_crop_top,crop_top
multicolored_crown,crown
multicolored_dress,dress
multicolored_eyeliner,eyeliner
multicolored_eyes,"gradient_eyes, rainbow_eyes, two-tone_eyes"
multicolored_eyeshadow,eyeshadow
multicolored_feathers,feathers
multicolored_fire,fire
multicolored_flower,"flower, multicolored_rose"
multicolored_gloves,"gloves, two-tone_gloves"
multicolored_hair,"colored_inner_hair, colored_tips, gradient_hair, rainbow_hair, roots_(hair), split-color_hair, streaked_hair, two-tone_hair"
multicolored_hair_bobbles,hair_bobbles
multicolored_hairband,"hairband, two-tone_hairband"
multicolored_halo,"halo, gradient_halo, rainbow_halo, two-tone_halo"
multicolored_hat,hat
multicolored_headband,headband
multicolored_headdress,headdress
multicolored_headscarf,headscarf
multicolored_helmet,helmet
multicolored_hood,hood
multicolored_hoodie,hoodie
multicolored_horns,"horns, gradient_horns, rainbow_horns, two-tone_horns"
multicolored_jacket,"jacket, two-tone_jacket"
multicolored_jeogori,jeogori
multicolored_jumpsuit,jumpsuit
multicolored_kimono,kimono
multicolored_kneehighs,kneehighs
multicolored_leg_warmers,leg_warmers
multicolored_leotard,"leotard, two-tone_leotard"
multicolored_lips,lips
multicolored_loincloth,loincloth
multicolored_male_swimwear,male_swimwear
multicolored_male_underwear,male_underwear
multicolored_mask,mask
multicolored_moon,moon
multicolored_nails,two-tone_nails
multicolored_neckerchief,neckerchief
multicolored_necktie,necktie
multicolored_negligee,negligee
multicolored_one-piece_swimsuit,one-piece_swimsuit
multicolored_orb,orb
multicolored_outline,outline
multicolored_overalls,overalls
multicolored_pajamas,pajamas
multicolored_panties,panties
multicolored_pants,pants
multicolored_pantyhose,pantyhose
multicolored_penis,penis
multicolored_polka_dots,polka_dot
multicolored_pubic_hair,pubic_hair
multicolored_raincoat,raincoat
multicolored_ribbon,ribbon
multicolored_robe,robe
multicolored_rose,"multicolored_flower, rose"
multicolored_sailor_collar,sailor_collar
multicolored_sandals,sandals
multicolored_sarong,sarong
multicolored_sash,sash
multicolored_scales,scales
multicolored_scarf,scarf
multicolored_scrunchie,scrunchie
multicolored_shawl,shawl
multicolored_shirt,shirt
multicolored_shoes,"two-tone_shoes, shoes"
multicolored_shorts,shorts
multicolored_shrug,two-tone_shrug
multicolored_skin,"colored_skin, two-tone_skin"
multicolored_skirt,skirt
multicolored_sky,sky
multicolored_sleeve_cuffs,sleeve_cuffs
multicolored_slippers,slippers
multicolored_socks,socks
multicolored_sports_bra,sports_bra
multicolored_strap,strap
multicolored_suit,suit
multicolored_sweater,sweater
multicolored_swimsuit,swimsuit
multicolored_sword,sword
multicolored_tabard,tabard
multicolored_tail,tail
multicolored_tank_top,tank_top
multicolored_tears,tears
multicolored_teeth,teeth
multicolored_text,rainbow_text
multicolored_thighhighs,"thighhighs, two-tone_thighhighs"
multicolored_tiara,tiara
multicolored_tongue,tongue
multicolored_towel,towel
multicolored_track_suit,track_suit
multicolored_tube_top,tube_top
multicolored_tunic,tunic
multicolored_umbrella,umbrella
multicolored_vest,vest
multicolored_wrist_cuffs,wrist_cuffs
multicolored_wristband,wristband
multiple-barrel_gun,gun
multiple_anal,"anal, double_anal, triple_anal"
multiple_boys,"2boys, 3boys, 4boys, 5boys, 6+boys"
multiple_braids,"braid, quad_braids, tri_braids"
multiple_dogs,"dog, too_many_dogs"
multiple_drawing_challenge,"blushing_girls_are_cute_(template), color_wheel_challenge, expression_35, facial_expression_training, flirting_10_image_response, followers_favorite_challenge, hairstyles_of_my_wonderful_wife, hurt_expressions_of_your_wife_practice, kiss_chart, let's_draw_pretty_girls_challenge, on-model_vs_in_your_style_challenge, shirt_cut_meme, six_fanarts_challenge, various_blushing_faces, various_styles_challenge"
multiple_girls,"2girls, 3girls, 4girls, 5girls, 6+girls"
multiple_others,"2others, 3others, 4others, 5others, 6+others"
multiple_panties,panties
multiple_piercings,sequential_piercings
multiple_rings,"ring, ring_on_every_finger"
multiple_scoops,"ice_cream, too_many_scoops"
multiple_tails,"tail, kyuubi, two_tails"
multiple_vaginal,"vaginal, double_vaginal, triple_vaginal"
multiple_views,"mtu_virus, turnaround"
multiple_weapons,"weapon, too_many_weapons"
multiple_wings,"wings, seraph"
multishot_rocket_launcher,"rocket_launcher, m19, m202_flash"
muneate,naked_muneate
muscular,"more_muscular_than_canon, muscular_female, muscular_male, muscular_uke, muscular_child"
mushroom,"fly_agaric, giant_mushroom, holding_mushroom, shiitake"
mushroom_hair_ornament,food-themed_hair_ornament
mushroom_tattoo,tattoo
musical_note,"beamed_eighth_notes, beamed_sixteenth_notes, beamed_thirty-second_notes, eighth_note, half_note, musical_note_hair_ornament, musical_note_print, musical_note_tattoo, quarter_note, sixteenth_note, spoken_musical_note, thirty-second_note, whole_note"
musical_note-shaped_pupils,symbol-shaped_pupils
musical_note_hair_ornament,"hair_ornament, musical_note"
musical_note_tattoo,"musical_note, tattoo"
musical_staff,musical_staff_print
mustache,"fake_mustache, long_mustache, thick_mustache, mustache_stubble, facial_hair, braided_mustache, handlebar_mustache, pencil_mustache, toothbrush_mustache"
mustache_stubble,"stubble, mustache"
mutual_fingering,"fingering, mutual_masturbation"
mutual_handjob,"handjob, mutual_masturbation"
mutual_masturbation,"mutual_fingering, mutual_handjob"
mutual_tsundere,tsundere
nagamaki,polearm
nail_(hardware),"holding_nail, nail_bat"
nail_(hollow_knight),"coiled_nail_(hollow_knight), old_nail_(hollow_knight), pure_nail_(hollow_knight), sharpened_nail_(hollow_knight)"
nail_bat,"baseball_bat, nail_(hardware)"
nail_polish,"painting_fingernails, toenail_polish"
naizuri,"paizuri, cooperative_naizuri"
naked_armor,armor
naked_chocolate,"chocolate, nude"
naked_dress,dress
naked_skirt,skirt
nambu_pistol,handgun
name_connection,"historical_name_connection, kanji_connection, object_namesake"
narutomaki_hair_ornament,food-themed_hair_ornament
native_american_headdress,"headdress, native_american_clothes"
nattou,food
nature,"forest, jungle"
naval_uniform,"military_uniform, naval_dress_uniform, naval_working_uniform"
navel,"covered_navel, cutout_above_navel, outie_navel, spread_navel, x_navel, navel_peek, navel_piercing"
navel_hair,"sparse_navel_hair, thick_navel_hair"
navel_piercing,"piercing, navel"
navy_cross,cross
neckerchief,"striped_neckerchief, undone_neckerchief, adjusting_neckerchief, aqua_neckerchief, black_neckerchief, blue_neckerchief, checkered_neckerchief, pink_neckerchief, plaid_neckerchief, print_neckerchief, red_neckerchief, torn_neckerchief, unworn_neckerchief, white_neckerchief, yellow_neckerchief"
necklace,"anchor_necklace, ankh_necklace, bead_necklace, bracelet, butterfly_necklace, earrings, carrot_necklace, chain_necklace, crescent_necklace, cross_necklace, crystal_necklace, feather_necklace, flower_necklace, heart_necklace, key_necklace, magatama_necklace, pearl_necklace, ring_necklace, shell_necklace, skull_necklace, star_necklace, tooth_necklace, unworn_necklace, jewelry, multiple_necklaces"
necktie,"adjusting_necktie, bowtie, checkered_necktie, diagonal-striped_necktie, loose_necktie, scarf, naked_necktie, necktie_grab, plaid_necktie, polka_dot_necktie, print_necktie, short_necktie, square-end_necktie, striped_necktie, undone_necktie, unworn_necktie, vertical-striped_necktie, necktie_between_breasts, necktie_between_pectorals, necktie_in_mouth"
necktie_between_breasts,"breasts, clothes_between_breasts, necktie"
necktie_between_pectorals,"between_pectorals, necktie"
necktie_grab,"necktie, neckwear_grab"
necktie_in_mouth,"mouth_hold, necktie"
necktie_on_head,necktie
necktie_overhang,necktie
neckwear_grab,"clothes_grab, ascot_grab, collar_grab, neck_ribbon_grab, necktie_grab, scarf_grab"
needle,"holding_needle, knitting_needle, sewing_needle, throwing_needles"
needles_between_fingers,"between_fingers, holding_needle"
negligee,"black_negligee, blue_negligee, frilled_negligee, pink_negligee, purple_negligee, red_negligee, white_negligee"
nemophila_(flower),flower
neon_sign,sign
nes,game_console
nest,"in_nest, nest_on_head"
net_ball,poke_ball
netorare,reverse_netorare
new_year,"hatsumode, kotoyoro, nengajou"
newhalf_with_female,"futa_with_female, futa_without_pussy"
newhalf_with_male,"futa_with_male, futa_without_pussy"
newsboy_cap,hat
nightcap,hat
nightgown,"pajamas, frilled_nightgown, aqua_nightgown, black_nightgown, blue_nightgown, green_nightgown, grey_nightgown, nightgown_lift, nightgown_pull, orange_nightgown, pink_nightgown, purple_nightgown, red_nightgown, see-through_nightgown, white_nightgown, yellow_nightgown"
nightingale_(bird),bird
nigirizushi,"fish_(food), sushi"
nihonga,ukiyo-e
nintendo_3ds,"handheld_game_console, new_nintendo_3ds, nintendo_2ds, nintendo_3ds_ll"
nintendo_switch_lite,"handheld_game_console, nintendo_switch"
nipple_object_insertion,nipple_penetration
nipple_piercing,"piercing, mismatched_nipple_piercing, nipple_bar, nipple_rings, single_nipple_piercing"
nipple_rings,"nipple_piercing, ring_piercing"
nipple_stimulation,"biting_nipple, licking_nipple, nipple_fingering, nipple_flick, nipple_injection, nipple_press, nipple_pull, nipple_push, nipple_rub, nipple_torture, nipple_tweak, vibrator_on_nipple"
nipple_tweak,"nipple_stimulation, nipple_tweak_through_clothes, nipple_tweak_with_toes, tweaking_own_nipple"
nipple_tweak_through_clothes,"through_clothes, nipple_tweak"
nipples,"bandaids_on_nipples, censored_nipples, chocolate_on_nipples, colored_nipples, covered_nipples, covering_nipples, huge_nipples, inverted_nipples, long_nipples, no_nipples, ofuda_on_nipples, puffy_nipples, small_nipples, tape_on_nipples, dark_nipples, nipple_slip"
nissan_300zx,"nissan_fairlady_z, nissan_300zx_(z31), nissan_300zx_(z32)"
nissan_fairlady_z,"datsun_240z, nissan_300zx, nissan_350z, nissan_370z, nissan_z_(rz34)"
nissan_silvia,"nissan_silvia_s13, nissan_silvia_s14, nissan_silvia_s15"
nissan_skyline,"nissan_skyline_c10, nissan_skyline_c110, nissan_skyline_gt-r, nissan_skyline_r30, nissan_skyline_r32, nissan_skyline_r33, nissan_skyline_r34, nissan_skyline_v36"
nissin_cup_noodle,"nissin_cup_noodle_chili_tomato, nissin_cup_noodle_curry, nissin_cup_noodle_miso, nissin_cup_noodle_seafood, nissin_cup_noodle_sio"
nissin_donbei,"donbei_kitsune_udon, donbei_tempura_soba"
no-show_socks,socks
no_coat,coat
no_shoes,"barefoot, shoes"
no_testicles,"testicles, futa_without_balls"
noh_mask,"mask, hannya, okina_mask"
nomel_berry,berry_(pokemon)
non-humanoid_robot,"robot, robot_animal, robot_dragon"
nontraditional_playboy_bunny,"playboy_bunny, kittysuit, playboy_pokemon"
nontraditional_poke_ball,poke_ball
noodles,"food, instant_noodle_block, ramen, soba, soumen, udon"
norwegian_flag_bikini,flag_print_bikini
nose,"animal_nose, aquiline_nose, bandaid_on_nose, clown_nose, cum_in_nose, dot_nose, large_nose, long_nose, no_nose, nose_piercing, over_the_nose_gag, pig_nose, pointy_nose, runny_nose, scar_on_nose"
nose_art,shark_nose_art
nose_piercing,"piercing, nose, face_piercing, nose_ring"
nose_ring,"ring, nose_piercing"
nosebleed,"aroused_nosebleed, blood, excessive_nosebleed"
novelty_censor,"censored, character_censor"
nude,"completely_nude, clothed_female_nude_female, clothed_female_nude_male, clothed_male_nude_female, clothed_male_nude_male, nude_cover, naked_chocolate"
nude_cover,"nude, covering_privates"
nuka-cola,nuka-cola_quantum
number_hair_ornament,hair_ornament
nun,"buddhist_nun, traditional_nun"
nunchaku,"weapon, holding_nunchaku"
nurse_cap,hat
nursing_sweater,sweater
o-ring,"heart_o-ring, o-ring_bottom, o-ring_choker, o-ring_collar, o-ring_harness, cat_o-ring, o-ring_arm_strap, o-ring_belly_chain, o-ring_belt, o-ring_bikini, o-ring_bra, o-ring_garter_belt, o-ring_legwear, o-ring_one-piece_swimsuit, o-ring_thigh_strap, o-ring_top"
o-ring_arm_strap,"arm_strap, o-ring"
o-ring_belly_chain,"belly_chain, o-ring"
o-ring_belt,"belt, o-ring"
o-ring_bikini,"bikini, o-ring"
o-ring_bottom,"o-ring, o-ring_panties"
o-ring_bra,"bra, o-ring"
o-ring_choker,"choker, o-ring, heart_ring_choker"
o-ring_collar,"collar, o-ring"
o-ring_dress,dress
o-ring_garter_belt,"garter_belt, o-ring"
o-ring_garter_straps,"garter_straps, o-ring"
o-ring_harness,"o-ring, harness"
o-ring_legwear_garter,"legwear_garter, o-ring"
o-ring_one-piece_swimsuit,"swimsuit, one-piece_swimsuit, o-ring"
o-ring_panties,"panties, o-ring_bottom"
o-ring_thigh_strap,"thigh_strap, o-ring"
object_in_clothes,"object_in_panties, object_in_swimsuit"
object_insertion,"anal_object_insertion, comedic_object_insertion, food_insertion, high_heels_insertion, shared_object_insertion, vaginal_object_insertion"
object_on_head,"on_head, bloomers_on_head, book_on_head, bra_on_head, bucket_on_head, food_on_head, panties_on_head"
object_through_head,"arrow_in_head, fork_in_head, key_in_head, knife_in_head, screw_in_head, sword_in_head, syringe_in_head"
oboe,instrument
ocarina,instrument
occa_berry,berry_(pokemon)
octagram,star_of_lakshmi
octopus,"stuffed_octopus, umbrella_octopus"
octopus_tattoo,tattoo
oden,food
off-shoulder_bandeau,"bandeau, off_shoulder"
off-shoulder_bikini,"bikini, off_shoulder"
off-shoulder_coat,"coat, off_shoulder"
off-shoulder_dress,"dress, off_shoulder"
off-shoulder_jacket,"jacket, off_shoulder"
off-shoulder_one-piece_swimsuit,"swimsuit, one-piece_swimsuit, off_shoulder"
off-shoulder_shirt,"shirt, off_shoulder"
off-shoulder_sweater,"sweater, off_shoulder"
off_shoulder,"off-shoulder_bandeau, off-shoulder_bikini, off-shoulder_coat, off-shoulder_dress, off-shoulder_jacket, off-shoulder_one-piece_swimsuit, off-shoulder_shirt, off-shoulder_sweater"
ofuda,"holding_ofuda, ofuda_on_clothes, ofuda_on_head, ofuda_on_nipples, ofuda_on_pussy, ofuda_removed"
ofuda_between_fingers,"between_fingers, holding_ofuda"
ofuda_earrings,earrings
ofuda_on_head,"on_head, ofuda"
ofuda_on_nipples,"nipples, ofuda, pasties"
ofuda_on_pussy,"pussy, maebari, ofuda"
ok_sign,"double_ok_sign, ok_sign_over_eye"
okonomiyaki,food
old,"old_man, old_woman"
old-fashioned_donut,"donut, choco_fashion"
olive_branch,branch
olive_hair_ornament,hair_ornament
olive_hill,hill
olive_wreath,wreath
omelet,"food, omurice, tamagoyaki"
on_ball,"leaning_on_ball, lying_on_ball, sitting_on_ball"
on_bed,pov_across_bed
on_bicycle,"bicycle, riding_bicycle"
on_book,"book, on_open_book, on_single_book, sitting_on_book, standing_on_book"
on_box,"box, sitting_on_box"
on_chair,"chair, standing_on_chair"
on_flower,flower
on_head,"animal_on_head, bandaid_on_head, bird_on_head, book_on_head, breasts_on_head, bucket_on_head, butterfly_on_head, cat_on_head, chibi_on_head, creature_on_head, diving_mask_on_head, eyewear_on_head, flower_on_head, food_on_head, fruit_on_head, goggles_on_head, head_on_head, leaf_on_head, mask_on_head, mushroom_on_head, object_on_head, ofuda_on_head, panties_on_head, paper_on_head, penis_on_head, person_on_head, pokemon_on_head, rabbit_on_head, skull_on_head, snow_on_head, towel_on_head"
on_lap,"animal_on_lap, pokemon_on_lap"
on_magic_circle,"magic_circle, lying_on_magic_circle, sitting_on_magic_circle, standing_on_magic_circle"
on_moped,"moped, riding_moped"
on_motorcycle,"motorcycle, riding_motorcycle"
on_mushroom,"lying_on_mushroom, sitting_on_mushroom"
on_open_book,"on_book, open_book"
on_roof,sitting_on_roof
on_scooter,"scooter, riding_scooter"
on_shoulder,"animal_on_shoulder, bandaid_on_shoulder, bird_on_shoulder, bite_mark_on_shoulder, cat_on_shoulder, creature_on_shoulder, mole_on_shoulder, pokemon_on_shoulder, scar_on_shoulder"
on_stomach,"lying, the_pose"
on_swing,"swing, standing_on_swing, swinging_on_swing"
on_throne,throne
onahole,"sex_toy, onahole_job"
one-piece_swimsuit,"bikini, swimsuit, casual_one-piece_swimsuit, frilled_one-piece_swimsuit, highleg_one-piece_swimsuit, o-ring_one-piece_swimsuit, off-shoulder_one-piece_swimsuit, see-through_one-piece_swimsuit, strapless_one-piece_swimsuit, striped_one-piece_swimsuit, blue_one-piece_swimsuit, competition_swimsuit, front_zipper_swimsuit_(realise), plaid_one-piece_swimsuit, sailor_one-piece_swimsuit, single-shoulder_one-piece_swimsuit, sleeved_one-piece_swimsuit, turtleneck_one-piece_swimsuit"
one-piece_tan,"tan, tanlines"
one_eye_closed,"3;, ;(, ;), ;3, ;<, ;>, ;d, ;i, ;o, ;p, ;q, ;t, ;|, >_o, d;"
onesie,open_onesie
oni,"blue_oni, red_oni"
onigiri,food
onigiri_hair_ornament,food-themed_hair_ornament
oonusa,"gohei, haraegushi"
open-bust_leotard,leotard
open_bag,bag
open_bodysuit,"bodysuit, open_clothes"
open_book,"book, on_open_book"
open_cardigan,"cardigan, open_clothes"
open_cloak,"cloak, open_clothes"
open_clothes,"open_bodysuit, open_cardigan, open_cloak, open_coat, open_dress, open_hoodie, open_jacket, open_kimono, open_leotard, open_robe, open_shirt, open_shorts, open_skirt, open_vest"
open_coat,"coat, open_clothes"
open_dress,"dress, open_clothes"
open_fly,"open_pants, open_shorts"
open_hoodie,"hoodie, open_clothes"
open_jacket,"jacket, open_clothes"
open_kimono,"kimono, open_clothes"
open_leotard,"leotard, open_clothes"
open_pants,"pants, open_fly"
open_poke_ball,poke_ball
open_robe,"robe, open_clothes"
open_shorts,"shorts, open_clothes, open_fly"
open_skirt,"skirt, open_clothes"
open_vest,"vest, open_clothes"
open_window_shutter,window_shutter
oppai_loli,"loli, breasts"
optical_illusion,"figure-ground_illusion, fluttering_heart_illusion, primrose_field_illusion"
oral,"cunnilingus, fellatio, hug_and_suck, licking_testicle, testicle_sucking"
orange_(fruit),"fruit, orange_slice"
orange_anklet,anklet
orange_anus,anus
orange_apron,apron
orange_arm_warmers,arm_warmers
orange_armband,armband
orange_armor,armor
orange_armpit_hair,armpit_hair
orange_ascot,ascot
orange_assault_visor,assault_visor
orange_babydoll,babydoll
orange_bag,bag
orange_bell_pepper,bell_pepper
orange_belt,belt
orange_bikini,bikini
orange_bird,bird
orange_bloomers,bloomers
orange_blossoms,blossoms
orange_blush,blush
orange_bodice,bodice
orange_bodysuit,bodysuit
orange_boots,boots
orange_border,border
orange_bow,"bow, orange_bowtie"
orange_bowtie,"bowtie, orange_bow"
orange_bra,bra
orange_bridal_gauntlets,bridal_gauntlets
orange_bulborb_(cosplay),bulborb_(cosplay)
orange_bustier,bustier
orange_camisole,camisole
orange_cape,cape
orange_capelet,capelet
orange_car,car
orange_cardigan,cardigan
orange_changpao,changpao
orange_chemise,chemise
orange_choker,choker
orange_claws,claws
orange_cloak,cloak
orange_coat,coat
orange_collar,collar
orange_crown,crown
orange_dougi,dougi
orange_dress,dress
orange_facial_hair,facial_hair
orange_feathers,feathers
orange_fire,fire
orange_flower,"flower, orange_pansy, orange_rose, orange_tulip"
orange_fruit_dove,fruit_dove
orange_garter_belt,garter_belt
orange_gloves,gloves
orange_goggles,goggles
orange_grass,grass
orange_hair_ornament,"food-themed_hair_ornament, hair_ornament"
orange_hairband,hairband
orange_hakama,hakama
orange_halo,halo
orange_hanbok,hanbok
orange_hanfu,hanfu
orange_happi,happi
orange_hat,hat
orange_hat_ornament,hat_ornament
orange_helmet,helmet
orange_hiphighs,hiphighs
orange_hood,hood
orange_hoodie,hoodie
orange_horns,horns
orange_jacket,jacket
orange_kimono,kimono
orange_leaf,leaf
orange_leg_warmers,leg_warmers
orange_leotard,leotard
orange_lineart,lineart
orange_lips,lips
orange_lockseed,lockseed
orange_loincloth,loincloth
orange_male_underwear,male_underwear
orange_markings,markings
orange_mask,mask
orange_neckerchief,neckerchief
orange_necktie,necktie
orange_one-piece_swimsuit,one-piece_swimsuit
orange_overalls,overalls
orange_overskirt,overskirt
orange_pajamas,pajamas
orange_pansy,"orange_flower, pansy"
orange_panties,panties
orange_pants,pants
orange_pantyhose,pantyhose
orange_penis,penis
orange_poncho,poncho
orange_pussy,pussy
orange_raincoat,raincoat
orange_red_pastry,pastry
orange_ribbon,ribbon
orange_robe,robe
orange_rose,"orange_flower, rose"
orange_sandals,sandals
orange_sarong,sarong
orange_sash,sash
orange_scales,scales
orange_scarf,scarf
orange_scrunchie,scrunchie
orange_shawl,shawl
orange_sheep,sheep
orange_shirt,shirt
orange_shoes,shoes
orange_shorts,shorts
orange_shrug,shrug_(clothing)
orange_skirt,skirt
orange_slice,"orange_(fruit), slice"
orange_socks,socks
orange_soda,soda
orange_sponge,sponge
orange_sports_bra,sports_bra
orange_sticker,sticker
orange_suit,suit
orange_sweater,sweater
orange_swim_trunks,swim_trunks
orange_tail,tail
orange_thighhighs,thighhighs
orange_thong,thong
orange_tree,tree
orange_tulip,"orange_flower, tulip"
orange_turban,turban
orange_umbrella,umbrella
orange_unitard,unitard
orange_veil,veil
orange_vest,vest
orange_water,water
orange_wings,wings
orange_wrist_cuffs,wrist_cuffs
orb,"holding_orb, yin_yang_orb"
orc,"female_orc, ork_(warhammer)"
orchid,flower
organ_(instrument),"instrument, electric_organ, pipe_organ"
orgasm,"female_orgasm, forced_orgasm, mutual_orgasm"
origami,paper_crane
ornate_border,"border, lace_border"
ornate_ring,"ring, diamond_ring"
orthodox_cross,cross
ostrich,bird
ots-12_tiss,"assault_rifle, kalashnikov_rifle"
ots-14_groza,"assault_rifle, bullpup"
otter_ears,animal_ears
our_galaxy_(e.g.o),e.g.o_(project_moon)
outline,"aqua_outline, black_outline, blue_outline, brown_outline, green_outline, grey_outline, halftone_outline, orange_outline, pink_outline, purple_outline, red_outline, white_outline, yellow_outline"
outstretched_arms,"\o/, spread_arms, zombie_pose"
over-kneehighs,"thighhighs, single_over-kneehigh"
over_shoulder,"arm_over_shoulder, braid_over_shoulder, hair_over_shoulder, jacket_over_shoulder, sword_over_shoulder, umbrella_over_shoulder, weapon_over_shoulder"
over_the_mouth_gag,"cloth_gag, gagged"
over_the_nose_gag,"nose, cloth_gag, gagged"
overall_shorts,"shorts, overalls"
overall_skirt,skirt
overalls,"denim_overalls, naked_overalls, black_overalls, blue_overalls, brown_overalls, green_overalls, grey_overalls, overall_shorts, pink_overalls, plaid_overalls, print_overalls, red_overalls, striped_overalls, torn_overalls, white_overalls, yellow_overalls"
overflowing,overflowing_bath
oversized_animal,"animal, giant_snake"
oversized_bug,oversized_spider
oversized_flower,flower
oversized_forearms,oversized_limbs
oversized_object,"large_syringe, oversized_food"
oversized_shirt,"shirt, oversized_clothes"
ovum,"fertilization, ovum_with_heart"
ovum_with_heart,"heart, ovum"
owl,"bird, barn_owl, snowy_owl"
own_hands_clasped,"own_hands_together, gendou_pose"
own_hands_together,"cupping_hands, own_hands_clasped"
oxfords,"dress_shoes, saddle_shoes"
p14_enfield,"bolt_action, rifle"
padded_jacket,"jacket, telogreika"
paddle,"hagoita, holding_paddle, table_tennis_paddle"
padlock,"lock, padlocked_chastity_cage, padlocked_collar"
padlocked_chastity_cage,"chastity_cage, padlock"
padlocked_collar,"collar, padlock"
page_tear,revealing_layer
paint,"spray_paint, microsoft_paint_(software)"
paint_splatter,paint_splatter_on_face
paintbrush,"art_brush, calligraphy_brush, holding_paintbrush, trim_brush"
painting_fingernails,"applying_manicure, nail_polish"
paizuri,"assisted_paizuri, autopaizuri, cooperative_paizuri, double_paizuri, handsfree_paizuri, naizuri, nursing_paizuri, paizuri_on_lap, paizuri_over_clothes, paizuri_under_clothes, paizuri_while_penetrated, perpendicular_paizuri, reverse_paizuri, sideboob_paizuri, straddling_paizuri"
pajamas,"nightgown, hooded_pajamas, open_pajamas, polka_dot_pajamas, print_pajamas, striped_pajamas, vertical-striped_pajamas, bear_pajamas, cat_pajamas, dog_pajamas, frilled_pajamas, fur-trimmed_pajamas, gingham_pajamas, pajamas_pull, plaid_pajamas, rabbit_pajamas"
palestinian_flag_bikini,flag_print_bikini
palette_hat_ornament,hat_ornament
palm_tree,"tree, coconut_tree"
palms,palms_together
pancake,"food, pancake_stack, souffle_pancake"
pancake_hair_ornament,food-themed_hair_ornament
panda,"stuffed_panda, panda_cub, panda_on_head"
panda_cub,"baby_animal, panda"
panda_ears,animal_ears
panda_on_head,"animal_on_head, panda"
pansy,"flower, blue_pansy, orange_pansy, pink_pansy, purple_pansy, red_pansy, yellow_pansy"
pant_suit,"suit, pants"
panther_ears,animal_ears
panties,"adjusting_panties, back-print_panties, backless_panties, bear_print_panties, bra, underwear, bow_panties, boyshort_panties, cat_ear_panties, cat_print_panties, crotchless_panties, cum_in_panties, dildo_under_panties, fingering_through_panties, frilled_panties, front-print_panties, hand_in_another's_panties, hand_in_own_panties, heart_print_panties, highleg_panties, lace-trimmed_panties, lace_panties, leopard_print_panties, lowleg_panties, micro_panties, multi-strapped_panties, no_panties, o-ring_panties, panties_around_ankles, panties_around_one_ankle, panties_cat's_cradle, panties_under_buruma, penis_in_panties, picot_trim_panties, plaid_panties, polka_dot_panties, presenting_removed_panties, print_panties, ribbed_panties, satin_panties, see-through_panties, side-tie_panties, sports_panties, stained_panties, star_print_panties, strawberry_print_panties, string_panties, striped_panties, thong_panties, torn_panties, untied_panties, unworn_panties, vertical-striped_panties, vibrator_under_panties, wet_panties, panties_around_one_leg, panties_aside, panties_under_pantyhose, panty_pull, pantyshot"
panties_around_thighs,"thighs, panty_pull"
panties_aside,"clothing_aside, panties"
panties_in_mouth,"mouth_hold, panties"
panties_on_breasts,panties
panties_on_head,"on_head, object_on_head, panties, panty_mask"
panties_on_penis,"penis, panties"
panties_over_bike_shorts,"bike_shorts, panties"
panties_over_garter_belt,"belt, garter_belt, panties"
panties_over_pantyhose,"pantyhose, panties"
panties_under_bloomers,"bloomers, panties"
panties_under_buruma,"panties, buruma"
panties_under_pantyhose,"pantyhose, panties"
pants,"jeans, asymmetrical_pants, backless_pants, baggy_pants, shorts, skirt, camouflage_pants, capri_pants, cargo_pants, crotchless_pants, detached_pants, hakama_pants, harem_pants, high-waist_pants, latex_pants, leather_pants, lowleg_pants, no_pants, open_pants, pants_tucked_in, pants_under_shorts, pinstripe_pants, plaid_pants, print_pants, puffy_pants, see-through_pants, striped_pants, suit_pants, tight_pants, torn_pants, track_pants, unworn_pants, vertical-striped_pants, yoga_pants, pant_suit, pants_pull, sweatpants"
pants_pull,"clothes_pull, pants"
pants_rolled_up,pants
pants_under_dress,"dress, pants"
pants_under_skirt,"skirt, pants"
panty_gag,"clothes_gag, panties, stuffed_gag"
panty_lift,panties
panty_peek,panties
panty_pull,"panties, panties_around_ankles, panties_around_thighs"
pantyhose,"thighhighs, argyle_pantyhose, crotchless_pantyhose, fishnet_pantyhose, high-waist_pantyhose, kneehighs, lace_pantyhose, laddered_pantyhose, panties_over_pantyhose, panties_under_pantyhose, pantyhose_only, polka_dot_pantyhose, print_pantyhose, see-through_pantyhose, single_leg_pantyhose, socks_over_pantyhose, striped_pantyhose, thighband_pantyhose, thighhighs_over_pantyhose, torn_pantyhose, unworn_pantyhose, vertical-striped_pantyhose, wet_pantyhose, pantyhose_pull, pantyhose_under_shorts, pantyhose_under_swimsuit"
pantyhose_around_one_leg,pantyhose
pantyhose_pull,"clothes_pull, pantyhose"
pantyhose_under_shorts,"shorts, pantyhose"
pantyhose_under_swimsuit,"swimsuit, pantyhose"
pantyshot,"implied_pantyshot, panties, pantyshot_through_reflection"
pantyshot_through_reflection,"pantyshot, reflection"
panzer_38(t),tank
panzer_i,tank
panzer_ii,tank
panzer_iii,tank
panzerfaust,weapon
paper,"flying_paper, holding_paper"
paper_fan,"hand_fan, uchiwa"
paper_hat,paper_kabuto
paper_lantern,"lantern, lantern_on_liquid, sky_lantern"
parachute_pants,pants
paradise_lost_(e.g.o),e.g.o_(project_moon)
parakeet,bird
parent_and_child,"adoptive_parent_and_adoptive_child, father_and_child, mother_and_child, step-parent_and_step-child"
parfait,"food, strawberry_parfait"
park_ball,poke_ball
parody,"fine_art_parody, style_parody, title_parody"
parrot,"bird, african_grey_parrot, macaw"
partially_fingerless_gloves,"gloves, fingerless_gloves, archery_shooting_glove, yugake"
partially_unzipped,unzipped
pasta,"food, spaghetti"
pasties,"bandaids_on_nipples, cow_print_pasties, cross_pasties, diamond-shaped_pasties, heart_pasties, micro_pasties, ofuda_on_nipples, star_pasties, tape_on_nipples"
pastry,food
patch,"flag_patch, morale_patch, shoulder_patch, unit_patch"
pauldrons,"spiked_pauldrons, shoulder_armor, single_pauldron"
pavilion,"gazebo, pergola"
paw_gloves,"gloves, animal_hands"
paw_print,"paw_print_pattern, paw_print_background, paw_tattoo"
paw_tattoo,"paw_print, tattoo"
pawpads,presenting_pawpads
payapa_berry,berry_(pokemon)
pc_engine,game_console
peach,"fruit, peach_slice"
peach_emoji,emoji
peach_energy_lockseed,energy_lockseed
peach_hair_ornament,"food-themed_hair_ornament, hair_ornament"
peach_hat_ornament,hat_ornament
peach_pie,pie
peach_slice,"peach, slice"
peach_tree,tree
peacock,"bird, peafowl"
peafowl,"peacock, peahen"
pear,fruit
pearl,"pearl_bracelet, pearl_choker, pearl_earrings, pearl_necklace, gem"
pearl_bracelet,"bracelet, pearl"
pearl_choker,"choker, pearl"
pearl_earrings,"earrings, pearl"
pearl_necklace,"necklace, pearl"
pectoral_cleavage,"cleavage, pectorals"
pectoral_press,"pectoral_docking, pectorals_on_glass"
pectorals,"bare_pectorals, between_pectorals, bursting_pectorals, covered_pectorals, huge_pectorals, large_pectorals, bouncing_pecs, cum_on_pectorals, pectoral_cleavage, pectoral_focus, sidepec"
pectorals_on_glass,"against_glass, pectoral_press"
pee,"pee_in_container, pee_puddle"
peeing,"golden_shower, peeing_in_bottle, peeing_in_cup, peeing_on_penis, peeing_on_viewer, peeing_self, peeing_together"
pelican,bird
pelt,"bear_pelt, fox_pelt, leopard_pelt, lion_pelt, tiger_pelt, wolf_pelt"
pelvic_curtain,"pelvic_curtain_aside, pelvic_curtain_lift, see-through_pelvic_curtain"
pelvic_curtain_aside,"clothing_aside, pelvic_curtain"
pelvic_curtain_lift,"clothes_lift, pelvic_curtain"
pen,"holding_pen, nib_pen_(object)"
pencil,"colored_pencil, holding_pencil, mechanical_pencil, wooden_pencil"
pencil_dress,dress
pendant,"cross_pendant, heart_pendant, star_pendant, symphogear_pendant, pendant_choker, pendant_collar, pendant_earrings, pendant_watch, rin's_pendant_(fate), jewelry, locket"
pendant_choker,"choker, pendant"
pendant_collar,"collar, pendant"
pendant_earrings,"earrings, pendant"
pendant_watch,"watch, pendant"
penguin,"stuffed_penguin, bird, emperor_penguin, humboldt_penguin, penguin_chick"
penguin_chick,"baby_animal, penguin"
penguin_hair_ornament,hair_ornament
penguin_hat,hat
penis,"animal_penis, bouncing_penis, colored_penis, condom_on_penis, covered_penis, cum_on_penis, cumdrip_from_penis, disembodied_penis, dog_penis, gigantic_penis, girthy_penis, hand_on_own_penis, horse_penis, huge_penis, invisible_penis, knotted_penis, large_penis, lipstick_mark_on_penis, panties_on_penis, penis_awe, penis_measuring, penis_on_pussy, penis_out, penis_peek, penis_size_difference, penis_tentacle, saliva_on_penis, small_penis, small_penis_humiliation, smelling_penis, spiked_penis, tentacle_on_penis, tucked_penis, twitching_penis, used_condom_on_penis, veiny_penis, licking_penis, penis_on_ass, penises_touching, surrounded_by_penises"
penis_and_testicles_touching,"penis, testicles"
penis_in_another's_thighhigh,penis_under_another's_clothes
penis_on_ass,"ass, penis"
penis_on_face,"penis_over_eyes, penis_over_one_eye"
penis_on_head,"on_head, penis"
penis_on_pussy,"pussy, penis"
penis_on_stomach,"stomach, penis"
penis_piercing,"piercing, penis, frenulum_piercing, lorum_piercing, prince_albert"
penis_ribbon,"ribbon, penis"
penis_tattoo,tattoo
penis_tentacle,"penis, tentacles"
penises_touching,"penis, cock_docking"
penitence_(e.g.o),e.g.o_(project_moon)
pentagram_earrings,earrings
pentagram_tattoo,"pentagram, tattoo"
peony_(flower),flower
people's_liberation_army,"people's_liberation_army_air_force, people's_liberation_army_ground_force, people's_liberation_army_navy"
people's_republic_of_china_flag_bikini,flag_print_bikini
pepperoni_pizza,"pepperoni, pizza"
perineum_piercing,piercing
persim_berry,berry_(pokemon)
persimmon,fruit
personification,"creature_and_personification, object_and_personification, vehicle_and_personification, weapon_personification"
pet,"pet_play, virtual_pet_(toy)"
pet_food,"ciao_churu, dog_biscuit"
petals,"aqua_petals, black_petals, blue_petals, falling_petals, glowing_petals, green_petals, holding_petal, orange_petals, petals_on_liquid, pink_petals, purple_petals, red_petals, rose_petals, white_petals, yellow_petals"
petticoat,"colored_petticoat, slip_showing"
pgm_hecate_ii,"anti-materiel_rifle, bolt_action"
pheasant,bird
phoenix,bird
phone,"cellphone, corded_phone, cordless_phone, holding_phone, looking_at_phone, payphone, phone_over_face, rotary_phone"
phone_over_face,"covering_face, phone"
photorealistic,realistic
piano,"instrument, grand_piano, mini_piano, upright_piano"
pickaxe,"holding_pickaxe, minecraft_pickaxe"
picnic_table,table
picture_frame,"empty_picture_frame, holding_picture_frame"
pie,"food, apple_pie, cherry_pie, pie_slice, pumpkin_pie, stargazy_pie"
piercing,"animal_ear_piercing, barbell_piercing, bridge_piercing, chin_piercing, clitoral_piercing, corset_piercing, covered_piercing, ear_piercing, eyebrow_piercing, face_piercing, industrial_piercing, labia_piercing, labret_piercing, linked_piercing, lip_piercing, mouth_piercing, navel_piercing, nipple_piercing, nose_piercing, penis_piercing, pussy_piercing, ring_piercing, spiked_ear_piercing, tail_piercing, tongue_piercing, wing_piercing, areola_piercing, captive_bead_ring, piercing_through_clothes"
pig_costume,animal_costume
pig_ears,animal_ears
pig_tattoo,tattoo
pikachu_ears,animal_ears
pill,"holding_pill, pill_in_mouth"
pillow,"body_pillow, dakimakura_(object), face_in_pillow, frilled_pillow, head_on_pillow, heart-shaped_pillow, holding_pillow, pillow_grab, pillow_hug, plaid_pillow, print_pillow, yes-no_pillow"
pillow_bite,biting
pillow_hug,"hugging_object, pillow"
pin,"clothes_pin, crescent_pin, grenade_pin, hat_pin, lapel_pin, safety_pin, sewing_pin"
pinching,"ass_pinch, cheek_pinching"
pineapple,"fruit, pineapple_slice"
pineapple_hair_ornament,food-themed_hair_ornament
pink_(e.g.o),e.g.o_(project_moon)
pink_ankle_cuffs,ankle_cuffs
pink_anklet,anklet
pink_apron,apron
pink_armor,armor
pink_armpit_hair,armpit_hair
pink_ascot,ascot
pink_assault_visor,assault_visor
pink_aura,aura
pink_bag,bag
pink_bear,bear
pink_belt,belt
pink_bikini,bikini
pink_bird,bird
pink_blanket,blanket
pink_bodice,bodice
pink_bodystocking,bodystocking
pink_bodysuit,bodysuit
pink_boots,boots
pink_bow,"bow, pink_bowtie"
pink_bowtie,"bowtie, pink_bow"
pink_box,box
pink_bra,bra
pink_cape,cape
pink_capelet,capelet
pink_car,car
pink_carnation,"carnation, pink_flower"
pink_carpet,carpet
pink_cat,cat
pink_chaps,chaps
pink_choker,choker
pink_circle,circle
pink_claws,claws
pink_cloak,cloak
pink_coat,coat
pink_donut,donut
pink_dress,dress
pink_facepaint,facepaint
pink_facial_hair,facial_hair
pink_flag,flag
pink_flower,"flower, pink_carnation, pink_pansy, pink_rose, pink_tulip"
pink_frills,frills
pink_garter_belt,garter_belt
pink_gerbera,gerbera
pink_gloves,gloves
pink_hairband,hairband
pink_halo,halo
pink_hat,hat
pink_headdress,headdress
pink_helmet,helmet
pink_hood,hood
pink_hoodie,hoodie
pink_horns,horns
pink_jacket,jacket
pink_jeogori,jeogori
pink_kimono,kimono
pink_leaf,leaf
pink_leash,leash
pink_lemonade,lemonade
pink_leotard,leotard
pink_leotard_(dq),leotard
pink_lightning,lightning
pink_lineart,lineart
pink_lips,lips
pink_liquid,liquid
pink_loincloth,loincloth
pink_macaron,macaron
pink_male_swimwear,male_swimwear
pink_male_underwear,male_underwear
pink_mask,mask
pink_maxi_shirt,maxi_shirt
pink_mushmellow_(mario),mushmellow_(mario)
pink_necktie,necktie
pink_nose,nose
pink_one-piece_swimsuit,one-piece_swimsuit
pink_overskirt,overskirt
pink_pajamas,pajamas
pink_pansy,"pansy, pink_flower"
pink_panties,panties
pink_pants,pants
pink_pantyhose,pantyhose
pink_pigeon,pigeon
pink_pillow,pillow
pink_poncho,poncho
pink_rabbit,rabbit
pink_rathian_(armor),rathian_(armor)
pink_ribbon,ribbon
pink_robe,robe
pink_rose,"pink_flower, rose"
pink_rug,rug
pink_sandals,sandals
pink_scales,scales
pink_scarf,scarf
pink_sex_toy,sex_toy
pink_shirt,shirt
pink_shoes,shoes
pink_shorts,shorts
pink_shrug,shrug_(clothing)
pink_singlet,singlet
pink_skirt,skirt
pink_snake,snake
pink_socks,socks
pink_sponge,sponge
pink_string,string
pink_sweater,sweater
pink_swim_trunks,swim_trunks
pink_sword,sword
pink_tail,tail
pink_tailcoat,tailcoat
pink_talons,talons
pink_tattoo,tattoo
pink_teeth,teeth
pink_thighhighs,thighhighs
pink_thong,thong
pink_tiara,tiara
pink_tongue,tongue
pink_tulip,"pink_flower, tulip"
pink_turban,turban
pink_umbrella,umbrella
pink_unitard,unitard
pink_vest,vest
pink_water,water
pink_wings,wings
pinstripe_camisole,"camisole, pinstripe_pattern"
pinstripe_dress,"dress, pinstripe_pattern"
pinstripe_jacket,"jacket, pinstripe_pattern"
pinstripe_kimono,"kimono, pinstripe_pattern"
pinstripe_pants,"pants, pinstripe_pattern"
pinstripe_pattern,"pinstripe_camisole, pinstripe_dress, pinstripe_jacket, pinstripe_kimono, pinstripe_pants, pinstripe_shirt, pinstripe_skirt, pinstripe_suit, pinstripe_vest"
pinstripe_shirt,"shirt, pinstripe_pattern"
pinstripe_skirt,"skirt, pinstripe_pattern"
pinstripe_suit,"suit, pinstripe_pattern"
pinstripe_vest,"vest, pinstripe_pattern"
pinwheel,"holding_pinwheel, pinwheel_hair_ornament"
pinwheel_hair_ornament,"hair_ornament, pinwheel"
pixel_heart,heart
pizza,"food, chicago_deep_dish_pizza, hawaiian_pizza, holding_pizza, margherita_pizza, pepperoni_pizza, pizza_slice"
pizza_hair_ornament,food-themed_hair_ornament
plaid_apron,"apron, plaid_clothes"
plaid_arm_warmers,"arm_warmers, plaid_clothes"
plaid_ascot,"ascot, plaid_clothes"
plaid_bag,bag
plaid_belt,"belt, plaid_clothes"
plaid_bikini,"bikini, plaid_clothes"
plaid_bow,"bow, plaid_bowtie"
plaid_bowtie,"bowtie, plaid_bow, plaid_clothes"
plaid_bra,"bra, plaid_clothes"
plaid_cape,"cape, plaid_clothes"
plaid_capelet,"capelet, plaid_clothes"
plaid_cardigan,"cardigan, plaid_clothes"
plaid_choker,plaid_clothes
plaid_cloak,"cloak, plaid_clothes"
plaid_clothes,"plaid_bikini, plaid_bowtie, plaid_bra, plaid_dress, plaid_jacket, plaid_lapels, plaid_necktie, plaid_panties, plaid_pants, plaid_scarf, plaid_shirt, plaid_shorts, plaid_skirt, plaid_sleeves, plaid_vest"
plaid_coat,"coat, plaid_clothes"
plaid_collar,"collar, plaid_clothes"
plaid_corset,"corset, plaid_clothes"
plaid_dress,"dress, plaid_clothes"
plaid_footwear,plaid_clothes
plaid_gloves,plaid_clothes
plaid_hoodie,"hoodie, plaid_clothes"
plaid_jacket,"jacket, plaid_clothes"
plaid_kimono,"kimono, plaid_clothes"
plaid_lapels,"lapels, plaid_clothes"
plaid_leg_warmers,"leg_warmers, plaid_clothes"
plaid_leotard,plaid_clothes
plaid_male_underwear,"male_underwear, plaid_clothes"
plaid_mittens,"mittens, plaid_clothes"
plaid_neckerchief,"neckerchief, plaid_clothes"
plaid_necktie,"necktie, plaid_clothes"
plaid_overalls,"overalls, plaid_clothes"
plaid_pajamas,"pajamas, plaid_clothes"
plaid_panties,"panties, plaid_clothes"
plaid_pants,"pants, plaid_clothes"
plaid_sailor_collar,"collar, plaid_clothes, sailor_collar"
plaid_sarong,"plaid_clothes, sarong"
plaid_sash,"plaid_clothes, sash"
plaid_scarf,"scarf, plaid_clothes"
plaid_shawl,"shawl, plaid_clothes"
plaid_shirt,"shirt, plaid_clothes"
plaid_shorts,"shorts, plaid_clothes"
plaid_skirt,"skirt, plaid_clothes"
plaid_socks,"socks, plaid_clothes"
plaid_sweater,"plaid_clothes, sweater"
plaid_sweater_vest,"plaid_clothes, sweater_vest"
plaid_thighhighs,plaid_clothes
plaid_towel,towel
plaid_umbrella,umbrella
plaid_vest,"vest, plaid_clothes"
plaid_wrist_cuffs,"plaid_clothes, wrist_cuffs"
plant,"cattail, holding_plant, pitcher_plant, plant_focus, potted_plant, venus_flytrap, vines"
plant_girl,"monster_girl, alraune"
plant_wings,wings
planted,"planted_arrow, planted_axe, planted_knife, planted_polearm, planted_scissors, planted_shovel, planted_surfboard, planted_sword, planted_umbrella"
planted_arrow,"arrow_(projectile), planted"
planted_axe,"axe, planted"
planted_knife,"knife, planted"
planted_polearm,"planted, polearm"
planted_scissors,"planted, scissors"
planted_shovel,"planted, shovel"
planted_surfboard,"planted, surfboard"
planted_sword,"planted, sword"
planted_umbrella,"planted, umbrella"
plate,"broken_plate, holding_plate, mamezara, paper_plate, plate_stack, tasting_plate"
platform_sandals,"sandals, okobo"
platinum_fox,fox
playboy_bunny,"male_playboy_bunny, nontraditional_playboy_bunny, tailcoat_playboy_bunny, tactical_playboy_bunny"
playing_bass_guitar,"bass_guitar, playing_instrument"
playing_card,"card, ace_(playing_card), jack_(playing_card), joker_(playing_card), king_(playing_card), queen_(playing_card)"
playing_flute,"flute, playing_instrument"
playing_games,"playing_card_game, playing_tabletop_game, playing_video_games"
playing_guitar,"guitar, playing_instrument"
playing_instrument,"instrument, playing_bass_guitar, playing_drums, playing_flute, playing_guitar, playing_piano, playing_violin"
playing_tabletop_game,"playing_games, playing_tabletop_wargame"
playstation_controller,"game_controller, dualsense, dualshock"
playstation_portable,"handheld_game_console, playstation_portable_go"
pleasure_(e.g.o),e.g.o_(project_moon)
plectrum,"bachi, holding_plectrum, plectrum_in_mouth"
plectrum_in_mouth,"mouth_hold, plectrum"
plover_(animal),bird
plugsuit_(evangelion),"test_plugsuit_(evangelion), mecha_pilot_suit, super_plugsuit_(evangelion)"
pocket,"breast_pocket, exposed_pocket, hands_in_pocket, object_in_pocket, pen_in_pocket, pocket_square"
pocket_watch,"watch, holding_pocket_watch"
pocky,"food, holding_pocky, pocky_in_mouth, pocky_kiss, pocky_strawberry"
pocky_in_mouth,"food_in_mouth, pocky"
poinsettia,flower
pointing,"pointing_at_another, pointing_at_object, pointing_at_self, pointing_at_viewer, pointing_backward, pointing_down, pointing_forward, pointing_to_the_side, pointing_up"
pointing_melee_weapon,pointing_sword
pointing_up,"pointing, kamina_pose"
pointy_ears,"long_pointy_ears, elf"
poke_ball,"dive_ball, dusk_ball, great_ball, hisuian_poke_ball, holding_poke_ball, love_ball, luxury_ball, master_ball, nest_ball, poke_ball_(basic), premier_ball, quick_ball, throwing_poke_ball, ultra_ball, waist_poke_ball"
poke_ball_insertion,"ball_insertion, poke_ball"
poke_ball_tattoo,tattoo
pokemon_(creature),"holding_pokemon, pokemon_focus, pokemon_on_head, pokemon_on_lap, pokemon_on_shoulder"
pokemon_on_head,"on_head, pokemon_(creature)"
pokemon_on_lap,"on_lap, pokemon_(creature)"
pokemon_on_shoulder,"on_shoulder, pokemon_(creature)"
pokemon_tail,"tail, pikachu_tail"
poking,"cheek_poking, eye_poke"
pole,"holding_pole, stripper_pole"
polearm,"weapon, bident, fangtian_ji, glaive_(polearm), guan_dao, halberd, holding_polearm, lance, naginata, partisan_(weapon), pike_(weapon), planted_polearm, sasumata, spear, swordstaff, trident"
police,"japan_national_police, police_uniform, california_highway_patrol, chinese_people's_police, hong_kong_police_force, indonesian_national_police, italian_carabinieri, korean_national_police_agency, los_angeles_county_sheriff's_department, los_angeles_police_department, metropolitan_police_service, national_police_agency_(taiwan), new_york_city_police_department, police_of_russia, royal_canadian_mounted_police"
police_uniform,"police, policeman, policewoman"
polish_flag_bikini,flag_print_bikini
polka_dot,"polka_dot_background, polka_dot_bikini, polka_dot_bow, polka_dot_bra, polka_dot_dress, polka_dot_pajamas, polka_dot_panties, polka_dot_pantyhose, polka_dot_ribbon, polka_dot_scrunchie, polka_dot_shirt, polka_dot_skirt, polka_dot_socks, polka_dot_swimsuit, polka_dot_thighhighs"
polka_dot_apron,"apron, polka_dot"
polka_dot_bikini,"bikini, polka_dot"
polka_dot_bloomers,"bloomers, polka_dot"
polka_dot_bow,"bow, polka_dot, polka_dot_bowtie"
polka_dot_bowtie,"bowtie, polka_dot_bow"
polka_dot_bra,"bra, polka_dot"
polka_dot_dress,"dress, polka_dot"
polka_dot_hair,polka_dot
polka_dot_hoodie,"hoodie, polka_dot"
polka_dot_innertube,"innertube, polka_dot"
polka_dot_jacket,"jacket, polka_dot"
polka_dot_kimono,"kimono, polka_dot"
polka_dot_pajamas,"pajamas, polka_dot"
polka_dot_panties,"panties, polka_dot"
polka_dot_pantyhose,"pantyhose, polka_dot"
polka_dot_ribbon,"ribbon, polka_dot"
polka_dot_sarong,"polka_dot, sarong"
polka_dot_scarf,"polka_dot, scarf"
polka_dot_scrunchie,"scrunchie, polka_dot"
polka_dot_shirt,"shirt, polka_dot"
polka_dot_shorts,"polka_dot, shorts"
polka_dot_skirt,"skirt, polka_dot"
polka_dot_socks,"socks, polka_dot"
polka_dot_swimsuit,"swimsuit, polka_dot"
polka_dot_thighhighs,"thighhighs, polka_dot"
polka_dot_umbrella,"polka_dot, umbrella"
polygamy,"husband_and_husband_and_husband, husband_and_wives, wife_and_husbands, wife_and_wife_and_wife"
polyhedral_dice,"dice, d10_(die), d12_(die), d20_(die), d4_(die), d8_(die)"
pom_pom_(clothes),"pom_pom_beanie, pom_pom_drawstring, pom_pom_earrings, pom_pom_hair_ornament"
pom_pom_beanie,"beanie, pom_pom_(clothes)"
pom_pom_drawstring,"drawstring, pom_pom_(clothes)"
pom_pom_earrings,"earrings, pom_pom_(clothes)"
pom_pom_hair_ornament,"hair_ornament, pom_pom_(clothes)"
pomeg_berry,berry_(pokemon)
pomegranate,fruit
pon_de_ring,"ring, donut, pon_de_chocolat, pon_de_strawberry"
ponytail,"drill_ponytail, folded_ponytail, front_ponytail, high_ponytail, side_ponytail, twintails, high_side_ponytail, low_ponytail, low_side_ponytail, ponytail_holder, ponytail_with_braided_base, short_ponytail, short_side_ponytail, side_ponytail_with_braided_base, split_ponytail, wide_ponytail"
pop-up_headlights,single_pop-up_headlight
popcorn,food
poppy_(flower),flower
popsicle,"food, holding_popsicle, popsicle_in_mouth, watermelon_bar"
popsicle_in_mouth,"food_in_mouth, popsicle"
pornography,self-pornography
porsche_911,"porsche_911_(classic), porsche_930, porsche_964, porsche_991, porsche_992, porsche_993, porsche_996, porsche_997"
pouch,"ammunition_pouch, belt_pouch, kinchaku, thigh_pouch"
pound_cake,cake
pouring,pouring_onto_self
pov,"female_pov, futanari_pov, multiple_pov, pov_breasts, pov_crotch, pov_hands, pov_legs, viewer_holding_weapon, viewer_on_leash"
pov_breasts,"breasts, pov"
pov_legs,"legs, pov"
power_suit_(metroid),"power_suit, suit, dark_suit_(metroid), fusion_suit, gravity_suit_(metroid), light_suit_(metroid), metroid_suit, normal_suit_(metroid), ped_suit, phazon_suit, varia_suit, vi-o-la_suit"
powered_wheelchair,wheelchair
pp-19-01_vityaz,submachine_gun
pp-19_bizon,submachine_gun
pp-2000,submachine_gun
pp-91_kedr,submachine_gun
pps-43,submachine_gun
precum,"precum_drip, precum_string, precum_through_clothes"
precum_through_clothes,"through_clothes, precum"
prehensile_tail,"tail, holding_with_tail"
presenting_own_ass,"ass, presenting_own_body"
pretzel,food
primrose_(flower),flower
princess_carry,"carrying, reverse_princess_carry"
print_apron,"apron, cow_print_apron"
print_bag,bag
print_bow,"bow, print_bowtie"
print_bowtie,"bowtie, print_bow"
print_bra,"bra, floral_print_bra, leopard_print_bra, strawberry_print_bra"
print_bridal_gauntlets,"bridal_gauntlets, cow_print_bridal_gauntlets"
print_coat,coat
print_gloves,"gloves, cow_print_gloves, american_flag_gloves"
print_helmet,helmet
print_innertube,"innertube, donut_innertube, watermelon_innertube"
print_jacket,"jacket, american_flag_jacket, cow_print_jacket"
print_kimono,"kimono, butterfly_print_kimono, floral_print_kimono, american_flag_kimono"
print_mask,mask
print_panties,"panties, bear_print_panties, cat_print_panties, heart_print_panties, leopard_print_panties, star_print_panties, strawberry_print_panties, american_flag_print_panties, back-print_panties, cherry_print_panties, floral_print_panties, frog_print_panties, front-print_panties, rabbit_print_panties"
print_pants,"pants, american_flag_pants"
print_pantyhose,"pantyhose, floral_print_pantyhose"
print_skirt,"skirt, floral_print_skirt, american_flag_skirt"
print_sleeves,"cow_print_sleeves, floral_print_sleeves"
procuration_(e.g.o),e.g.o_(project_moon)
profanity,slur_(profanity)
projectile_cum,"cum, projectile_cumdrip"
projectile_cumdrip,"cumdrip, projectile_cum"
prolapse,"anal_prolapse, vaginal_prolapse"
propeller_fighter,"airplane, military_vehicle"
prophet_(e.g.o),e.g.o_(project_moon)
prostate_massager,"sex_toy, aneros"
prosthesis,"prosthetic_arm, prosthetic_hand, prosthetic_leg"
ptrd-41,"anti-materiel_rifle, bolt_action"
pubic_hair,"colored_pubic_hair, excessive_pubic_hair, female_pubic_hair, heart-shaped_pubic_hair, male_pubic_hair, mismatched_pubic_hair, pubic_hair_peek, shaped_pubic_hair, sparse_pubic_hair, stray_pubic_hair, black_pubic_hair, blonde_pubic_hair, brown_pubic_hair, grey_pubic_hair, orange_pubic_hair, red_pubic_hair, white_pubic_hair"
pubic_tattoo,"tattoo, pubic_tattoo_visible_through_clothes"
pubic_tattoo_visible_through_clothes,"through_clothes, pubic_tattoo"
public_indecency,"exhibitionism, public_masturbation, public_nudity, public_vibrator"
public_masturbation,"masturbation, public_indecency"
public_vibrator,"public_indecency, vibrator"
pudding,food
puffin,bird
puffy_coat,coat
puffy_detached_sleeves,"detached_sleeves, puffy_sleeves"
puffy_dress,dress
puffy_long_sleeves,"long_sleeves, puffy_sleeves"
puffy_short_sleeves,"short_sleeves, puffy_sleeves"
puffy_sleeves,"juliet_sleeves, puff_and_slash_sleeves, puffy_detached_sleeves, puffy_long_sleeves, puffy_short_sleeves"
pump_action,"fabarm_fp6/sdass, ithaca_m37, kel-tec_ksg, mossberg_500, remington_870, spas-12, winchester_model_1897"
punching,"face_punch, punching_viewer, stomach_punch"
punching_viewer,"attacking_viewer, punching"
puppet,"finger_puppet, hand_puppet, marionette"
puppy,"baby_animal, dog"
purple_anus,anus
purple_apron,apron
purple_armor,armor
purple_armpit_hair,armpit_hair
purple_assault_visor,assault_visor
purple_aura,aura
purple_bag,bag
purple_bandages,bandages
purple_belt,belt
purple_bike_shorts,bike_shorts
purple_bikini,bikini
purple_bird,bird
purple_blanket,blanket
purple_bloomers,bloomers
purple_blush,blush
purple_bodice,bodice
purple_bodystocking,bodystocking
purple_bodysuit,bodysuit
purple_boots,boots
purple_bow,"bow, purple_bowtie"
purple_bowtie,"bowtie, purple_bow"
purple_bra,bra
purple_camisole,camisole
purple_cape,cape
purple_capelet,capelet
purple_car,car
purple_carapace,carapace
purple_cardigan,cardigan
purple_carpet,carpet
purple_changpao,changpao
purple_chaps,chaps
purple_choker,choker
purple_claws,claws
purple_cloak,cloak
purple_coat,coat
purple_coif,coif
purple_cross_tie,cross_tie
purple_cuffs,cuffs
purple_dog,dog
purple_dougi,dougi
purple_dress,dress
purple_electricity,electricity
purple_energy,energy
purple_facepaint,facepaint
purple_finch,finch
purple_flower,"flower, purple_pansy, purple_rose, purple_tulip"
purple_fundoshi,fundoshi
purple_gakuran,gakuran
purple_garter_belt,garter_belt
purple_gloves,gloves
purple_grass,grass
purple_hairband,hairband
purple_halo,halo
purple_hanbok,hanbok
purple_hanfu,hanfu
purple_hat,hat
purple_headband,headband
purple_headdress,headdress
purple_helmet,helmet
purple_hood,hood
purple_hoodie,hoodie
purple_horns,horns
purple_icing,icing
purple_jacket,jacket
purple_jeogori,jeogori
purple_kimono,kimono
purple_leaf,leaf
purple_leotard,leotard
purple_lightning,lightning
purple_lineart,lineart
purple_lips,lips
purple_liquid,liquid
purple_loincloth,loincloth
purple_ludroth_(armor),ludroth_(armor)
purple_male_underwear,male_underwear
purple_mask,mask
purple_neckerchief,neckerchief
purple_necktie,necktie
purple_nose,nose
purple_one-piece_swimsuit,one-piece_swimsuit
purple_overalls,overalls
purple_overskirt,overskirt
purple_pajamas,pajamas
purple_pansy,"pansy, purple_flower"
purple_panties,panties
purple_pants,pants
purple_pantyhose,pantyhose
purple_pasties,pasties
purple_penis,penis
purple_pillow,pillow
purple_poncho,poncho
purple_raincoat,raincoat
purple_ribbon,ribbon
purple_ring,ring
purple_rose,"purple_flower, rose"
purple_rukh_(magi),rukh_(magi)
purple_sandals,sandals
purple_scales,scales
purple_scarf,scarf
purple_scrunchie,scrunchie
purple_shirt,shirt
purple_shoes,shoes
purple_shorts,shorts
purple_skirt,skirt
purple_snake,snake
purple_socks,socks
purple_sokutai,sokutai
purple_sponge,sponge
purple_stole,stole
purple_sweater,sweater
purple_sweet_potato_pie,sweet_potato_pie
purple_swim_trunks,swim_trunks
purple_tail,tail
purple_tattoo,tattoo
purple_teeth,teeth
purple_thighhighs,thighhighs
purple_thighlet,thighlet
purple_thong,thong
purple_tiara,tiara
purple_tree,tree
purple_tulip,"purple_flower, tulip"
purple_umbrella,umbrella
purple_unitard,unitard
purple_vest,vest
purple_water,water
purple_wings,wings
pursuance_(e.g.o),e.g.o_(project_moon)
push-ups,"exercising, finger_push-ups, one_arm_push-ups"
pushing_away,pushing_face
pussy,"bandaid_on_pussy, colored_pussy, covered_pussy, cum_in_pussy, cum_on_pussy, foot_pussy, futa_without_pussy, half-spread_pussy, mole_on_pussy, no_pussy, ofuda_on_pussy, penis_on_pussy, presenting_own_pussy, pussy_peek, spread_pussy, spreading_another's_pussy, spreading_own_pussy, animal_pussy, cleft_of_venus, pussy_focus"
pussy_juice,"excessive_pussy_juice, licking_another's_pussy_juice, licking_own_pussy_juice, pussy_juice_drip_through_clothes, pussy_juice_in_container, pussy_juice_in_mouth, pussy_juice_on_fingers, pussy_juice_puddle, pussy_juice_trail"
pussy_juice_drip_through_clothes,"through_clothes, pussy_juice"
pussy_peek,"pussy, clitoris_slip"
putting_on_earrings,"earrings, putting_on_jewelry"
putting_on_jewelry,"jewelry, putting_on_earrings"
qbz-03,assault_rifle
qbz-95,"assault_rifle, bullpup"
qi_lolita,"chinese_clothes, lolita_fashion"
qi_maid,"chinese_clothes, maid"
qingdai_guanmao,hat
qingxin_flower,flower
qipao,"chinese_clothes, dress"
qsz-92,handgun
qualot_berry,berry_(pokemon)
queen,race_queen
queen_(playing_card),"playing_card, queen_of_clubs, queen_of_diamonds, queen_of_hearts_(playing_card), queen_of_spades_(playing_card)"
queen_of_horseshoes_symbol,"race_fetishism_parody, race_fetishism_symbol"
queen_of_pokemon_symbol,"race_fetishism_parody, race_fetishism_symbol"
rabbit,"angora_rabbit, snow_rabbit, stuffed_rabbit, year_of_the_rabbit, rabbit_platoon_(blue_archive), rabbit_vibrator, holding_rabbit, rabbit_on_head, rabbit_on_shoulder, too_many_rabbits"
rabbit_ear_hairband,"hairband, animal_ear_hairband, rabbit_ears"
rabbit_ear_headphones,"headphones, animal_ear_headphones, rabbit_ears"
rabbit_earrings,earrings
rabbit_ears,"lop_rabbit_ears, animal_ears, rabbit_ear_hairband, rabbit_ear_headphones"
rabbit_on_head,"on_head, animal_on_head, rabbit"
rabbit_on_shoulder,"animal_on_shoulder, rabbit"
rabbit_print,"animal_print, rabbit_print_panties"
rabbit_print_panties,"print_panties, rabbit_print"
rabbit_tattoo,tattoo
rabbit_vibrator,"rabbit, dildo, vibrator"
race_fetishism,"blacked_(phrase), blacked_female, blacked_male, bleached_(phrase), femblacked, race_fetishism_parody, race_fetishism_symbol"
race_fetishism_parody,"race_fetishism, queen_of_horseshoes_symbol, queen_of_pokemon_symbol"
race_fetishism_symbol,"race_fetishism, jack_of_spades_symbol, king_of_spades_symbol, queen_of_hearts_symbol, queen_of_horseshoes_symbol, queen_of_pokemon_symbol, queen_of_spades_symbol, snowbunny_tattoo, spade_vine_tattoo"
racecar,"car, race_vehicle, formula_racer, le_mans_prototype, rally_car"
racket,"badminton_racket, holding_racket, tennis_racket"
radiation_symbol-shaped_pupils,symbol-shaped_pupils
rafflesia_(flower),flower
railing,"against_railing, on_railing, wooden_railing"
raimon,"raimon_school_uniform, raimon_soccer_uniform"
raimon_soccer_uniform,"soccer_uniform, raimon"
rainbow_arm_warmers,arm_warmers
rainbow_armband,armband
rainbow_aura,aura
rainbow_badge,badge
rainbow_belt,belt
rainbow_bikini,bikini
rainbow_blood,blood
rainbow_border,border
rainbow_bow,bow
rainbow_bowtie,bowtie
rainbow_bra,bra
rainbow_bracelet,bracelet
rainbow_cake,cake
rainbow_cape,cape
rainbow_choker,choker
rainbow_cloak,cloak
rainbow_dress,dress
rainbow_earrings,earrings
rainbow_egg,egg
rainbow_emoji,emoji
rainbow_eyelashes,eyelashes
rainbow_eyeshadow,eyeshadow
rainbow_feathers,feathers
rainbow_fire,fire
rainbow_flag,"progress_pride_flag, rainbow_flag_tattoo, flag"
rainbow_flag_print,flag_print
rainbow_flag_tattoo,"rainbow_flag, tattoo, flag_tattoo"
rainbow_flower,flower
rainbow_food,food
rainbow_fruit,fruit
rainbow_gloves,gloves
rainbow_gradient_rope,rope
rainbow_hair_ornament,hair_ornament
rainbow_hairband,hairband
rainbow_hat,hat
rainbow_hat_ornament,hat_ornament
rainbow_heart,heart
rainbow_ice_cream,ice_cream
rainbow_jacket,jacket
rainbow_leotard,leotard
rainbow_lil'_salomon_ticket_(housamo),lil'_salomon_ticket_(housamo)
rainbow_liquid,liquid
rainbow_necklace,necklace
rainbow_necktie,necktie
rainbow_outline,outline
rainbow_panties,panties
rainbow_pants,pants
rainbow_pantyhose,pantyhose
rainbow_path,path
rainbow_poffin,poffin
rainbow_rain,rain
rainbow_refraction,refraction
rainbow_ribbon,ribbon
rainbow_road,road
rainbow_sash,sash
rainbow_scales,scales
rainbow_scarf,scarf
rainbow_shirt,shirt
rainbow_shoes,shoes
rainbow_shorts,shorts
rainbow_skirt,skirt
rainbow_socks,socks
rainbow_sticker,sticker
rainbow_sweater,sweater
rainbow_tail,tail
rainbow_tattoo,tattoo
rainbow_teeth,teeth
rainbow_thighhighs,thighhighs
rainbow_trout,trout
rainbow_umbrella,umbrella
rainbow_underwear,underwear
rainbow_wings,wings
rainbow_wrasse,wrasse
raincoat,"coat, see-through_raincoat, blue_raincoat, frog_raincoat, green_raincoat, naked_raincoat, pink_raincoat, red_raincoat, white_raincoat, yellow_raincoat"
raspberry,fruit
raspberry_hair_ornament,food-themed_hair_ornament
razor,"electric_razor, holding_razor, safety_razor, straight_razor"
reaching,"reaching_towards_another, reaching_towards_viewer"
ready_to_draw,"fighting_stance, battoujutsu_stance"
realdoll,sex_doll
recreational_vehicle,"camper_trailer, motorhome"
red_apron,apron
red_arm_garter,arm_garter
red_arm_warmers,arm_warmers
red_armor,armor
red_armpit_hair,armpit_hair
red_assault_visor,assault_visor
red_aura,aura
red_bag,bag
red_bandages,bandages
red_bell_pepper,bell_pepper
red_belt,belt
red_bikini,bikini
red_bird,bird
red_blood_cell,blood_cell
red_bloomers,bloomers
red_bodice,bodice
red_bodystocking,bodystocking
red_bodysuit,bodysuit
red_bolo_tie,bolo_tie
red_bone,bone
red_boots,boots
red_bow,"bow, red_bowtie"
red_bowtie,"bowtie, red_bow"
red_bra,bra
red_bracer,bracer
red_bull,bull
red_camisole,camisole
red_candle,candle
red_capelet,capelet
red_carapace,carapace
red_cardigan,cardigan
red_carnation,"carnation, red_flower"
red_carpet,carpet
red_cat,cat
red_chemise,chemise
red_chest_guard,chest_guard
red_choker,choker
red_circle,circle
red_claws,claws
red_coat,coat
red_coif,coif
red_coin,coin
red_cross,cross
red_cuffs,cuffs
red_dildo,dildo
red_dougi,dougi
red_dress,dress
red_eyes_(e.g.o),e.g.o_(project_moon)
red_facepaint,facepaint
red_feather_boa,feather_boa
red_feet,feet
red_fire,fire
red_flag,flag
red_flower,"flower, red_carnation, red_pansy, red_rose, red_tulip"
red_fox,fox
red_garter_belt,garter_belt
red_giant,giant
red_gloves,gloves
red_goggles,goggles
red_grass,grass
red_guard,guard
red_hairband,hairband
red_halo,halo
red_hanbok,hanbok
red_handkerchief,handkerchief
red_hat,hat
red_headdress,headdress
red_helmet,helmet
red_hood,hood
red_hoodie,hoodie
red_horns,horns
red_horse,horse
red_jacket,jacket
red_jeogori,jeogori
red_jersey,jersey
red_kimono,kimono
red_knife,knife
red_leaf,leaf
red_leash,leash
red_leather,leather
red_leotard,leotard
red_lightning,lightning
red_lineart,lineart
red_lips,lips
red_loincloth,loincloth
red_mask,mask
red_mug,mug
red_necktie,necktie
red_nose,nose
red_ocean,ocean
red_one-piece_swimsuit,one-piece_swimsuit
red_onion,onion
red_outworld_(ena),outworld_(ena)
red_oven_mitts,oven_mitts
red_overskirt,overskirt
red_paint,paint
red_pajamas,pajamas
red_panda,panda
red_panda_boy,panda_boy
red_panda_costume,panda_costume
red_panda_ears,panda_ears
red_panda_girl,panda_girl
red_panda_hair_ornament,panda_hair_ornament
red_panda_hood,panda_hood
red_panda_tail,panda_tail
red_pansy,"pansy, red_flower"
red_panties,panties
red_pants,pants
red_pantyhose,pantyhose
red_pendant,pendant
red_penis,penis
red_pill,pill
red_pillow,pillow
red_plant,plant
red_plastron,plastron
red_plume,plume
red_poncho,poncho
red_ribbon,ribbon
red_rose,"red_flower, rose"
red_sandals,sandals
red_scales,scales
red_scarf,scarf
red_sheet_(e.g.o),e.g.o_(project_moon)
red_shirt,shirt
red_shoes,shoes
red_shorts,shorts
red_singlet,singlet
red_skirt,skirt
red_snake,snake
red_socks,socks
red_soil,soil
red_sprite,sprite
red_square,square
red_star,star_(symbol)
red_star_ring,star_ring
red_sun,sun
red_surcoat,surcoat
red_sweater,sweater
red_swim_trunks,swim_trunks
red_sword,sword
red_tail,tail
red_tailcoat,tailcoat
red_tape_recorder,tape_recorder
red_tattoo,tattoo
red_thighhighs,thighhighs
red_thighlet,thighlet
red_thong,thong
red_tiara,tiara
red_toga,toga
red_tongue,tongue
red_truth,truth
red_tulip,"red_flower, tulip"
red_turnip,turnip
red_umbrella,umbrella
red_unitard,unitard
red_vest,vest
red_water,water
red_wings,wings
red_wrestling_singlet,wrestling_singlet
red_yarn,yarn
red_yuanlingpao,yuanlingpao
reflection,"back_view_in_reflection, bad_reflection, different_reflection, eye_reflection, moon_reflection, pantyshot_through_reflection, reflection_focus, reflective_liquid"
regret_(e.g.o),e.g.o_(project_moon)
remington_870,"pump_action, shotgun"
remington_model_31,shotgun
remington_model_700,"bolt_action, sniper_rifle"
remington_msr,"bolt_action, sniper_rifle"
remorse_(e.g.o),e.g.o_(project_moon)
remote_control,"controller, holding_remote_control, wireless_sex_toy_controller"
remote_control_vibrator,"vibrator, wireless_sex_toy_controller"
removable_censorship,censored
renault_ft,tank
renketsuen_(e.g.o),e.g.o_(project_moon)
repeat_ball,poke_ball
representation_emitter_(e.g.o),e.g.o_(project_moon)
republic_of_china_flag_bikini,flag_print_bikini
restrained,"held_down, stationary_restraints"
retro_artstyle,"1960s_(style), 1970s_(style), 1980s_(style), 1990s_(style)"
revealing_tanlines,"tanlines, pasties_tan, shibari_tan, slingshot_tan"
reverse_outfit,"reverse_bikini_armor, reverse_bunnysuit"
revolver,"gun, colt_1851_navy, colt_python, colt_single_action_army, enfield_no.2_mk1, mateba_2006m, mateba_2008m, mateba_model_6_unica, nagant_m1895, remington_new_model, smith_&_wesson_model_500, snubnosed_revolver, webley-fosbery_automatic_revolver, webley_revolver"
rhinoceros_ears,animal_ears
rib_tattoo,tattoo
ribbed_dress,dress
ribbon,"ankle_ribbon, arm_ribbon, back_ribbon, bow, checkered_ribbon, hair_ribbon, chest_ribbon, dress_ribbon, ear_ribbon, footwear_ribbon, frilled_ribbon, hat_ribbon, horn_ribbon, large_ribbon, leg_ribbon, long_ribbon, loose_neck_ribbon, naked_ribbon, neck_ribbon, penis_ribbon, plaid_ribbon, polka_dot_ribbon, print_ribbon, ribbon_baton, ribbon_trim, sleeve_ribbon, striped_ribbon, tail_ribbon, thigh_ribbon, torn_ribbon, tress_ribbon, undone_neck_ribbon, waist_ribbon, wrist_ribbon, holding_ribbon, ribbon_bondage, ribbon_in_mouth"
ribbon-trimmed_apron,"apron, ribbon_trim"
ribbon-trimmed_babydoll,"babydoll, ribbon_trim"
ribbon-trimmed_bikini,"bikini, ribbon_trim"
ribbon-trimmed_bloomers,"bloomers, ribbon_trim"
ribbon-trimmed_bow,"bow, ribbon_trim"
ribbon-trimmed_bra,"bra, ribbon_trim"
ribbon-trimmed_capelet,"capelet, ribbon_trim"
ribbon-trimmed_coat,ribbon_trim
ribbon-trimmed_collar,"collar, ribbon_trim"
ribbon-trimmed_dress,"dress, ribbon_trim"
ribbon-trimmed_gloves,"gloves, ribbon_trim"
ribbon-trimmed_kimono,"kimono, ribbon_trim"
ribbon-trimmed_ornament,ribbon_trim
ribbon-trimmed_panties,"panties, ribbon_trim"
ribbon-trimmed_shirt,"shirt, ribbon_trim"
ribbon-trimmed_shorts,"ribbon_trim, shorts"
ribbon-trimmed_skirt,"skirt, ribbon_trim"
ribbon-trimmed_socks,"socks, ribbon_trim"
ribbon-trimmed_swimsuit,"ribbon_trim, swimsuit"
ribbon-trimmed_thighhighs,"thighhighs, ribbon_trim"
ribbon_bondage,"bound, ribbon"
ribbon_in_braid,"braid, hair_ribbon"
ribbon_in_mouth,"mouth_hold, ribbon"
ribbon_trim,"ribbon, ribbon-trimmed_bikini, ribbon-trimmed_bow, ribbon-trimmed_bra, ribbon-trimmed_capelet, ribbon-trimmed_collar, ribbon-trimmed_dress, ribbon-trimmed_gloves, ribbon-trimmed_headwear, ribbon-trimmed_kimono, ribbon-trimmed_panties, ribbon-trimmed_shirt, ribbon-trimmed_skirt, ribbon-trimmed_sleeves, ribbon-trimmed_socks, ribbon-trimmed_thighhighs"
rice,"curry_rice, rice_on_face"
rice_hair_ornament,food-themed_hair_ornament
rice_on_face,"food_on_face, rice"
riding,"horseback_riding, riding_animal, riding_bicycle, riding_bird, riding_dinosaur, riding_moped, riding_motorcycle, riding_pokemon, riding_scooter, unconventional_steed"
riding_animal,"animal, riding"
riding_bicycle,"on_bicycle, riding"
riding_bird,"bird, riding"
riding_boots,boots
riding_dinosaur,"dinosaur, riding"
riding_moped,"on_moped, riding"
riding_motorcycle,"on_motorcycle, riding"
riding_scooter,"on_scooter, riding"
rifle,"gun, ar-15, arisaka, assault_rifle, battle_rifle, carcano, kel-tec_rfb, lee-enfield, m1903_springfield, m1_garand, mauser_98, mosin-nagant, p14_enfield, sig_mcx, sks, sniper_rifle"
rime_shank_(e.g.o),e.g.o_(project_moon)
rindo_berry,berry_(pokemon)
ring,"boxing_ring, captive_bead_ring, claw_ring, clitoris_ring, cock_ring, horn_ring, heart_ring_choker, key_ring, lipstick_ring, mega_ring, middle_ring, neck_ring, nose_ring, ornate_ring, pinky_ring, planetary_ring, pon_de_ring, ring_gag, ring_hair_extensions, ring_necklace, side_up_ring, single_hair_ring, swim_ring, tail_ring, thumb_ring, toe_ring, wedding_ring, wrestling_ring, jewelry, holding_ring, multiple_rings, puppet_rings, ring_pop"
ring_gag,"ring, gag, spider_gag"
ring_hair_extensions,"ring, hair_extensions"
ring_necklace,"necklace, ring"
ring_piercing,"piercing, nipple_rings"
ring_pop,"candy, ring"
riot_helmet,helmet
road,"dirt_road, multi-lane_road, street"
road_sign,"sign, crossbuck, holding_road_sign, no_entry_sign, no_parking_sign, no_stopping_sign, no_u-turn_sign, one_way_sign, railroad_crossing_ahead_sign, road_closed_to_vehicles_sign, speed_limit_sign, stop_sign"
robe,"fur-trimmed_robe, hooded_robe, naked_robe, open_robe, royal_robe, sophist's_robe_(ff14), black_robe, blue_robe, brown_robe, green_robe, grey_robe, purple_robe, red_robe, see-through_robe, torn_robe, two-sided_robe, white_robe"
robot,"clothed_robot, humanoid_robot, mecha, non-humanoid_robot"
robot_animal,"animal, non-humanoid_robot, robot_bird, robot_dog, robot_fish"
robot_dog,"dog, robot_animal"
robot_dragon,"dragon, non-humanoid_robot"
rocket_launcher,"weapon, at4, carl_gustaf_recoilless_rifle, fim-92_stinger, holding_rocket_launcher, m1_bazooka, multishot_rocket_launcher, panzerfaust_3, panzerschreck, rpg_(weapon), strela-2"
roman_armor,armor
romper,"black_romper, blue_romper, brown_romper, grey_romper, orange_romper, pink_romper, purple_romper, red_romper, strapless_romper, white_romper"
rooster,"year_of_the_rooster, chicken"
rope,"black_rope, blue_rope, green_rope, holding_rope, orange_rope, pink_rope, purple_rope, red_rope, rope_anklet, shimenawa, white_rope"
rope_marks,shibari_marks
rose,"flower, aqua_rose, black_rose, blue_rose, brown_rose, green_rose, grey_rose, multicolored_rose, orange_rose, pink_rose, purple_rose, red_rose, white_rose, yellow_rose"
roseli_berry,berry_(pokemon)
rotary_phone,"antique_phone, phone"
rotisserie,vertical_rotisserie
rpg_(weapon),"rocket_launcher, rpg-7"
ruby_bracelet,bracelet
rugby_ball,ball
ruger_mini-14,rifle
ruger_p95,handgun
running,running_towards_viewer
runny_nose,"nose, snot"
sack,"holding_sack, in_sack"
safari_ball,poke_ball
safari_jacket,jacket
sai_(weapon),weapon
sailor,"sailor_collar, sailor_dress, sailor_senshi, sailor_senshi_uniform, sailor_shirt"
sailor_bikini,"bikini, sailor_collar"
sailor_collar,"sailor, black_sailor_collar, blue_sailor_collar, brown_sailor_collar, frilled_sailor_collar, green_sailor_collar, grey_sailor_collar, orange_sailor_collar, pink_sailor_collar, plaid_sailor_collar, purple_sailor_collar, red_sailor_collar, sailor_bikini, sailor_one-piece_swimsuit, sailor_shirt, white_sailor_collar"
sailor_dress,"sailor, dress"
sailor_one-piece_swimsuit,"one-piece_swimsuit, sailor_collar"
sailor_shirt,"sailor, sailor_collar, shirt"
sakura_mochi,"mochi, wagashi"
saliva,"saliva_on_breasts, saliva_on_hand, saliva_on_nipples, saliva_on_penis, saliva_trail"
saliva_on_penis,"penis, saliva"
salute,"straight-arm_salute, two-finger_salute, vulcan_salute"
sand_sculpture,"building_sand_sculpture, sand_castle"
sandals,"boots, gladiator_sandals, high_heel_sandals, loafers, shoes, sneakers, barefoot_sandals_(jewelry), platform_sandals, sports_sandals, unworn_sandals, black_sandals, brown_sandals, cross-laced_sandals, flip-flops, footjob_with_sandals, holding_unworn_sandals, single_sandal, slides, white_sandals, zouri"
sandwich,"food, holding_sandwich, submarine_sandwich"
sandwiched,"boy_and_girl_sandwich, boy_sandwich, girl_sandwich"
sanguine_desire_(e.g.o),e.g.o_(project_moon)
santa_bikini,"bikini, santa_costume"
santa_costume,"black_santa_costume, blue_santa_costume, green_santa_costume, orange_santa_costume, pink_santa_costume, purple_santa_costume, santa_bikini, santa_dress, white_santa_costume, yellow_santa_costume"
santa_dress,"dress, santa_costume"
santa_hat,"hat, mini_santa_hat"
sarashi,"budget_sarashi, chest_sarashi, undone_sarashi, midriff_sarashi"
sarong,"print_sarong, see-through_sarong, black_sarong, blue_sarong, pink_sarong, plaid_sarong, polka_dot_sarong, purple_sarong, red_sarong, sarong_lift, sarong_pulled_up, striped_sarong, torn_sarong, unworn_sarong, white_sarong"
sarong_lift,"clothes_lift, sarong"
sash,"belt, birthday_sash, checkered_sash, frilled_sash, print_sash, shoulder_sash, waist_sash, aqua_sash, black_sash, blue_sash, green_sash, obi, pink_sash, plaid_sash, purple_sash, red_sash, white_sash, yellow_sash"
sashimi,"fish_(food), food"
satin,"satin_sheets, satin_underwear"
sausage,food
saw,"bonesaw, circular_saw, hacksaw, hand_saw, japanese_saw, saw_cleaver"
saxophone,"instrument, holding_saxophone"
scar,"burn_scar, cross_scar, self-harm_scar, scar_across_eye, multiple_scars, scar_on_arm, scar_on_back, scar_on_chest, scar_on_face, scar_on_hand, scar_on_leg, scar_on_neck, scar_on_shoulder, scar_on_stomach, scars_all_over"
scar_on_ass,scar
scar_on_back,"back, scar"
scar_on_breast,scar
scar_on_chest,"scar, mastectomy_scar, scar_on_sternum"
scar_on_ear,scar
scar_on_face,"scar, scar_across_eye, scar_across_eyebrow, scar_on_cheek, scar_on_chin, scar_on_forehead, scar_on_mouth, scar_on_nose"
scar_on_forehead,"forehead, scar_on_face"
scar_on_nose,"nose, scar_on_face"
scar_on_shoulder,"on_shoulder, scar"
scar_on_stomach,"stomach, scar"
scar_on_tail,"tail, scar"
scarf,"adjusting_scarf, arm_scarf, checkered_scarf, choker, fur_scarf, necktie, long_scarf, naked_scarf, plaid_scarf, print_scarf, scarf_grab, shared_scarf, striped_scarf, torn_scarf, unworn_scarf, vertical-striped_scarf, floating_scarf, polka_dot_scarf, scarf_bow, scarf_over_mouth"
scarf_bow,"bow, scarf"
scarf_grab,"scarf, neckwear_grab"
school_swimsuit,"swimsuit, competition_school_swimsuit, new_school_swimsuit, old_school_swimsuit, school_swimsuit_flap, trinity_general_school_swimsuit, nontraditional_school_swimsuit"
school_uniform,"serafuku, a_certain_high_school_uniform, achiga_school_uniform, advanced_nurturing_high_school_uniform, anzio_school_uniform, asahiyama_high_school_uniform, ashford_academy_school_uniform, ashigaya_high_school_uniform, asticassia_school_uniform, azumanga_daioh's_school_uniform, bc_freedom_school_uniform, blueberry_academy_school_uniform, chuo_tanegashima_high_school_uniform, eden_academy_school_uniform, fourth_east_high_school_uniform, fuuka_academy_school_uniform, fuurinkan_high_school_uniform, gekkoukan_high_school_uniform, hakuo_school_uniform, hanasakigawa_school_uniform, haneoka_school_uniform, hasu_no_sora_school_uniform, hatsuboshi_gakuen_school_uniform, hebijo_academy_school_uniform, hekiho_academy_school_uniform, herensuge_girls_academy_school_uniform, hikarizaka_private_high_school_uniform, himematsu_academy_school_uniform, hogwarts_school_uniform, homurabara_academy_elementary_school_uniform, homurabara_academy_school_uniform, hope's_peak_academy_school_uniform, hoshinoumi_academy_school_uniform, hoto_cocoa's_school_uniform, hyakkaou_academy_school_uniform, icho_private_high_school_uniform, infinite_stratos_academy_school_uniform, itan_private_high_school_uniform, juuban_middle_school_uniform, kafuu_chino's_school_uniform, kami_high_school_uniform, kamihama_university_affiliated_school_uniform, kamiyama_high_school_uniform_(hyouka), kanba_girls_high_school_uniform, kanon_school_uniform, karakura_high_school_uniform, kazamatsuri_institute_high_school_uniform, keizoku_school_uniform, kibina_high_school_uniform, kibito_high_school_uniform, kita_high_school_uniform, kitauji_high_school_uniform, kiyosumi_school_uniform, kousaka_kirino's_school_uniform, kouyouen_academy_school_uniform, kuoh_academy_school_uniform, kuromorimine_school_uniform, last_defense_academy_school_uniform, lillian_girls'_academy_school_uniform, little_busters!_school_uniform, luna_nova_school_uniform, megurigaoka_high_school_uniform, misaki_high_school_uniform, mitakihara_school_uniform, miyamasuzaka_girls'_academy_school_uniform, moegi_high_school_uniform, motosu_school_uniform, nami_junior_high_school_uniform, nanairogaoka_middle_school_uniform, nanamori_school_uniform, naoetsu_high_school_uniform, naranja_academy_school_uniform, national_shin_ooshima_school_uniform, night_raven_college_school_uniform, nijigasaki_school_uniform, odaiba_girls_high_school_uniform, ooarai_naval_school_uniform, ooarai_school_uniform, oohashi_high_school_uniform, otonokizaka_school_uniform, paprika_private_academy_school_uniform, pravda_school_uniform, pseudo-tokyo_school_uniform, reien_girl's_academy_school_uniform, ryouou_school_uniform, sainan_high_school_uniform, sakugawa_school_uniform, sakuragaoka_high_school_uniform, salt_middle_school_uniform, saunders_school_uniform, seiren_academy_school_uniform, seisho_music_academy_school_uniform, seishou_elementary_school_uniform, shibahama_high_school_uniform, shimokitazawa_high_school_uniform, shuka_high_school_uniform, shuuchiin_academy_school_uniform, shuujin_academy_school_uniform, sobu_high_school_uniform, souya_high_school_uniform, soviet_school_uniform, st._chronica_academy_school_uniform, st._gloriana's_school_uniform, starlight_academy_school_uniform, suimei_academy_school_uniform, summer_pockets_school_uniform, tactical_school_uniform, tohmi_higashi_high_school_uniform, tokisadame_school_uniform, tokiwadai_school_uniform, tokyo-3_middle_school_uniform, tomoeda_elementary_school_uniform, towano_high_school_uniform, toyogasaki_academy_school_uniform, tracen_school_uniform, tsukinomori_school_uniform, tsuwabuki_high_school_uniform, u.a._school_uniform, uranohoshi_school_uniform, uva_academy_school_uniform, yamabuki_high_school_uniform, yamaku_high_school_uniform, yasogami_school_uniform, youtou_high_school_uniform, yuigaoka_school_uniform, yumenosaki_school_uniform, yurigaoka_girls_academy_school_uniform, yuyushiki's_school_uniform, gakuran, kamiyama_high_school_uniform_(project_sekai), magic_school_uniform_(mahou_girls_precure!), tsukumihara_academy_uniform_(fate/extra), tsukumihara_academy_uniform_(fate/extra_ccc)"
scimitar,sword
scissors,"holding_scissors, planted_scissors"
scooter,"motor_vehicle, on_scooter, vespa"
scorpion_tattoo,tattoo
scottish_flag_bikini,flag_print_bikini
scout_movement,"boy_scout, girl_scout, scout_uniform"
screenshot_inset,"anime_screenshot_inset, game_screenshot_inset"
screwloose_wallop_(e.g.o),e.g.o_(project_moon)
scroll,"hanging_scroll, holding_scroll"
scrotum_piercing,piercing
scrunchie,"ankle_scrunchie, arm_scrunchie, ear_scrunchie, hair_scrunchie, polka_dot_scrunchie, striped_scrunchie, wrist_scrunchie, black_scrunchie, blue_scrunchie, checkered_scrunchie, pink_scrunchie, plaid_scrunchie, print_scrunchie, red_scrunchie, unworn_scrunchie, white_scrunchie, yellow_scrunchie"
sea_slug_girl,slug_girl
seal_costume,animal_costume
seal_hood,animal_hood
seamed_legwear,"back-seamed_legwear, front-seamed_legwear, side-seamed_legwear"
seaplane,"airplane, floatplane, flying_boat"
seashell,"shell, holding_seashell"
seburo_c26a,bullpup
secretarybird,bird
see-through_apron,"apron, see-through_clothes"
see-through_babydoll,"babydoll, see-through_clothes"
see-through_bikini,"bikini, see-through_clothes"
see-through_bodystocking,"bodystocking, see-through_clothes"
see-through_bodysuit,"bodysuit, see-through_clothes"
see-through_bra,"bra, see-through_clothes"
see-through_breast_curtain,"see-through_clothes, single_breast_curtain"
see-through_breast_curtains,"breast_curtains, see-through_clothes"
see-through_bridal_gauntlets,"bridal_gauntlets, see-through_clothes"
see-through_camisole,"camisole, see-through_clothes"
see-through_cape,"cape, see-through_clothes"
see-through_capelet,"capelet, see-through_clothes"
see-through_cardigan,"cardigan, see-through_clothes"
see-through_chemise,"chemise, see-through_clothes"
see-through_cleavage,"cleavage, see-through_clothes"
see-through_clothes,"see-through_bikini, see-through_cleavage, see-through_dress, see-through_jacket, see-through_legwear, see-through_leotard, see-through_one-piece_swimsuit, see-through_panties, see-through_sarong, see-through_shawl, see-through_shirt, see-through_skirt, see-through_sleeves, see-through_thighhighs, see-through_veil"
see-through_coat,"coat, see-through_clothes"
see-through_cutout,see-through_clothes
see-through_dress,"dress, see-through_dress_layer, see-through_clothes"
see-through_footwear,see-through_clothes
see-through_gloves,"gloves, see-through_clothes"
see-through_headwear,see-through_clothes
see-through_hood,"hood, see-through_clothes"
see-through_hoodie,"hoodie, see-through_clothes"
see-through_horns,horns
see-through_jacket,"jacket, see-through_clothes"
see-through_kimono,"kimono, see-through_clothes"
see-through_leotard,"leotard, see-through_clothes"
see-through_loincloth,"loincloth, see-through_clothes"
see-through_mask,"mask, see-through_clothes"
see-through_midriff,see-through_clothes
see-through_nightgown,"nightgown, see-through_clothes"
see-through_one-piece_swimsuit,"swimsuit, one-piece_swimsuit, see-through_clothes"
see-through_overskirt,"overskirt, see-through_clothes"
see-through_panties,"panties, see-through_clothes"
see-through_pants,"pants, see-through_clothes"
see-through_pantyhose,"pantyhose, see-through_clothes"
see-through_pelvic_curtain,"pelvic_curtain, see-through_clothes"
see-through_poncho,"poncho, see-through_clothes"
see-through_raincoat,"raincoat, see-through_clothes"
see-through_robe,"robe, see-through_clothes"
see-through_sarong,"sarong, see-through_clothes"
see-through_scarf,"scarf, see-through_clothes"
see-through_shawl,"shawl, see-through_clothes"
see-through_shirt,"shirt, see-through_clothes"
see-through_shorts,"see-through_clothes, shorts"
see-through_shrug,"see-through_clothes, shrug_(clothing)"
see-through_skirt,"skirt, see-through_skirt_layer, see-through_clothes"
see-through_slingshot_swimsuit,"see-through_clothes, slingshot_swimsuit"
see-through_socks,"see-through_clothes, socks"
see-through_sports_bra,"see-through_clothes, sports_bra"
see-through_tank_top,"see-through_clothes, tank_top"
see-through_thighhighs,"thighhighs, see-through_clothes"
see-through_veil,"veil, see-through_clothes"
see-through_vest,"see-through_clothes, vest"
see-through_wrist_cuffs,"see-through_clothes, wrist_cuffs"
seed,sunflower_seed
sega_master_system,game_console
sega_mega_drive_controller,game_controller
seiza,"sitting, zarei"
self-propelled_artillery,"military_vehicle, motor_vehicle"
selfcest,selfcest_without_self
semi-rimless_eyewear,"over-rim_eyewear, under-rim_eyewear"
semovente_75/18,tank
senbei,food
serafuku,"school_uniform, black_serafuku, blue_serafuku, brown_serafuku, green_serafuku, grey_serafuku, orange_serafuku, pink_serafuku, purple_serafuku, red_serafuku, white_serafuku, yellow_serafuku"
serdyukov_sps,handgun
severed_limb,"severed_arm, severed_leg"
severed_penis,penis
sex,"sex_from_behind, standing_sex"
sex_from_behind,"sex, doggystyle, standing_doggystyle"
sex_toy,"anal_beads, butt_plug, cock_ring, dildo, holding_sex_toy, onahole, prostate_massager, sex_toy_pull, too_many_sex_toys, urethral_beads, vibrator"
shadow,"colored_shadow, pov_shadow"
shako_cap,"hat, mini_shako_cap"
shamisen,instrument
shaped_lollipop,"lollipop, heart-shaped_lollipop"
shaped_pubic_hair,"pubic_hair, heart-shaped_pubic_hair, star-shaped_pubic_hair"
shared_bathing,"mixed-sex_bathing, same-sex_bathing"
shared_clothes,"shared_cape, shared_coat, shared_jacket, shared_scarf, shared_sweater"
shared_scarf,"scarf, shared_clothes"
shared_sweater,"shared_clothes, sweater"
shared_swimsuit,swimsuit
shark,"ikea_shark, stuffed_shark, shark_fin"
shaved_ice,"food, ujikintoki"
shaving,"shaving_another, shaving_armpit, shaving_beard, shaving_crotch"
shawl,"frilled_shawl, fur_shawl, plaid_shawl, see-through_shawl, black_shawl, blue_shawl, brown_shawl, fur-trimmed_shawl, hagoromo, holding_shawl, pink_shawl, purple_shawl, red_shawl, white_shawl, yellow_shawl"
sheath,"holding_sheath, knife_sheath, scabbard, sheathed, unsheathing"
shed_skin_(e.g.o),e.g.o_(project_moon)
shedding,"ecdysis, shedding_feathers, shedding_fur, shedding_skin"
sheep,"stuffed_sheep, lamb"
sheep_ears,animal_ears
sheep_hair_ornament,hair_ornament
shelf_bra,bra
shell,"mollusk_shell, seashell, shell_bikini, shell_earrings, shell_hair_ornament, shell_necklace, shell_print"
shell_bikini,"bikini, shell"
shell_earrings,"earrings, shell"
shell_hair_ornament,"hair_ornament, shell"
shell_necklace,"necklace, shell"
shibari,"shibari_over_clothes, shibari_under_clothes"
shibuya_(tokyo),"tokyo_(city), yoyogi"
shield,"ballistic_shield, buckler, deku_shield, holding_shield, hylian_shield, minecraft_shield, riot_shield, shield_on_back, wooden_shield"
shield_on_back,"back, shield"
shimenawa,"rope, kouhaku_nawa"
shinjuku_(tokyo),"tokyo_(city), kabukicho_(shinjuku)"
shiny_clothes,shiny_legwear
shiny_pokemon,"alternate_shiny_pokemon, alternate_color, shiny_and_normal"
ship,"watercraft, cargo_ship, warship"
shiroshouzoku,kimono
shirt,"blouse, t-shirt, american_flag_shirt, backless_shirt, band_shirt, bikini_top_under_shirt, boyfriend's_shirt, camouflage_shirt, checkered_shirt, collared_shirt, compression_shirt, cropped_shirt, dress_shirt, floral_print_shirt, frilled_shirt, fur-trimmed_shirt, gym_shirt, halter_shirt, hand_under_shirt, hawaiian_shirt, hooded_shirt, impossible_shirt, kariyushi_shirt, lace-trimmed_shirt, layered_shirt, long_shirt, loose_shirt, naked_shirt, no_shirt, off-shoulder_shirt, oversized_shirt, partially_open_shirt, pinstripe_shirt, plaid_shirt, pleated_shirt, polka_dot_shirt, polo_shirt, print_shirt, ribbed_shirt, ribbon-trimmed_shirt, see-through_shirt, shirt_overhang, shirt_partially_tucked_in, shirt_slip, shirt_tucked_in, shirt_tug, shirt_under_shirt, shirt_under_sweater, side-tie_shirt, sideless_shirt, single-shoulder_shirt, sleeveless_shirt, strapless_shirt, striped_shirt, taut_shirt, tented_shirt, tied_shirt, tight_shirt, torn_shirt, turtleneck_shirt, unbuttoned_shirt, untucked_shirt, unworn_shirt, vertical-striped_shirt, wet_shirt, sailor_shirt"
shirt_around_waist,"clothes_around_waist, shirt"
shirt_in_mouth,"clothes_in_mouth, mouth_hold"
shirt_lift,"clothes_lift, shirt_behind_neck, shirt_rolled_up"
shirt_partially_removed,shirt
shirt_under_dress,dress
shirt_under_sweater,"sweater, shirt"
shish_kebab,food
shoebill,bird
shoelaces,untied_shoelaces
shoes,"loafers, boots, cross-laced_shoes, high_heels, sandals, sneakers, dress_shoes, fur-trimmed_shoes, naked_shoes, no_shoes, open-toe_shoes, paw_shoes, platform_shoes, pointy_shoes, unworn_shoes, winged_shoes, black_shoes, footjob_with_shoes, large_shoes, mary_janes, mismatched_shoes, roller_shoes, single_shoe, spiked_shoes, uwabaki"
shop,"bakery, bookstore, candy_store, convenience_store, flower_shop, record_store, sex_shop, weapon_shop"
shopping_bag,"bag, grocery_bag"
short-sleeved_jacket,"jacket, short_sleeves"
short-sleeved_sweater,"sweater, short_sleeves"
short_hair,"short_hair_with_long_locks, very_short_hair"
short_kimono,"kimono, short_yukata"
short_over_long_sleeves,"long_sleeves, layered_sleeves, short_sleeves"
short_sleeves,"long_sleeves, puffy_short_sleeves, short-sleeved_jacket, short-sleeved_sweater, short_over_long_sleeves"
short_sword,"sword, kodachi, ninjatou, tantou"
short_yukata,"yukata, short_kimono"
shorts,"bike_shorts, bike_shorts_under_shorts, bikini_bottom_under_shorts, bikini_shorts, jeans, pants, boxing_shorts, camouflage_shorts, cargo_shorts, cross-laced_shorts, denim_shorts, dolphin_shorts, frilled_shorts, fur-trimmed_shorts, gym_shorts, hakama_shorts, high-waist_shorts, leggings_under_shorts, lowleg_shorts, micro_shorts, open_shorts, overall_shorts, panties_under_shorts, pants_under_shorts, pantyhose_under_shorts, plaid_shorts, pleated_shorts, print_shorts, puffy_shorts, short_shorts, shorts_under_shorts, side_slit_shorts, striped_shorts, suspender_shorts, torn_bike_shorts, torn_shorts, unworn_shorts, vertical-striped_shorts, shorts_pull, shorts_under_skirt"
shorts_around_one_leg,shorts
shorts_aside,"clothing_aside, shorts"
shorts_pull,"bike_shorts_pull, clothes_pull, shorts"
shorts_tan,"tan, tanlines"
shorts_under_dress,dress
shorts_under_skirt,"skirt, bike_shorts_under_skirt, shorts"
shotel,sword
shotgun,"gun, aa-12, benelli_m4, double-barreled_shotgun, fabarm_fp6/sdass, ithaca_m37, ithaca_stakeout, kel-tec_ksg, mag-7, mossberg_500, remington_870, saiga-12, sawed-off_shotgun, spas-12, spas-15, winchester_model_1897"
shoulder_armor,"armor, pauldrons, sode"
shoulder_bag,"bag, messenger_bag"
shouryuuken,uppercut
shovel,"holding_shovel, planted_shovel, snow_shovel"
showgirl_skirt,skirt
shrimp_tempura,"shrimp, tempura"
shrug_(clothing),"black_shrug, blue_shrug, collared_shrug, fishnet_shrug, frilled_shrug, fur-trimmed_shrug, hooded_shrug, latex_shrug, purple_shrug, red_shrug, ribbed_shrug, see-through_shrug, sleeveless_shrug, turtleneck_shrug, white_shrug"
shuca_berry,berry_(pokemon)
shuriken,"weapon, fuuma_shuriken, holding_shuriken"
siamese_cat,"cat, colorpoint_(pattern)"
siblings,"adoptive_siblings, brother_and_sister, brothers, half-siblings, quadruplets, quintuplets, sextuplets, sisters, step-siblings, triplets, twins"
sickle,"holding_sickle, kama_(weapon), kusarigama"
side-tie_dress,dress
side-tie_skirt,skirt
side_ponytail_with_braided_base,"ponytail, ponytail_with_braided_base, side_ponytail, braided_base"
side_slit_shorts,"shorts, side_slit"
sideburns,"long_sideburns, medium_sideburns, short_sideburns, sideburns_stubble"
sideburns_stubble,"stubble, sideburns"
sidecut,"asymmetrical_hair, undercut"
sideless_dress,dress
sidelocks,"asymmetrical_sidelocks, blunt_sidelocks, braided_sidelocks, curly_sidelocks, drill_sidelocks, long_sidelocks, low-tied_sidelocks, very_long_sidelocks, wavy_sidelocks"
siegrunen,ss_insignia
sig_551,assault_rifle
sig_p210,handgun
sig_p228/p229,handgun
sig_pro,handgun
sig_san_511,"anti-materiel_rifle, bolt_action"
sig_sauer_p230,handgun
sig_sauer_p320,handgun
sig_sg550,rifle
sig_sg552,assault_rifle
sign,"holding_sign, placard, road_sign, sign_around_neck, warning_sign"
silver_apple,apple
silver_apron,apron
silver_armor,armor
silver_axe,axe
silver_bandolier,bandolier
silver_bangle,bangle
silver_belt,belt
silver_bikini,bikini
silver_bodysuit,bodysuit
silver_boots,boots
silver_chain,chain
silver_choker,choker
silver_city,city
silver_claws,claws
silver_coat,coat
silver_coin,coin
silver_collar,collar
silver_corset,corset
silver_crown,crown
silver_dragon_fullbottle,dragon_fullbottle
silver_dress,dress
silver_earrings,earrings
silver_embroidery,embroidery
silver_eyepatch,eyepatch
silver_gauntlets,gauntlets
silver_gloves,gloves
silver_hairband,hairband
silver_horns,horns
silver_jewelry,jewelry
silver_leotard,leotard
silver_lips,lips
silver_lotus,lotus
silver_mask,mask
silver_medal,medal
silver_necklace,necklace
silver_nightmare,nightmare
silver_one-piece_swimsuit,one-piece_swimsuit
silver_osmanthus,osmanthus
silver_outline,outline
silver_petals,petals
silver_rathalos_(armor),rathalos_(armor)
silver_ribbon,ribbon
silver_ring,ring
silver_sandals,sandals
silver_scepter,scepter
silver_shirt,shirt
silver_shoes,shoes
silver_shorts,shorts
silver_skirt,skirt
silver_sky,sky
silver_slingshot_swimsuit,slingshot_swimsuit
silver_tail,tail
silver_teeth,teeth
silver_thong,thong
silver_tiara,tiara
silver_wings,wings
simulated_fellatio,"fellatio, licking_dildo"
single-shoulder_bikini,bikini
single-shoulder_dress,dress
single-shoulder_sweater,sweater
single_boot,boots
single_braided_sidelock,braid
single_hair_ring,"ring, hair_rings"
single_hair_tube,"tube, hair_tubes"
single_kneehigh,"kneehighs, single_sock"
single_over-kneehigh,"over-kneehighs, single_thighhigh"
single_sock,"socks, single_kneehigh"
single_thighhigh,"thighhighs, single_over-kneehigh"
single_vambrace,vambraces
sisters,"siblings, shimaidon"
sitar,instrument
sitting,"butterfly_sitting, figure_four_sitting, indian_style, invisible_chair, seiza, sitting_backwards, sitting_in_tree, sitting_on_ball, sitting_on_box, sitting_on_object, sitting_on_person, sitting_on_stairs, sitting_on_table, wariza, yokozuwari"
sitting_in_tree,"in_tree, sitting"
sitting_on_ball,"on_ball, sitting"
sitting_on_box,"on_box, sitting"
sitting_on_fence,"on_fence, sitting"
sitting_on_person,"sitting, human_chair, sitting_on_head, sitting_on_lap"
sitting_on_stairs,"sitting, stairs"
sitting_split,"split, front_sitting_split, side_sitting_split"
skates,"inline_skates, roller_skates, ice_skates"
skeletal_tail,tail
skeleton,"animal_skeleton, fish_skeleton"
sketchbook,"holding_sketchbook, maruman_sketchbook"
skirt,"dress, miniskirt, pants, pencil_skirt, pleated_skirt, frilled_skirt, hakama_skirt, high-waist_skirt, layered_skirt, long_skirt, medium_skirt, microskirt, plaid_skirt, print_skirt, skirt_lift, skirt_set, suspender_skirt"
skirt_around_one_leg,skirt
skirt_bow,"bow, skirt"
skirt_flip,skirt
skirt_lift,"clothes_lift, skirt, mutual_skirt_lift"
skirt_peek,skirt
skirt_pull,"clothes_pull, skirt"
skirt_suit,"suit, skirt"
skirt_tug,skirt
skirt_under_dress,"dress, skirt"
skorpion_vz._61,submachine_gun
skull,"animal_skull, flaming_skull, spoken_skull, team_skull, skull_and_crossbones, skull_on_head, skull_tattoo, holding_skull, kissing_skull"
skull-shaped_pupils,symbol-shaped_pupils
skull_and_crossbones,"skull, skull_and_crossbones_tattoo"
skull_and_crossbones_tattoo,"skull_and_crossbones, tattoo"
skull_on_head,"on_head, skull"
skull_tattoo,"tattoo, skull"
skullcap,"kippah, zucchetto"
sky,"black_sky, blue_sky, clear_sky, cloudy_sky, gradient_sky, grey_sky, orange_sky, overcast, pink_sky, purple_sky, red_sky, sky_focus, starry_sky, white_sky, yellow_sky"
slap_mark,slap_mark_on_face
sleeping,"sleeping_on_desk, sleeping_on_person, sleeping_upright, sleeping_with_eyes_open"
sleeping_bag,"shark_sleeping_bag, wearable_sleeping_bag"
sleeveless,"sleeveless_shirt, sleeveless_bodysuit, sleeveless_coat, sleeveless_dress, sleeveless_hoodie, sleeveless_jacket, sleeveless_kimono, sleeveless_sweater, sleeveless_turtleneck"
sleeveless_bodysuit,"bodysuit, sleeveless"
sleeveless_coat,"coat, sleeveless"
sleeveless_dress,"dress, sleeveless, pinafore_dress"
sleeveless_hoodie,"hoodie, sleeveless"
sleeveless_jacket,"jacket, sleeveless"
sleeveless_kimono,"kimono, sleeveless"
sleeveless_shirt,"shirt, sleeveless"
sleeveless_sweater,"sweater, sleeveless"
sleeveless_turtleneck,"sleeveless, turtleneck"
sleeves_past_fingers,sleeves_past_wrists
slides,"high_heel_slides, sandals"
sliding_doors,"fusuma, shouji"
slightly_naughty_expressions_practice,multiple_drawing_challenge
slingshot_swimsuit,"swimsuit, o-ring_slingshot_swimsuit, aqua_slingshot_swimsuit, black_slingshot_swimsuit, blue_slingshot_swimsuit, brown_slingshot_swimsuit, gold_slingshot_swimsuit, green_slingshot_swimsuit, grey_slingshot_swimsuit, orange_slingshot_swimsuit, pink_slingshot_swimsuit, purple_slingshot_swimsuit, red_slingshot_swimsuit, see-through_slingshot_swimsuit, white_slingshot_swimsuit, yellow_slingshot_swimsuit, yuio_maid_dress"
slippers,"animal_slippers, ballet_slippers, bunny_slippers, unworn_slippers, aqua_slippers, black_slippers, blue_slippers, brown_slippers, green_slippers, grey_slippers, orange_slippers, pink_slippers, purple_slippers, red_slippers, single_slipper, white_slippers, yellow_slippers"
sloshing_(e.g.o),e.g.o_(project_moon)
small_chastity_cage,"chastity_cage, flat_chastity_cage, nub_chastity_cage"
small_penis_humiliation,"penis, small_penis, humiliation"
smartphone,"cellphone, iphone"
smartwatch,"wristwatch, apple_watch"
smelling,"smelling_armpit, smelling_ass, smelling_clothes, smelling_feet, smelling_flower, smelling_hair, smelling_penis, smelling_pussy, smelling_shoe, smelling_tissue"
smelling_clothes,"smelling, smelling_pantyhose, smelling_underwear"
smelling_flower,"flower, smelling"
smelling_penis,"penis, smelling"
smelling_underwear,"smelling_clothes, smelling_male_underwear"
smile,":d, ;), ;d, c:, crazy_smile, evil_smile, false_smile, grin, nervous_smile, seductive_smile"
smile_(e.g.o),e.g.o_(project_moon)
smoke,"colored_smoke, smoke_trail, smoking_barrel"
smoking_pipe,"holding_smoking_pipe, kiseru, smoking_pipe_in_mouth"
snagharpoon_(e.g.o),e.g.o_(project_moon)
snake,"giant_snake, year_of_the_snake, holding_snake, snake_on_head, snake_on_shoulder, snake_wrapped_around_arm, snake_wrapped_around_body, snake_wrapped_around_leg, snake_wrapped_around_neck, white_snake"
snake_costume,animal_costume
snake_head_tail,tail
snake_on_shoulder,"animal_on_shoulder, snake"
sneakers,"boots, loafers, sandals, shoes, high_tops"
sniper_rifle,"rifle, ai_arctic_warfare, anti-materiel_rifle, blaser_r93, cheytac_m200, dragunov_svd, dragunov_svu, h&k_psg1, m110_sass, m21, psl_romak, remington_model_700, sv-98, vss_vintorez, walther_wa_2000, xm2010"
snow,"snow_on_body, snow_on_clothes, snow_on_face, snow_on_head, snow_on_headwear, snow_on_tree"
snow_globe,"holding_snow_globe, in_snow_globe"
snow_on_head,"on_head, snow"
snow_shelter,"igloo, quinzhee"
snowball,"holding_snowball, snowball_fight"
snowbell_(flower),flower
snowdrop_(flower),flower
soap_censor,"convenient_censoring, soap_bubbles"
soccer_uniform,"raimon_soccer_uniform, sportswear, argentinian_national_soccer_team_uniform, austrian_national_soccer_team_uniform, brazilian_national_soccer_team_uniform, colombian_national_soccer_team_uniform, dutch_national_soccer_team_uniform, english_national_soccer_team_uniform, french_national_soccer_team_uniform, german_national_soccer_team_uniform, japanese_national_soccer_team_uniform, mexican_national_soccer_team_uniform, norwegian_national_soccer_team_uniform, portuguese_national_soccer_team_uniform, spanish_national_soccer_team_uniform, united_states_men's_national_soccer_team_uniform"
socks,"kneehighs, ankle_socks, argyle_socks, bobby_socks, fishnet_socks, frilled_socks, loose_socks, mismatched_socks, no_socks, plaid_socks, polka_dot_socks, print_socks, ribbed_socks, ribbon-trimmed_socks, socks_over_pantyhose, striped_socks, torn_socks, unworn_socks, vertical-striped_socks, single_sock"
socks_over_pantyhose,"pantyhose, socks"
soda_(e.g.o),e.g.o_(project_moon)
sode,"single_sode, japanese_armor, shoulder_armor"
sofmap_background,step_and_repeat
soles,"colored_shoe_soles, paw_print_soles, shoe_soles"
sombrero,hat
somua_s35,tank
sound_burger,"audio-technica, phonograph"
sound_effects,sound_effects_only
sound_of_a_star_(e.g.o),e.g.o_(project_moon)
sounding,urethral_insertion
soup,food
sousaphone,instrument
south_korean_flag_bikini,flag_print_bikini
spacecraft,"flying_saucer, rocket_ship, space_shuttle, starfighter"
spade_(shape),"ace_of_spades, spade_earrings, spade_facial_mark, spade_tattoo"
spade_earrings,"earrings, spade_(shape)"
spade_facial_mark,"facial_mark, spade_(shape)"
spade_tattoo,"tattoo, spade_(shape)"
spade_vine_tattoo,"race_fetishism_symbol, tattoo"
spaghetti,"pasta, black_spaghetti, spaghetti_and_meatballs"
spaghetti_and_meatballs,"meatball, spaghetti"
spanish_flag_bikini,flag_print_bikini
sparkle,sparkling_aura
sparkler,"fireworks, senkou_hanabi"
sparrow,"eurasian_tree_sparrow, bird, house_sparrow"
spas-12,"pump_action, shotgun"
spear,"polearm, yari"
special_type_2_launch_ka-mi,tank
speech_bubble,"blank_speech_bubble, colored_speech_bubble, shared_speech_bubble, speech_bubble_censor, thought_bubble"
spider,"spider_web, bug"
spider_girl,"arthropod_girl, arachne"
spider_lily,"flower, blue_spider_lily, white_spider_lily, yellow_spider_lily"
spider_web,"spider, silk"
spider_web_tattoo,tattoo
spiked_anklet,"anklet, spikes"
spiked_armor,"armor, spikes"
spiked_bracelet,"bracelet, spikes"
spiked_choker,"choker, spikes"
spiked_collar,"collar, spikes"
spiked_hairband,"hairband, spikes"
spiked_mace,"mace, spikes"
spiked_pauldrons,"pauldrons, spikes"
spiked_penis,"penis, beaded_penis"
spiked_shoes,"shoes, spikes"
spikes,"diffraction_spikes, shoulder_spikes, spiked_anklet, spiked_armor, spiked_bracelet, spiked_choker, spiked_collar, spiked_hairband, spiked_mace, spiked_pauldrons, spiked_shoes"
spinning_gun,spinning_weapon
spitting,"spit_take, spitting_blood, spitting_on_another, spitting_seed"
spitting_blood,"blood_from_mouth, spitting"
spitting_on_another,"spitting, spitting_in_another's_mouth"
split,"sitting_split, standing_split"
spoken_dollar_sign,"dollar_sign, spoken_money"
spoken_money,"spoken_dollar_sign, spoken_yen_sign"
spoken_squiggle,squiggle
spoken_star,star_(symbol)
spoken_sweatdrop,sweatdrop
spoken_yen_sign,"spoken_money, yen_sign"
spoken_zzz,zzz
spoon,"bent_spoon, disposable_spoon, holding_spoon, ice_cream_spoon, plastic_spoon, wooden_spoon"
spore_(e.g.o),e.g.o_(project_moon)
sport_ball,poke_ball
sports_bra,"bra, black_sports_bra, blue_sports_bra, green_sports_bra, grey_sports_bra, pink_sports_bra, purple_sports_bra, red_sports_bra, see-through_sports_bra, sports_bra_lift, sports_bra_pull, striped_sports_bra, torn_sports_bra, two-tone_sports_bra, white_sports_bra, yellow_sports_bra"
sports_bra_lift,"bra_lift, clothes_lift, sports_bra"
sports_bra_pull,"clothes_pull, sports_bra"
sportswear,"american_football_uniform, baseball_uniform, basketball_uniform, rugby_uniform, soccer_uniform, softball_uniform, tennis_uniform, volleyball_uniform"
spread_anus,"anus, spread_anus_under_clothes, spreading_another's_anus, spreading_own_anus"
spread_arms,"outstretched_arms, airplane_arms"
spread_legs,"m_legs, v_legs, wide_spread_legs"
spread_pussy,"pussy, half-spread_pussy, spread_pussy_under_clothes, spreading_another's_pussy, spreading_own_pussy"
spring_onion_hair_ornament,food-themed_hair_ornament
squatting,"reverse_squatting_cowgirl_position, slav_squatting, squatting_cowgirl_position"
squid_hat,hat
squirrel,"chipmunk, flying_squirrel"
squirrel_ears,animal_ears
staff,"holding_staff, mage_staff, shakujou"
stairs,"sitting_on_stairs, spiral_staircase, stairwell, stone_stairs"
standing,"standing_anilingus, standing_cunnilingus, standing_on_chair, standing_on_liquid, standing_on_magic_circle, standing_on_one_leg, standing_on_swing, standing_sex"
standing_anilingus,"anilingus, standing"
standing_cunnilingus,"cunnilingus, standing"
standing_on_chair,"on_chair, standing"
standing_on_magic_circle,"on_magic_circle, standing"
standing_on_one_leg,"standing, standing_split"
standing_on_swing,"on_swing, standing"
standing_sex,"sex, standing, standing_missionary"
standing_split,"split, standing_on_one_leg"
star-shaped_cookie,"cookie, star-shaped_food"
star-shaped_food,"food, star_(symbol), star-shaped_cookie"
star-shaped_pupils,"star_(symbol), symbol-shaped_pupils"
star_(sky),"milky_way, starry_sky, starry_sky_background"
star_(symbol),"holding_star, star-shaped_eyewear, star-shaped_pupils, star_choker, star_earrings, star_facial_mark, star_hair_ornament, star_hat_ornament, star_in_eye, star_necklace, star_pasties, star_print, star_sticker, star_symbol_background, star_tattoo"
star_button,"buttons, star_(symbol)"
star_choker,"choker, star_(symbol)"
star_cutout,clothing_cutout
star_earrings,"earrings, star_(symbol)"
star_facial_mark,"facial_mark, star_(symbol)"
star_hair_ornament,"hair_ornament, star_(symbol), shooting_star_hair_ornament"
star_hat_ornament,"hat_ornament, star_(symbol)"
star_in_eye,"star_(symbol), symbol_in_eye"
star_necklace,"necklace, star_(symbol)"
star_pasties,"pasties, star_(symbol)"
star_print,"star_(symbol), star_print_bikini, star_print_panties"
star_print_bikini,"bikini, print_bikini, star_print"
star_print_panties,"panties, print_panties, star_print"
star_sticker,"star_(symbol), sticker"
star_tattoo,"tattoo, star_(symbol)"
starfruit,fruit
staring,staring_contest
starry_sky,"sky, star_(sky)"
starry_sky_print,"sky_print, space_print"
steak,food
stealth_cunnilingus,"cunnilingus, stealth_sex"
stealth_fellatio,"fellatio, stealth_sex"
stealth_handjob,"handjob, stealth_sex"
stealth_paizuri,"paizuri, stealth_sex"
stealth_sex,"stealth_cunnilingus, stealth_fellatio, stealth_footjob, stealth_handjob, stealth_paizuri"
steam,"steam_censor, steaming_cup, steaming_food"
steam_censor,"convenient_censoring, steam"
steamed_bun,"food, longevity_peach_bun"
stechkin_aps,handgun
sten_gun,submachine_gun
sterling_smg,submachine_gun
steyr_acr,"assault_rifle, bullpup"
steyr_aug,"assault_rifle, bullpup"
steyr_hs_.50,"anti-materiel_rifle, bolt_action"
steyr_iws_2000,"anti-materiel_rifle, bolt_action"
stg44,assault_rifle
stick_grenade,"grenade, bundled_charge, stielhandgranate"
sticker,"sticker_(medium), character_sticker, heart_sticker, star_sticker, sticker_on_face, too_many_stickers"
stitches,"stitched_arm, stitched_face, stitched_leg, stitched_mouth, stitched_neck, stitched_torso"
stomach,"bandaid_on_stomach, cum_on_stomach, full_stomach, hand_on_another's_stomach, hand_on_own_stomach, hands_on_another's_stomach, hands_on_own_stomach, lipstick_mark_on_stomach, mole_on_stomach, penis_on_stomach, scar_on_stomach, stomach_growling, stomach_punch"
stomach_bulge,"bulge, grabbing_another's_stomach_bulge, grabbing_own_stomach_bulge"
stomach_punch,"stomach, punching"
stool,"bar_stool, bath_stool, folding_stool, on_stool, wooden_stool"
stopwatch,"holding_stopwatch, stopwatch_around_neck"
stork,bird
straddling,"cowgirl_position, reverse_cowgirl_position, thigh_straddling, upright_straddle"
strainer,"noodle_strainer, tea_strainer"
strange_ball,poke_ball
strap,"ankle_strap, shin_strap, single_strap, strap_gap"
strap-on,"dildo, strapless_dildo"
strapless,"strapless_bikini, strapless_bra, strapless_dress, strapless_leotard, strapless_one-piece_swimsuit, strapless_shirt, tube_top"
strapless_bikini,"bikini, strapless"
strapless_bra,"bra, strapless"
strapless_dress,"dress, strapless, tube_dress"
strapless_leotard,"leotard, strapless"
strapless_one-piece_swimsuit,"swimsuit, one-piece_swimsuit, strapless"
strapless_shirt,"shirt, strapless"
strawberry,"fruit, strawberry_background, strawberry_slice"
strawberry_background,"fruit_background, strawberry"
strawberry_blossoms,flower
strawberry_print,"fruit_print, strawberry_print_bra, strawberry_print_panties"
strawberry_print_bra,"print_bra, strawberry_print"
strawberry_print_panties,"panties, print_panties, strawberry_print"
streaked_hair,"multicolored_hair, aqua_streaks, black_streaks, blonde_streaks, blue_streaks, brown_streaks, green_streaks, grey_streaks, orange_streaks, pink_streaks, purple_streaks, red_streaks, white_streaks"
streaming_tears,"crying, tears"
strength_(tarot),tarot
string,"holding_string, string_of_fate"
strip_game,"strip_mahjong, strip_poker"
strip_mahjong,"mahjong, strip_game"
striped_apron,"apron, striped_clothes, vertical-striped_apron"
striped_armband,"armband, striped_clothes"
striped_background,"diagonal-striped_background, vertical-striped_background"
striped_bike_shorts,"bike_shorts, striped_clothes"
striped_bikini,"bikini, striped_clothes, diagonal-striped_bikini, vertical-striped_bikini"
striped_bow,"bow, diagonal-striped_bow, striped_bowtie, vertical-striped_bow"
striped_bowtie,"bowtie, striped_bow, striped_clothes, diagonal-striped_bowtie"
striped_bra,"bra, striped_clothes, vertical-striped_bra"
striped_buruma,striped_clothes
striped_clothes,"diagonal-striped_clothes, striped_bikini, striped_bowtie, striped_dress, striped_jacket, striped_necktie, striped_panties, striped_pants, striped_pantyhose, striped_scarf, striped_shirt, striped_skirt, striped_socks, striped_thighhighs, vertical-striped_clothes"
striped_coat,"coat, vertical-striped_coat"
striped_dress,"dress, striped_clothes, vertical-striped_dress"
striped_footwear,"striped_clothes, vertical-striped_footwear"
striped_gloves,"gloves, striped_clothes, vertical-striped_gloves"
striped_hairband,"hairband, striped_clothes"
striped_headwear,"striped_clothes, vertical-striped_headwear"
striped_hiphighs,"hiphighs, striped_clothes, vertical-striped_hiphighs"
striped_hoodie,"hoodie, striped_clothes"
striped_jacket,"jacket, striped_clothes, vertical-striped_jacket"
striped_kimono,"kimono, striped_clothes, vertical-striped_kimono"
striped_leotard,"leotard, striped_clothes, vertical-striped_leotard"
striped_neckerchief,"neckerchief, diagonal-striped_neckerchief"
striped_necktie,"necktie, striped_clothes, diagonal-striped_necktie, horizontal-striped_necktie, vertical-striped_necktie"
striped_one-piece_swimsuit,"swimsuit, one-piece_swimsuit, striped_clothes, vertical-striped_one-piece_swimsuit"
striped_overalls,"overalls, striped_clothes"
striped_pajamas,"pajamas, striped_clothes, vertical-striped_pajamas"
striped_panties,"panties, striped_clothes, vertical-striped_panties"
striped_pants,"pants, striped_clothes, vertical-striped_pants"
striped_pantyhose,"pantyhose, striped_clothes, vertical-striped_pantyhose"
striped_sarong,"sarong, striped_clothes"
striped_scarf,"scarf, striped_clothes, vertical-striped_scarf"
striped_scrunchie,"scrunchie, striped_clothes"
striped_shirt,"shirt, striped_clothes, diagonal-striped_shirt, telnyashka, vertical-striped_shirt"
striped_shorts,"shorts, striped_clothes, vertical-striped_shorts"
striped_skirt,"skirt, striped_clothes, diagonal-striped_skirt, vertical-striped_skirt"
striped_socks,"socks, striped_clothes, vertical-striped_socks"
striped_sweater,"sweater, striped_clothes"
striped_thighhighs,"thighhighs, striped_clothes, vertical-striped_thighhighs"
striped_umbrella,umbrella
striped_vest,"vest, striped_clothes, vertical-striped_vest"
striped_wrist_cuffs,"striped_clothes, wrist_cuffs"
stubble,"beard_stubble, goatee_stubble, mustache_stubble, sideburns_stubble, sparse_stubble, facial_hair"
studded_armlet,"armlet, studs"
studded_belt,"belt, studs"
studded_bracelet,"bracelet, studs"
studded_choker,"choker, studs"
studded_collar,"collar, studs"
studded_gloves,"gloves, studs"
studded_hairband,"hairband, studs"
studded_jacket,"jacket, studs"
studded_thigh_strap,"studs, thigh_strap"
studs,"studded_armlet, studded_belt, studded_bracelet, studded_choker, studded_collar, studded_gloves, studded_hairband, studded_jacket, studded_thigh_strap"
stuffed_animal,"stuffed_toy, stuffed_bird, stuffed_cat, stuffed_dog, stuffed_dolphin, stuffed_fish, stuffed_frog, stuffed_lion, stuffed_octopus, stuffed_panda, stuffed_penguin, stuffed_rabbit, stuffed_shark, stuffed_sheep, stuffed_tiger, teddy_bear"
stuffed_anteater,stuffed_animal
stuffed_beetle,stuffed_animal
stuffed_bird,"bird, stuffed_animal"
stuffed_cat,"cat, stuffed_animal"
stuffed_cow,stuffed_animal
stuffed_crocodile,stuffed_animal
stuffed_dog,"dog, stuffed_animal"
stuffed_donkey,stuffed_animal
stuffed_dragon,stuffed_animal
stuffed_duck,stuffed_animal
stuffed_fish,"fish, stuffed_animal"
stuffed_frog,"frog, stuffed_animal"
stuffed_giraffe,stuffed_animal
stuffed_horse,stuffed_animal
stuffed_leopard,stuffed_animal
stuffed_lion,"lion, stuffed_animal"
stuffed_mouse,stuffed_animal
stuffed_octopus,"octopus, stuffed_animal"
stuffed_panda,"panda, stuffed_animal"
stuffed_penguin,"penguin, stuffed_animal"
stuffed_pig,stuffed_animal
stuffed_rabbit,"rabbit, stuffed_animal"
stuffed_reindeer,stuffed_animal
stuffed_shark,"shark, stuffed_animal, ikea_shark"
stuffed_sheep,"sheep, stuffed_animal"
stuffed_toy,"holding_stuffed_toy, stuffed_animal"
stug_iii,tank
style_parody,"parody, alphes_(style), multiple_style_parody"
submachine_gun,"gun, cs/ls06, fn_p90, h&k_mp5, h&k_mp5k, h&k_mp7, h&k_ump, kriss_vector, lanchester_smg, mac-10/11, mp40, ppsh-41, sig_mpx, suomi_kp/-31, thompson_submachine_gun, uzi"
submission_hold,wrestling
suit,"business_suit, diving_suit, flight_suit, fortified_suit, hazmat_suit, mecha_pilot_suit, mobile_suit, normal_suit_(gundam), pant_suit, pinstripe_suit, power_suit, power_suit_(metroid), racing_suit, skirt_suit, striped_suit, taimanin_suit, track_suit, varia_suit, vault_suit, zero_suit, black_suit, blue_suit, brown_suit, green_suit, grey_suit, pink_suit, purple_suit, red_suit, white_suit, yellow_suit"
suitcase,"holding_suitcase, rolling_suitcase"
sukajan,jacket
sukiyaki,food
sun_hair_ornament,hair_ornament
sun_tattoo,"tattoo, sun_symbol"
sunbeam,"light_rays, sunlight"
sunburst,"rising_sun_flag, sunburst_background"
sunflower,"flower, sunflower_field, sunflower_hair_ornament"
sunflower_field,"flower_field, sunflower"
sunflower_hair_ornament,"hair_ornament, hair_flower, sunflower"
sunglasses,"aviator_sunglasses, glasses, pixel_sunglasses, shutter_shades, sports_sunglasses"
sunlight,"dappled_sunlight, sunbeam"
super_nintendo,game_console
super_nintendo_controller,game_controller
super_saiyan,"super_saiyan_1, super_saiyan_2, super_saiyan_3, super_saiyan_4, super_saiyan_blue, legendary_super_saiyan, super_saiyan_god, super_saiyan_rose"
supermarine_seafire,supermarine_spitfire
suppressor,"dragunov_svu, h&k_mp5sd, vychlop_vks/vssk"
surfboard,"holding_surfboard, planted_surfboard"
surgical_scar,scar
surprise_hug,"hug, surprised"
surprise_kiss,"kiss, surprised"
surprised,"surprise_hug, surprise_kiss"
sushi,"food, gunkanmaki, inarizushi, makizushi, nigirizushi"
suspender_shorts,"shorts, suspenders"
suspender_skirt,"skirt, suspenders"
suspenders,"naked_suspenders, suspenders_gap, suspenders_hanging, suspenders_slip, suspender_shorts, suspender_skirt"
sv-98,"bolt_action, sniper_rifle"
svt-40,rifle
swallow_(bird),bird
swan,"bird, black_swan_(bird)"
swastika_tattoo,"swastika, tattoo"
sweat,"nervous_sweating, very_sweaty"
sweater,"cardigan, aran_sweater, argyle_sweater, christmas_sweater, collared_sweater, cropped_sweater, hooded_sweater, impossible_sweater, naked_sweater, off-shoulder_sweater, open-chest_sweater, print_sweater, ribbed_sweater, shirt_under_sweater, short-sleeved_sweater, sleeveless_sweater, striped_sweater, sweater_guard, sweater_tucked_in, sweater_tug, sweater_vest, torn_sweater, turtleneck_sweater, virgin_destroyer_sweater, virgin_killer_sweater, sweater_around_waist, sweater_dress, sweater_lift"
sweater_around_waist,"clothes_around_waist, sweater"
sweater_dress,"dress, sweater"
sweater_lift,"clothes_lift, sweater"
sweater_pull,"clothes_pull, sweater"
sweater_tug,"sweater, clothes_tug"
sweater_vest,"vest, sweater, argyle_sweater_vest, black_sweater_vest, blue_sweater_vest, brown_sweater_vest, checkered_sweater_vest, green_sweater_vest, grey_sweater_vest, orange_sweater_vest, pink_sweater_vest, plaid_sweater_vest, purple_sweater_vest, red_sweater_vest, torn_sweater_vest, white_sweater_vest, yellow_sweater_vest"
swedish_flag_print,"flag_print, swedish_flag"
sweet_potato,"food, roasted_sweet_potato"
sweets,food
swim_briefs,"briefs, male_swimwear"
swim_ring,"ring, holding_swim_ring, innertube, lifebuoy"
swimsuit,"adjusting_swimsuit, backless_swimsuit, bikini, casual_one-piece_swimsuit, competition_school_swimsuit, one-piece_swimsuit, competition_swimsuit, dress_swimsuit, frilled_one-piece_swimsuit, front_zipper_swimsuit_(realise), hand_under_swimsuit, highleg_one-piece_swimsuit, hololive_summer_2023_swimsuit, impossible_swimsuit, jacket_over_swimsuit, new_school_swimsuit, o-ring_one-piece_swimsuit, o-ring_slingshot_swimsuit, off-shoulder_one-piece_swimsuit, old_school_swimsuit, pantyhose_under_swimsuit, polka_dot_swimsuit, print_swimsuit, sailor_swimsuit_(idolmaster), school_swimsuit, school_swimsuit_flap, see-through_one-piece_swimsuit, shiny_swimsuit, side-tie_swimsuit, slingshot_swimsuit, strapless_one-piece_swimsuit, striped_one-piece_swimsuit, swimsuit_cover-up, taut_swimsuit, torn_swimsuit, tracen_swimsuit, trinity_general_school_swimsuit, unworn_swimsuit, wet_swimsuit, swimsuit_aside, swimsuit_under_clothes"
swimsuit_aside,"clothing_aside, swimsuit"
swimsuit_skirt,"skirt, swimsuit"
swimsuit_under_swimsuit,swimsuit
swiss_flag_bikini,flag_print_bikini
swivel_chair,"chair, gaming_chair, office_chair"
sword,"weapon, energy_sword, flaming_sword, greatsword, holding_sword, katana, multiple_swords, planted_sword, rapier, saber_(weapon), shinai, short_sword, sword_on_back, sword_over_shoulder, wakizashi, wooden_sword"
sword_between_breasts,"sword, weapon_between_breasts"
sword_on_back,"back, sword, weapon_on_back"
sword_over_shoulder,"over_shoulder, sword, weapon_over_shoulder"
symbol-shaped_pupils,"butterfly-shaped_pupils, clock_eyes, clover-shaped_pupils, cross-shaped_pupils, diamond-shaped_pupils, drop-shaped_pupils, flower-shaped_pupils, heart-shaped_pupils, lightning_bolt-shaped_pupils, paw-shaped_pupils, power_symbol-shaped_pupils, rabbit-shaped_pupils, star-shaped_pupils, triangle-shaped_pupils, x-shaped_pupils"
symbol_in_eye,"flower_in_eye, heart_in_eye, star_in_eye"
synthesizer,instrument
syrian_flag_bikini,flag_print_bikini
syringe,"holding_syringe, large_syringe"
syrup,"chocolate_syrup, maple_syrup, strawberry_syrup"
t-26,tank
t-34,"tank, t-34-85"
t-72,tank
t-90,tank
t65_assault_rifle,assault_rifle
t91_assault_rifle,assault_rifle
tabard,"aqua_tabard, black_tabard, blue_tabard, brown_tabard, frilled_tabard, green_tabard, grey_tabard, naked_tabard, orange_tabard, pink_tabard, purple_tabard, red_tabard, torn_tabard, white_tabard, yellow_tabard"
table,"billiard_table, casino_card_table, chabudai, coffee_table, folding_table, glass_table, kotatsu, mahjong_table, on_table, operating_table, poker_table, roulette_table, round_table, vanity_table, wooden_table"
table_humping,"crotch_rub, masturbation"
tablet_pc,"holding_tablet_pc, ipad, youkai_pad"
tactical_gloves,gloves
tactical_swimsuit,swimsuit
tadpole_tail,tail
tail,"absurdly_long_tail, alpaca_tail, anal_tail, animal_ears, cat_tail, fox_tail, bear_tail, bird_tail, cable_tail, cetacean_tail, chipmunk_tail, convenient_tail, cow_tail, crocodilian_tail, curled_tail, deer_tail, demon_tail, dinosaur_tail, dog_tail, dragon_tail, drawn_tail, eastern_dragon_tail, electric_plug_tail, expressive_tail, fake_tail, fiery_tail, fish_tail, flame-tipped_tail, fluffy_tail, forked_tail, fur-tipped_tail, ghost_tail, goat_tail, hand_on_own_tail, heart_tail, horse_tail, hyena_tail, jackal_tail, jaguar_tail, large_tail, leopard_tail, lifted_by_tail, lion_tail, lizard_tail, mechanical_tail, missing_tail, monkey_tail, mouse_tail, otter_tail, panther_tail, penguin_tail, pig_tail, pokemon_tail, prehensile_tail, rabbit_tail, raccoon_tail, scar_on_tail, scorpion_tail, segmented_tail, shark_tail, sharp_tail, sheep_tail, short_tail, snake_tail, snow_leopard_tail, spiked_tail, squirrel_tail, stiff_tail, striped_tail, tail_grab, tail_wagging, tail_wrap, tapir_tail, tentacle_tail, tiger_tail, very_long_tail, weasel_tail, whale_tail_(clothing), wolf_tail, multiple_tails, tail_ornament"
tail_anus,"anus, tail"
tail_bell,"bell, tail_ornament"
tail_between_legs,"legs, between_legs, tail"
tail_bow,"bow, tail_ornament"
tail_flower,"flower, tail_ornament"
tail_fondling,tail
tail_in_ass,tail_insertion
tail_masturbation,"masturbation, tail"
tail_ornament,"tail, tail_bell, tail_bow, tail_flower, tail_piercing, tail_ribbon, tail_ring"
tail_piercing,"piercing, tail_ornament"
tail_rape,tail
tail_ribbon,"ribbon, tail_ornament"
tail_ring,"ring, tail_ornament"
tail_through_clothes,"through_clothes, tail"
tail_wrap,"tail, tail_around_another's_leg"
tailjob,tail
takoyaki,food
takuan,food
tam_o'_shanter,hat
tamandua_ears,animal_ears
tambourine,"instrument, holding_tambourine"
tan,"bikini_tan, one-piece_tan, shorts_tan, tan_tattoo"
tan_tattoo,"tan, tattoo"
tank,"military_vehicle, motor_vehicle, bt-42, carro_veloce_cv-33, churchill_(tank), crusader_(tank), jagdpanzer_38(t), kv-2, m3_lee/grant, m4_sherman, panther_(tank), panzer_iv, t-34, tiger_i, tiger_ii, turretless_tank, type_89_i-gou"
tank_top,"crop_top, vest, print_tank_top, striped_tank_top, black_tank_top, blue_tank_top, brown_tank_top, green_tank_top, grey_tank_top, orange_tank_top, pink_tank_top, purple_tank_top, red_tank_top, see-through_tank_top, torn_tank_top, white_tank_top, yellow_tank_top"
tankini,bikini
tanlines,"accessory_tan, bikini_tan, double_tanline, farmer's_tan, one-piece_tan, presenting_tanlines, revealing_tanlines, shirt_tan, shorts_tan"
tanuki_costume,animal_costume
tape,"dilation_tape, duct_tape, tape_bondage, tape_gag, tape_maebari, tape_on_nipples"
tape_bondage,"bound, tape"
tape_censor,censored
tape_gag,"improvised_gag, tape"
tape_on_nipples,"nipples, pasties, tape"
tapir_ears,animal_ears
tarot,"death_(tarot), tarot_(medium), tarot_card, the_emperor_(tarot), the_empress_(tarot), the_fool_(tarot), the_hanged_man_(tarot), the_hermit_(tarot), the_high_priestess_(tarot), the_lovers_(tarot), the_magician_(tarot), the_moon_(tarot), the_star_(tarot), the_sun_(tarot), wheel_of_fortune_(tarot)"
tarot_(medium),"card_(medium), tarot"
tarot_card,"card, tarot"
tarot_set,tarot
tart_(food),"food, fruit_tart"
tassel,"flute_tassel, neck_tassel, tassel_earrings, tassel_hair_ornament, weapon_tassel"
tassel_earrings,"earrings, tassel"
tassel_hair_ornament,"hair_ornament, tassel"
tate_eboshi,hat
tattoo,"arm_tattoo, ass_tattoo, back_tattoo, barcode_tattoo, breast_tattoo, butterfly_tattoo, cheek_tattoo, chest_tattoo, cloud_tattoo, cross_tattoo, dragon_tattoo, eye_tattoo, facial_tattoo, finger_tattoo, flower_tattoo, forehead_tattoo, full-body_tattoo, glowing_tattoo, hair_tattoo, hand_tattoo, heart_tattoo, hip_tattoo, leg_tattoo, neck_tattoo, number_tattoo, pubic_tattoo, shoulder_tattoo, skull_tattoo, snake_tattoo, spade_tattoo, spider_tattoo, star_tattoo, stomach_tattoo, sun_tattoo, teardrop_tattoo, tribal_tattoo, winged_heart_tattoo"
tattoo_sleeve,tattoo
taur,"arachne, centaur, centauroid"
taut_bodysuit,"bodysuit, taut_clothes"
taut_clothes,"taut_bodysuit, taut_dress, taut_pants, taut_shirt, taut_shorts, taut_skirt, taut_sweater, taut_swimsuit, taut_vest"
taut_dress,"dress, taut_clothes"
taut_pants,"pants, taut_clothes"
taut_shirt,"shirt, taut_clothes"
taut_shorts,"shorts, taut_clothes"
taut_skirt,"skirt, taut_clothes"
taut_sweater,"sweater, taut_clothes"
taut_swimsuit,"swimsuit, taut_clothes"
taut_vest,"taut_clothes, vest"
tea,"black_tea, green_tea"
team_rocket,team_rocket_uniform
teamwork_(sexual),"cooperative_breast_smother, cooperative_buttjob, cooperative_fellatio, cooperative_fingering, cooperative_footjob, cooperative_hairjob, cooperative_handjob, cooperative_paizuri, cooperative_pussyjob"
teapot,"glass_teapot, holding_teapot, long_spout_teapot, side_handle_teapot"
tearing_clothes,torn_clothes
tears,"crying_with_eyes_open, happy_tears, streaming_tears, tears_from_one_eye, wiping_tears"
tears_of_the_tarnished_blood_(e.g.o),e.g.o_(project_moon)
teeth,"brushing_teeth, buck_teeth, colored_teeth, grid_teeth, round_teeth, sharp_teeth, lower_teeth_only, upper_teeth_only, blood_on_teeth, clenched_teeth, realistic_teeth"
telepole_(e.g.o),e.g.o_(project_moon)
temperance_(tarot),tarot
tempura,"food, shrimp_tempura"
tennis_racket,"racket, holding_tennis_racket"
tentacle_on_penis,"penis, tentacles"
tentacles,"consensual_tentacles, grabbed_by_tentacles, grabbing_tentacle, licking_tentacle, penis_tentacle, tentacle_around_neck, tentacle_masturbation, tentacle_on_penis, tentacle_pit, tentacle_sex, tentacle_with_hand, tentacles_as_hands, tentacles_on_male, tentacles_under_clothes"
test_tube,"tube, holding_test_tube"
testicle_tattoo,tattoo
testicles,"bouncing_testicles, caressing_testicles, covered_testicles, gigantic_testicles, huge_testicles, large_testicles, lipstick_mark_on_testicles, no_testicles, biting_testicles, licking_testicle, penis_and_testicles_touching, sagging_testicles, small_testicles, squeezing_testicles, testicle_peek, testicles_on_face, testicles_touching, veiny_testicles"
texas_flag_bikini,flag_print_bikini
text-only_page,text_focus
text_tattoo,tattoo
that_person_and_that_person_had_a_child,multiple_drawing_challenge
the_chariot_(tarot),tarot
the_devil_(tarot),tarot
the_forgotten_(e.g.o),e.g.o_(project_moon)
the_hierophant_(tarot),tarot
the_homing_instinct_(e.g.o),e.g.o_(project_moon)
the_sword_sharpened_with_tears_(e.g.o),e.g.o_(project_moon)
the_tower_(tarot),tarot
the_world_(tarot),tarot
theremin,instrument
thermometer,"digital_thermometer, holding_thermometer, liquid-in-glass_thermometer"
thigh_belt,"belt, thigh_strap"
thigh_boots,"boots, single_thigh_boot"
thigh_strap,"condom_thigh_strap, frilled_thigh_strap, o-ring_thigh_strap, vibrator_in_thigh_strap, multiple_thigh_straps, studded_thigh_strap, thigh_belt"
thighhigh_gaiters,"gaiters, thighhighs"
thighhighs,"over-kneehighs, pantyhose, argyle_thighhighs, cow_print_thighhighs, fishnet_thighhighs, kneehighs, frilled_thighhighs, fur-trimmed_thighhighs, lace-trimmed_thighhighs, lace_thighhighs, latex_thighhighs, mismatched_thighhighs, polka_dot_thighhighs, print_thighhighs, ribbed_thighhighs, ribbon-trimmed_thighhighs, see-through_thighhighs, striped_thighhighs, thighhighs_over_pantyhose, thighhighs_under_boots, torn_thighhighs, unworn_thighhighs, vertical-striped_thighhighs, vibrator_in_thighhighs, wet_thighhighs, single_thighhigh"
thighhighs_under_boots,"boots, thighhighs"
thighlet,"jewelry, gold_thighlet, silver_thighlet"
thighs,"ass_visible_through_thighs, between_thighs, bound_thighs, clothes_between_thighs, hands_on_another's_thighs, hands_on_own_thighs, head_between_thighs, leg_between_thighs, panties_around_thighs, thick_thighs"
thong,"one-piece_thong, pearl_thong, thong_panties, g-string, thong_bikini, thong_leotard"
thong_bikini,"bikini, thong"
thong_leotard,"leotard, thong"
thong_panties,"panties, thong"
thoracalgia_(e.g.o),e.g.o_(project_moon)
thought_bubble,"speech_bubble, shared_thought_bubble"
three-wheeler,"motor_vehicle, autocycle, reverse_trike"
threesome,"group_sex, ddd_threesome, fdd_threesome, ffd_threesome, fff_threesome, ffm_threesome, mdd_threesome, mfd_threesome, mfo_threesome, mmc_threesome, mmd_threesome, mmf_threesome, mmm_threesome"
through_clothes,"bra_visible_through_clothes, cum_through_clothes, cunnilingus_through_clothes, female_ejaculation_through_clothes, fingering_through_clothes, lactation_through_clothes, masturbation_through_clothes, nipple_tweak_through_clothes, panties_visible_through_clothes, precum_through_clothes, pubic_tattoo_visible_through_clothes, pussy_juice_drip_through_clothes, tail_through_clothes"
through_medium,"through_mirror, through_page, through_painting, through_screen"
throwing,"throwing_confetti, throwing_food, throwing_hat, throwing_money, throwing_person, throwing_petals, throwing_poke_ball, throwing_rock, throwing_salt"
throwing_food,"throwing, throwing_pie"
throwing_knife,"knife, weapon"
throwing_poke_ball,"poke_ball, throwing"
thrusters,vernier_thrusters
thumbs_down,"double_thumbs_down, thumbs_down_heart_hands"
thumbs_down_heart_hands,"heart_hands, thumbs_down"
tiara,"black_tiara, horned_tiara, mini_tiara, tiara_removed"
tickling,"tickle_torture, tickling_armpits, tickling_arms, tickling_ass, tickling_back, tickling_breasts, tickling_ears, tickling_face, tickling_feet, tickling_legs, tickling_navel, tickling_nipples, tickling_pussy, tickling_sides, tickling_stomach"
tickling_armpits,"armpits, tickling"
tickling_chest,tickling
tickling_feet,"feet, tickling"
tickling_flat_chest,tickling
tickling_penis,tickling
tiger,"year_of_the_tiger, tiger_cub, tiger_i, tiger_paws, tiger_stripes, white_tiger"
tiger_(p),tank
tiger_costume,"animal_costume, tiger_print"
tiger_cub,"tiger, baby_animal"
tiger_ear_hairband,"animal_ear_hairband, tiger_ears"
tiger_ears,"animal_ears, tiger_ear_hairband"
tiger_i,"tiger, tank"
tiger_paws,"tiger, animal_hands"
tiger_print,"animal_print, tiger_costume"
tiger_tattoo,tattoo
tight_clothes,"tight_dress, tight_pants, tight_shirt"
tight_dress,"dress, tight_clothes"
tight_pants,"pants, tight_clothes"
tight_shirt,"shirt, tight_clothes"
tile_ceiling,"ceiling, tiles"
tiles,"tile_ceiling, tile_floor, tile_wall"
timer_ball,poke_ball
tinted_eyewear,"aqua-tinted_eyewear, blue-tinted_eyewear, brown-tinted_eyewear, gradient-tinted_eyewear, green-tinted_eyewear, grey-tinted_eyewear, heterochromatic_eyewear, multicolor-tinted_eyewear, orange-tinted_eyewear, pink-tinted_eyewear, purple-tinted_eyewear, red-tinted_eyewear, yellow-tinted_eyewear"
tiptoe_kiss,"kiss, tiptoes"
tit_(bird),"bird, long-tailed_tit"
titan_shifter_scars,scar
tnt,"explosive, tnt_block_(minecraft)"
to_pathos_mathos_(e.g.o),e.g.o_(project_moon)
toast,"bread_slice, fried_egg_on_toast, toast_in_mouth"
toast_in_mouth,"food_in_mouth, mouth_hold, toast"
today's_expression_(e.g.o),e.g.o_(project_moon)
toeless_legwear,"bridal_legwear, stirrup_legwear"
toenail_polish,"nail_polish, toenails"
toenails,"long_toenails, sharp_toenails, toenail_polish"
toes,"between_toes, bound_toes, spread_toes, greek_toe"
tofu,"food, hiyayakko_(food)"
tokkoufuku,coat
tokyo_(city),"chuo_(tokyo), minato_(tokyo), shibuya_(tokyo), shinjuku_(tokyo), sumida_(tokyo), taito_(tokyo), toshima_(tokyo)"
tomahawk,"axe, weapon"
tomato,"cherry_tomato, tomato_slice"
tomato_hair_ornament,food-themed_hair_ornament
toned,"toned_female, toned_male"
tonfa,"weapon, bladed_tonfa"
tongue,"colored_tongue, cum_on_tongue, forked_tongue, long_tongue, very_long_tongue, tongue_piercing, grabbing_another's_tongue, tongue_out"
tongue_out,"tongue, :p, :q, ;p, ;q, akanbe, licking_lips"
tongue_piercing,"piercing, tongue"
tongue_tattoo,tattoo
too_many,"too_many_belts, too_many_birds, too_many_books, too_many_butterflies, too_many_cats, too_many_chicks, too_many_dogs, too_many_fish, too_many_frills, too_many_hearts, too_many_knives, too_many_pikachu, too_many_rabbits, too_many_scoops, too_many_sex_toys"
too_many_bats,"bat_(animal), too_many"
too_many_belts,"belt, too_many"
too_many_birds,"bird, too_many"
too_many_books,"book, too_many"
too_many_butterflies,"butterfly, too_many"
too_many_cats,"cat, too_many"
too_many_chicks,"chick, too_many"
too_many_cigarettes,"cigarette, too_many"
too_many_dogs,"multiple_dogs, too_many"
too_many_fish,"fish, too_many"
too_many_frills,"frills, too_many"
too_many_hair_ornaments,hair_ornament
too_many_hearts,"heart, too_many"
too_many_knives,"knife, too_many"
too_many_rabbits,"rabbit, too_many"
too_many_scoops,"multiple_scoops, too_many"
too_many_sex_toys,"sex_toy, too_many"
too_much_burger,too_much_food
tooth,"missing_tooth, tooth_gap"
toothbrush,"electric_toothbrush, holding_toothbrush, toothbrush_in_mouth"
top-load_washing_machine,washing_machine
torii,"multiple_torii, stone_torii"
torii_earrings,earrings
torn_apron,"apron, torn_clothes"
torn_armband,"armband, torn_clothes"
torn_ascot,"ascot, torn_clothes"
torn_belt,belt
torn_bike_shorts,"shorts, bike_shorts, torn_clothes"
torn_bikini,"bikini, torn_clothes"
torn_bodystocking,"bodystocking, torn_clothes, laddered_bodystocking"
torn_bodysuit,"bodysuit, torn_clothes"
torn_bra,"bra, torn_clothes"
torn_buruma,"buruma, torn_clothes"
torn_camisole,"camisole, torn_clothes"
torn_cape,"cape, torn_clothes"
torn_capelet,"capelet, torn_clothes"
torn_choker,"choker, torn_clothes"
torn_cloak,"cloak, torn_clothes"
torn_clothes,"torn_bodysuit, torn_cape, torn_dress, torn_gloves, torn_jacket, torn_leotard, torn_panties, torn_pants, torn_pantyhose, torn_scarf, torn_shirt, torn_shorts, torn_skirt, torn_sleeves, torn_thighhighs"
torn_coat,"coat, torn_clothes"
torn_dress,"dress, torn_clothes"
torn_gloves,"gloves, torn_clothes"
torn_hakama,"hakama, torn_clothes"
torn_hat,"hat, torn_clothes"
torn_headband,"headband, torn_clothes"
torn_hiphighs,"hiphighs, torn_clothes"
torn_hoodie,"hoodie, torn_clothes"
torn_jacket,"jacket, torn_clothes"
torn_jeans,"jeans, torn_pants"
torn_jumpsuit,"jumpsuit, torn_clothes"
torn_kimono,"kimono, torn_clothes"
torn_leggings,"leggings, torn_clothes"
torn_leotard,"leotard, torn_clothes"
torn_loincloth,"loincloth, torn_clothes"
torn_neckerchief,"neckerchief, torn_clothes"
torn_necktie,"necktie, torn_clothes"
torn_overalls,"overalls, torn_clothes"
torn_panties,"panties, torn_clothes"
torn_pants,"pants, torn_clothes, torn_jeans"
torn_pantyhose,"pantyhose, torn_clothes, laddered_pantyhose"
torn_robe,"robe, torn_clothes"
torn_sarong,"sarong, torn_clothes"
torn_scarf,"scarf, torn_clothes"
torn_shirt,"shirt, torn_clothes"
torn_shorts,"shorts, torn_clothes"
torn_skirt,"skirt, torn_clothes"
torn_socks,"socks, torn_clothes"
torn_sports_bra,"sports_bra, torn_clothes"
torn_sweater,"sweater, torn_clothes"
torn_sweater_vest,"sweater_vest, torn_clothes"
torn_swimsuit,"swimsuit, torn_clothes"
torn_tabard,"tabard, torn_clothes"
torn_tank_top,"tank_top, torn_clothes"
torn_thighhighs,"thighhighs, torn_clothes, laddered_thighhighs"
torn_tube_top,"torn_clothes, tube_top"
torn_unitard,"torn_clothes, unitard"
torn_veil,"torn_clothes, veil"
toucan,bird
towel,"wet_towel, beach_towel, hand_towel, holding_towel, impossible_towel, naked_towel, open_towel, print_towel, see-through_towel, towel_around_neck, towel_around_waist, towel_on_arm, towel_on_head, towel_on_legs, towel_on_one_shoulder, towel_slip"
towel_around_breasts,towel
towel_lift,"clothes_lift, towel"
towel_on_head,"on_head, towel"
towel_pull,towel
towel_theft,towel
toyota,toyota_sprinter_trueno
toyota_celica,toyota_celica_t230
toyota_supra,"toyota_supra_mk_iii, toyota_supra_mk_iv, toyota_supra_mk_v"
track_suit,"suit, aqua_track_suit, black_track_suit, blue_track_suit, green_track_suit, orange_track_suit, pink_track_suit, purple_track_suit, red_track_suit, yellow_track_suit"
trailer,"camper_trailer, container_trailer, lowboy_trailer"
train,"freight_train, high-speed_train, multiple_unit_train, on_train"
transgender_flag,transgender_flag_print
transom_window,"window, fanlight_window"
transparent_bag,bag
transparent_umbrella,"transparent, umbrella"
transverse_flute,"flute, dizi"
travel_attendant,"flight_attendant, train_attendant"
treasure_mark_censor,censored
tree,"against_tree, apple_tree, bare_tree, birch_tree, fir_tree, fruit_tree, giant_tree, in_tree, maple_tree, palm_tree, pine_tree, under_tree"
triangle,"love_triangle, triangle_facial_mark"
triangle_(instrument),instrument
triangle_facial_mark,"facial_mark, triangle"
triangle_mouth,"downwards_triangle_mouth, upwards_triangle_mouth"
tribadism,tribadism_through_clothes
tricorne,hat
triforce_tattoo,"tattoo, triforce"
trombone,"instrument, holding_trombone"
tropical_camouflage,camouflage
truck,"motor_vehicle, box_truck, concrete_mixer_truck, crane_truck, dekotora, dump_truck, fire_truck, flatbed_truck, garbage_truck, kei_truck, military_truck, on_truck, pickup_truck, semi_truck, tank_truck, tow_truck"
trumpet,"instrument, holding_trumpet"
tuba,instrument
tube,"diploma_tube, lipstick_tube, paint_tube, single_hair_tube, test_tube, tube_top"
tube_top,"tube, strapless, black_tube_top, blue_tube_top, frilled_tube_top, fur-trimmed_tube_top, green_tube_top, grey_tube_top, lace-trimmed_tube_top, orange_tube_top, pink_tube_top, print_tube_top, purple_tube_top, red_tube_top, torn_tube_top, white_tube_top, yellow_tube_top"
tube_top_lift,clothes_lift
tube_top_pull,clothes_pull
tulip,"flower, black_tulip, blue_tulip, orange_tulip, pink_tulip, purple_tulip, red_tulip, white_tulip, yellow_tulip"
tunic,"champion's_tunic_(zelda), aqua_tunic, black_tunic, blue_tunic, brown_tunic, green_tunic, grey_tunic, orange_tunic, pink_tunic, purple_tunic, red_tunic, white_tunic, yellow_tunic"
turban,"black_turban, blue_turban, purple_turban, red_turban, white_turban"
turkey_(food),food
turtle,"turtle_shell, sea_turtle, tortoise"
turtleneck,"turtleneck_shirt, turtleneck_sweater, sleeveless_turtleneck, turtleneck_bodysuit, turtleneck_dress, turtleneck_jacket, turtleneck_leotard, turtleneck_one-piece_swimsuit"
turtleneck_bodysuit,"bodysuit, turtleneck"
turtleneck_dress,"dress, turtleneck"
turtleneck_jacket,"jacket, turtleneck"
turtleneck_leotard,"leotard, turtleneck"
turtleneck_one-piece_swimsuit,"one-piece_swimsuit, turtleneck"
turtleneck_shirt,"shirt, turtleneck"
turtleneck_sweater,"sweater, turtleneck"
twin_braids,"low_twintails, twintails, low_twin_braids, braid"
twincest,"incest, twins"
twins,"siblings, twincest"
twintails,"braid, braided_twintails, folded_twintails, low_twintails, ponytail, twin_braids, short_twintails, twintails_with_braided_base, twintails_with_hair_base, uneven_twintails, armored_twintails"
twintails_with_braided_base,"twintails, braided_base"
two-barred_cross,cross
two-handed,holding
two-handed_sword,sword
two-sided_cape,"cape, two-sided_fabric"
two-sided_capelet,"capelet, two-sided_fabric"
two-sided_cloak,"cloak, two-sided_fabric"
two-sided_coat,"coat, two-sided_fabric"
two-sided_dress,"dress, two-sided_fabric"
two-sided_fabric,"two-sided_cape, two-sided_capelet, two-sided_cloak, two-sided_coat, two-sided_dress, two-sided_headwear, two-sided_hood, two-sided_hoodie, two-sided_jacket, two-sided_robe, two-sided_scarf, two-sided_skirt, two-sided_sleeves, two-sided_veil"
two-sided_hood,"hood, two-sided_fabric"
two-sided_hoodie,"hoodie, two-sided_fabric"
two-sided_jacket,"jacket, two-sided_fabric"
two-sided_robe,"robe, two-sided_fabric"
two-sided_scarf,"scarf, two-sided_fabric"
two-sided_skirt,"skirt, two-sided_fabric"
two-sided_veil,"two-sided_fabric, veil"
two-tone_apron,apron
two-tone_arm_warmers,arm_warmers
two-tone_armband,armband
two-tone_armor,armor
two-tone_ascot,ascot
two-tone_babydoll,babydoll
two-tone_bag,bag
two-tone_bandana,bandana
two-tone_bandeau,bandeau
two-tone_beard,beard
two-tone_belt,belt
two-tone_bloomers,bloomers
two-tone_body_hair,body_hair
two-tone_bonnet,bonnet
two-tone_border,border
two-tone_bow,"two-tone_bowtie, bow"
two-tone_bowtie,"bowtie, two-tone_bow"
two-tone_bra,bra
two-tone_bracelet,bracelet
two-tone_bridal_gauntlets,bridal_gauntlets
two-tone_buruma,buruma
two-tone_bustier,bustier
two-tone_camisole,camisole
two-tone_cape,cape
two-tone_capelet,capelet
two-tone_car,car
two-tone_cardigan,cardigan
two-tone_changpao,changpao
two-tone_choker,choker
two-tone_cloak,cloak
two-tone_collar,collar
two-tone_corset,corset
two-tone_crown,crown
two-tone_dress,dress
two-tone_eyeshadow,eyeshadow
two-tone_feathers,feathers
two-tone_flower,flower
two-tone_garter_belt,garter_belt
two-tone_garter_straps,garter_straps
two-tone_hakama,hakama
two-tone_hanbok,hanbok
two-tone_hanfu,hanfu
two-tone_haori,haori
two-tone_hat,hat
two-tone_headband,headband
two-tone_headdress,headdress
two-tone_headphones,headphones
two-tone_helmet,helmet
two-tone_hood,hood
two-tone_hoodie,hoodie
two-tone_jumpsuit,jumpsuit
two-tone_kimono,kimono
two-tone_leg_warmers,leg_warmers
two-tone_leggings,leggings
two-tone_lips,lips
two-tone_lipstick,lipstick
two-tone_loincloth,loincloth
two-tone_male_swimwear,male_swimwear
two-tone_male_underwear,male_underwear
two-tone_mask,mask
two-tone_mittens,mittens
two-tone_neckerchief,neckerchief
two-tone_necktie,necktie
two-tone_one-piece_swimsuit,one-piece_swimsuit
two-tone_outline,outline
two-tone_overalls,overalls
two-tone_overskirt,overskirt
two-tone_pajamas,pajamas
two-tone_panties,panties
two-tone_pants,pants
two-tone_pantyhose,pantyhose
two-tone_poncho,poncho
two-tone_pubic_hair,pubic_hair
two-tone_ribbon,ribbon
two-tone_robe,robe
two-tone_romper,romper
two-tone_rose,rose
two-tone_sailor_collar,sailor_collar
two-tone_sandals,sandals
two-tone_sarong,sarong
two-tone_sash,sash
two-tone_scales,scales
two-tone_scarf,scarf
two-tone_scrunchie,scrunchie
two-tone_serafuku,serafuku
two-tone_shawl,shawl
two-tone_shirt,shirt
two-tone_shorts,shorts
two-tone_skirt,skirt
two-tone_slingshot_swimsuit,slingshot_swimsuit
two-tone_slippers,slippers
two-tone_snake,snake
two-tone_socks,socks
two-tone_suit,suit
two-tone_sweater,sweater
two-tone_sweater_vest,sweater_vest
two-tone_swim_trunks,swim_trunks
two-tone_swimsuit,swimsuit
two-tone_tabard,tabard
two-tone_tail,tail
two-tone_tailcoat,tailcoat
two-tone_tank_top,tank_top
two-tone_tiara,tiara
two-tone_tongue,tongue
two-tone_track_suit,track_suit
two-tone_tube_top,tube_top
two-tone_tunic,tunic
two-tone_turban,turban
two-tone_umbrella,umbrella
two-tone_unitard,unitard
two-tone_veil,veil
two-tone_vest,vest
two-tone_whiskers,whiskers
two-tone_wings,wings
two-tone_wrist_cuffs,wrist_cuffs
two-tone_wristband,wristband
two_side_up_with_braided_base,"braided_base, two_side_up"
type_100_smg,submachine_gun
type_10_(tank),tank
type_3_chi-nu,tank
type_56_assault_rifle,"assault_rifle, kalashnikov_rifle"
type_64_smg,submachine_gun
type_74_(tank),tank
type_90_(tank),tank
type_95_ha-gou,tank
type_97_chi-ha,tank
type_97_te-ke,tank
uchikake,"kimono, shiromuku"
ukulele,"instrument, holding_ukulele"
umaibou,food
umbrella,"animal-themed_umbrella, beach_umbrella, closed_umbrella, frilled_umbrella, holding_umbrella, karakasa_obake, oil-paper_umbrella, parasol, planted_umbrella, polka_dot_umbrella, print_umbrella, shared_umbrella, torn_umbrella, transparent_umbrella, umbrella_flower"
umbrella_flower,"flower, umbrella"
umeboshi,fruit
unbuttoned_shirt,"shirt, unbuttoned"
uncommon_stimulation,"eargasm, hornjob, telepathic_sex, womb_massage"
unconventional_guitar,"broom_guitar, human_guitar"
unconventional_maid,"maid, jersey_maid, maid_bikini, maid_leotard, maid_one-piece_swimsuit, tactical_maid, yuio_maid_dress"
under_kotatsu,"kotatsu, under_table"
underbarrel_grenade_launcher,"grenade_launcher, gp-25, m203"
underboob,"covered_underboob, breasts"
underwear,"bra, male_underwear, no_male_underwear, panties, male_underwear_peek, underwear_only, holding_underwear, lingerie, underwear_theft"
underwear_theft,"clothes_theft, underwear"
undressing,undressing_another
unicorn,"stuffed_unicorn, stuffed_winged_unicorn"
untied_bikini_top,bikini
unused_tire,"holding_tire, spare_tire"
unusual_insertion,"ball_insertion, instrument_insertion"
unworn_apron,apron
unworn_armband,"armband, holding_unworn_armband"
unworn_backpack,"backpack, unworn_bag"
unworn_bag,"bag, unworn_backpack"
unworn_bikini_top,bikini
unworn_boots,"boots, holding_unworn_boots"
unworn_bow,bow
unworn_cape,"cape, holding_unworn_cape"
unworn_chastity_cage,"chastity_cage, holding_unworn_chastity_cage"
unworn_coat,"coat, holding_coat"
unworn_dress,"dress, holding_unworn_dress"
unworn_eyewear,"eyewear_hang, holding_removed_eyewear"
unworn_gag,"gag, gag_around_neck"
unworn_gloves,"gloves, holding_gloves"
unworn_hair_ornament,"hair_ornament, unworn_hairclip"
unworn_hairclip,"hairclip, unworn_hair_ornament"
unworn_hat,"hat, unworn_headwear, holding_unworn_hat"
unworn_headwear,"unworn_hat, unworn_helmet"
unworn_helmet,"helmet, unworn_headwear, holding_unworn_helmet"
unworn_jacket,"jacket, holding_unworn_jacket, jacket_over_shoulder"
unworn_jewelry,"jewelry, unworn_necklace"
unworn_leotard,leotard
unworn_necklace,"necklace, unworn_jewelry"
unworn_necktie,"necktie, holding_unworn_necktie"
unworn_pants,"pants, holding_pants"
unworn_scarf,"scarf, holding_unworn_scarf"
unworn_shirt,"shirt, holding_shirt"
unworn_shoes,"shoes, holding_unworn_shoes"
unworn_shorts,"shorts, holding_shorts"
unworn_skirt,"skirt, holding_unworn_skirt"
unworn_socks,"socks, holding_sock"
unworn_sweater,sweater
unworn_swimsuit,"swimsuit, holding_swimsuit"
upside-down_book,book
used_condom,"condom, used_condom_on_penis"
used_condom_on_penis,"penis, condom_on_penis, used_condom"
ushanka,hat
uss_enterprise_(star_trek),"uss_enterprise_ncc-1701, uss_enterprise_ncc-1701-a, uss_enterprise_ncc-1701-b, uss_enterprise_ncc-1701-d, uss_enterprise_ncc-1701-e"
v,"bent_v, double_v, gyaru_v, inward_v, v_over_breast, v_over_eye, v_over_head, v_over_mouth"
v-shaped_eyebrows,">:(, >:)"
v_legs,"legs, spread_legs"
v_over_eye,"v, kiraboshi_(star_driver)"
vaginal,"multiple_vaginal, vaginal_object_insertion"
vaginal_object_insertion,"object_insertion, vaginal"
van,"motor_vehicle, on_van, police_van"
vegetable,"food, holding_vegetable"
veil,"bridal_veil, mouth_veil, see-through_veil, black_veil, blue_veil, funeral_veil, grey_veil, long_veil, menpu, pink_veil, purple_veil, red_veil, torn_veil, two-sided_veil, white_veil"
veins,"veiny_arms, veiny_breasts, veiny_hands, veiny_penis, veiny_testicles, veiny_thighs"
veiny_breasts,"breasts, veins"
veiny_penis,"penis, veins"
veiny_testicles,"testicles, veins"
vektor_cr-21,assault_rifle
venus_symbol,"interlocked_mars_and_venus_symbols, interlocked_venus_symbols, spoken_venus_symbol, venus_symbol_earrings, venus_symbol_hair_ornament, venus_symbol_necklace, venus_symbol_tattoo"
vertical-striped_apron,"striped_apron, vertical-striped_clothes"
vertical-striped_bikini,"bikini, striped_bikini, vertical-striped_clothes"
vertical-striped_bra,"bra, striped_bra, vertical-striped_clothes"
vertical-striped_clothes,"striped_clothes, vertical-striped_bikini, vertical-striped_bra, vertical-striped_dress, vertical-striped_headwear, vertical-striped_jacket, vertical-striped_kimono, vertical-striped_panties, vertical-striped_pants, vertical-striped_pantyhose, vertical-striped_shirt, vertical-striped_shorts, vertical-striped_skirt, vertical-striped_socks, vertical-striped_thighhighs, vertical-striped_vest"
vertical-striped_dress,"dress, striped_dress, vertical-striped_clothes"
vertical-striped_gloves,"gloves, striped_gloves, vertical-striped_clothes"
vertical-striped_headwear,"striped_headwear, vertical-striped_clothes"
vertical-striped_hiphighs,"striped_hiphighs, vertical-striped_clothes"
vertical-striped_jacket,"jacket, striped_jacket, vertical-striped_clothes"
vertical-striped_kimono,"kimono, striped_kimono, vertical-striped_clothes"
vertical-striped_leotard,"striped_leotard, vertical-striped_clothes"
vertical-striped_necktie,"necktie, striped_necktie, vertical-striped_clothes"
vertical-striped_one-piece_swimsuit,"striped_one-piece_swimsuit, vertical-striped_clothes"
vertical-striped_pajamas,"pajamas, striped_pajamas, vertical-striped_clothes"
vertical-striped_panties,"panties, striped_panties, vertical-striped_clothes"
vertical-striped_pants,"pants, striped_pants, vertical-striped_clothes"
vertical-striped_pantyhose,"pantyhose, striped_pantyhose, vertical-striped_clothes"
vertical-striped_scarf,"scarf, striped_scarf, vertical-striped_clothes"
vertical-striped_shirt,"shirt, striped_shirt, vertical-striped_clothes"
vertical-striped_shorts,"shorts, striped_shorts, vertical-striped_clothes"
vertical-striped_skirt,"skirt, striped_skirt, vertical-striped_clothes"
vertical-striped_socks,"socks, striped_socks, vertical-striped_clothes"
vertical-striped_thighhighs,"thighhighs, striped_thighhighs, vertical-striped_clothes"
vertical-striped_vest,"vest, striped_vest, vertical-striped_clothes"
very_short_hair,"short_hair, buzz_cut"
vest,"bulletproof_vest, cardigan_vest, collared_vest, crop_top, cropped_vest, tank_top, frilled_vest, fur-trimmed_vest, high-visibility_vest, hooded_vest, load-bearing_vest, metamoran_vest, open_vest, pinstripe_vest, plaid_vest, print_vest, striped_vest, sweater_vest, vertical-striped_vest, checkered_vest, leather_vest, naked_vest, unworn_vest, utility_vest, waistcoat"
vibrator,"sex_toy, egg_vibrator, hitachi_magic_wand, public_vibrator, rabbit_vibrator, remote_control_vibrator, vibrator_in_anus, vibrator_in_thighhighs, vibrator_on_nipple, vibrator_on_penis, vibrator_under_clothes"
vibrator_in_anus,"anal_object_insertion, vibrator"
vibrator_in_thighhighs,"thighhighs, vibrator"
vibrator_on_nipple,"nipple_stimulation, vibrator"
vibrator_under_clothes,"vibrator, vibrator_bulge, vibrator_under_panties"
vibrator_under_panties,"panties, vibrator_under_clothes"
video_camera,"action_camera, camcorder"
viewer_holding_weapon,"pov, pov_aiming_down_sights"
viewer_on_leash,"leash, pov"
viola_(instrument),instrument
violet_(flower),flower
violet_candypop_bud,candypop_bud
violet_city,city
violet_rose,rose
violin,"instrument, electric_violin, holding_violin"
virgin_killer_sweater,"sweater, backwards_virgin_killer_sweater"
virtual_boy,game_console
virtual_pet_(toy),"pet, digimon_(virtual_pet), pokewalker, tamagotchi_(virtual_pet)"
visor_cap,"aqua_visor_cap, black_visor_cap, blue_visor_cap, green_visor_cap, grey_visor_cap, orange_visor_cap, pink_visor_cap, purple_visor_cap, red_visor_cap, white_visor_cap, yellow_visor_cap"
volkswagen_golf,volkswagen_golf_gti
vulture,bird
vychlop_vks/vssk,"anti-materiel_rifle, suppressor"
w,"double_w, gyaru_w, middle_w, w_over_eye, w_over_face, w_over_mouth"
wa_lolita,"japanese_clothes, lolita_fashion"
wa_maid,"maid, japanese_clothes"
wacan_berry,berry_(pokemon)
wafer,food
wafer_stick,food
waffle,food
wagashi,"food, dango, dorayaki, ichigo_daifuku, sakura_mochi, taiyaki, youkan_(food)"
waist_cape,"cape, fur-trimmed_waist_cape"
walking,"walking_on_liquid, walking_towards_viewer"
walther_p38,handgun
walther_p5,handgun
walther_p99,handgun
walther_wa_2000,"bullpup, sniper_rifle"
war_banner,"banner, battle_standard"
war_fan,"hand_fan, gunbai, tessen"
war_flag,"battle_standard, flag"
war_hammer,"hammer, weapon"
warship,"military_vehicle, ship, aircraft_carrier, battlecruiser, battleship, cruiser, destroyer, frigate, ironclad, ship_of_the_line, torpedo_boat"
wasp,bug
watch,"pendant_watch, pocket_watch, wristwatch, youkai_watch_(object)"
water,"hydrokinesis, shallow_water, waterfall"
water_lily_flower,flower
watercraft,"boat, hovercraft, jet_ski, ship, submarine"
watermark,"miyoushe_watermark, sample_watermark, too_many_watermarks, watermark_grid, weibo_watermark, xiaohongshu_watermark"
watermelon,"fruit, watermelon_slice"
watmel_berry,berry_(pokemon)
watson_cross,"cross, crossed_legs"
waxen_pinion_(e.g.o),e.g.o_(project_moon)
weapon,"arm_cannon, blood_on_weapon, bow_(weapon), club_(weapon), dagger, energy_gun, glowing_weapon, gun, holding_weapon, huge_weapon, kunai, polearm, sword, weapon_on_back, weapon_over_shoulder"
weapon_between_breasts,"breasts, between_breasts, gun_between_breasts, sword_between_breasts"
weapon_on_back,"back, weapon, gun_on_back, sword_on_back"
weapon_over_shoulder,"over_shoulder, weapon, sword_over_shoulder"
weapon_tassel,"tassel, weapon, sword_tassel"
weasel_ears,animal_ears
wedgie,"frontal_wedgie, giving_wedgie, natural_wedgie, self_wedgie, atomic_wedgie, group_wedgies, hanging_wedgie, mutual_wedgie"
weighing_scale,"balance_scale, bathroom_scale, kitchen_scale"
welrod,"bolt_action, handgun"
welsh_flag_bikini,flag_print_bikini
wepear_berry,berry_(pokemon)
wet,"wet_spot, wet_clothes, wet_hair"
wet_bloomers,"bloomers, wet_clothes"
wet_clothes,"wet, wet_bloomers, wet_dress, wet_fundoshi, wet_male_underwear, wet_panties, wet_pantyhose, wet_shirt, wet_shorts, wet_skirt, wet_swimsuit"
wet_dress,"dress, wet_clothes"
wet_fundoshi,"fundoshi, wet_clothes"
wet_male_underwear,"male_underwear, wet_clothes"
wet_panties,"panties, wet_clothes"
wet_pantyhose,"pantyhose, wet_clothes"
wet_shirt,"shirt, wet_clothes"
wet_shorts,"shorts, wet_clothes"
wet_skirt,"skirt, wet_clothes"
wet_swimsuit,"swimsuit, wet_clothes"
wetsuit,"bodysuit, diving_suit"
whale,"inflatable_whale, stuffed_whale, flying_whale"
what_is_cast_(e.g.o),e.g.o_(project_moon)
whip,"cat_o'_nine_tails, holding_whip"
whip_sword,weapon
whistle,"holding_whistle, whistle_around_neck"
white_ankle_cuffs,ankle_cuffs
white_ankleband,ankleband
white_apple,apple
white_apron,apron
white_arm_garter,arm_garter
white_armor,armor
white_armpit_hair,armpit_hair
white_army,army
white_asparagus,asparagus
white_assault_visor,assault_visor
white_bag,bag
white_bathrobe,bathrobe
white_beak,beak
white_beard,beard
white_belt,belt
white_bike_shorts,bike_shorts
white_bikini,bikini
white_bird,bird
white_blanket,blanket
white_blood_cell,blood_cell
white_bodice,bodice
white_bodystocking,bodystocking
white_bodysuit,bodysuit
white_boots,boots
white_bow,"bow, white_bowtie"
white_bowtie,"bowtie, white_bow"
white_bra,bra
white_buckle,buckle
white_cardigan,cardigan
white_carnation,"carnation, white_flower"
white_carpet,carpet
white_chaps,chaps
white_cherry_blossoms,cherry_blossoms
white_choco_fashion,choco_fashion
white_choker,choker
white_clover,clover
white_coat,coat
white_coif,coif
white_crocodile,crocodile
white_day,day
white_dougi,dougi
white_dragon,dragon
white_dress,dress
white_epaulettes,epaulettes
white_eyelashes,"colored_eyelashes, eyelashes"
white_eyeshadow,eyeshadow
white_facepaint,facepaint
white_fence,fence
white_flower,"flower, white_carnation, white_rose, white_spider_lily, white_tulip"
white_forest,forest
white_freckles,freckles
white_gakuran,gakuran
white_gloves,gloves
white_gorget,gorget
white_gown,gown
white_hairband,hairband
white_halo,halo
white_hat,hat
white_headdress,headdress
white_helmet,helmet
white_hole,hole
white_hood,hood
white_hoodie,hoodie
white_horns,horns
white_horse,horse
white_house,house
white_ink,ink
white_jacket,jacket
white_jeogori,jeogori
white_jersey,jersey
white_kimono,kimono
white_lapels,lapels
white_leotard,leotard
white_lion_(kemono_friends)_(cosplay),lion_(kemono_friends)_(cosplay)
white_lips,lips
white_loincloth,loincloth
white_lotus,lotus
white_mane,mane
white_mask,mask
white_neck_warmer,neck_warmer
white_necktie,necktie
white_one-piece_swimsuit,one-piece_swimsuit
white_oni,oni
white_overskirt,overskirt
white_paint,paint
white_pajamas,pajamas
white_panties,panties
white_pants,pants
white_pantyhose,pantyhose
white_pelvic_curtain,pelvic_curtain
white_poncho,poncho
white_popsicle,popsicle
white_pumpkin,pumpkin
white_pussy,pussy
white_ribbon,ribbon
white_rose,"rose, white_flower"
white_rug,rug
white_sand,sand
white_scales,scales
white_scapular,scapular
white_scarf,scarf
white_screen,screen
white_shirt,shirt
white_shoes,shoes
white_shorts,shorts
white_singlet,singlet
white_skirt,skirt
white_socks,socks
white_sokutai,sokutai
white_spider_lily,"spider_lily, white_flower"
white_stew,stew
white_strawberry,strawberry
white_string,string
white_sunflower,sunflower
white_sweater,sweater
white_swim_trunks,swim_trunks
white_tail,tail
white_tailcoat,tailcoat
white_tassel,tassel
white_tern,tern
white_thighhighs,thighhighs
white_thighlet,thighlet
white_tiara,tiara
white_tiger_print,tiger_print
white_tongue,tongue
white_track_suit,track_suit
white_tree,tree
white_tulip,"tulip, white_flower"
white_umbrella,umbrella
white_unitard,unitard
white_vest,vest
white_wagtail,wagtail
white_whale,whale
white_wings,wings
white_wolf,wolf
wide_spread_legs,"legs, spread_legs"
wig,"clown_wig, hair_visible_through_wig, holding_wig, powdered_wig, unworn_wig"
wiki_berry,berry_(pokemon)
winchester_model_1897,"pump_action, shotgun"
wind,"aerokinesis, wind_lift"
wind_chime,"furin_(bell), wind_chime_focus"
windfire_wheel,weapon
window,"arched_window, cleaning_windows, open_window, round_window, transom_window"
wine,"alcohol, red_wine, white_wine"
wing_earrings,earrings
wing_hug,wings
wing_tattoo,tattoo
wingbeat_(e.g.o),e.g.o_(project_moon)
winged_arms,wings
winged_heart_tattoo,"tattoo, heart_tattoo, winged_heart"
winged_sword,sword
wingjob,wings
wings,"alternate_wings, angel_wings, ankle_wings, feathers, halo, horns, asymmetrical_wings, bat_wings, bird_wings, butterfly_wings, crystal_wings, demon_wings, detached_wings, dragon_wings, dragonfly_wings, drawn_wings, energy_wings, fairy_wings, fake_wings, feathered_wings, fiery_wings, glowing_wings, hair_wings, head_wings, ice_wings, insect_wings, low_wings, mechanical_wings, metal_wings, mini_wings, mismatched_wings, missing_wings, moth_wings, multiple_wings, oversized_wings, skeletal_wings, spread_wings, torn_wings, transparent_wings, single_wing"
winter_coat,"coat, tracen_winter_coat, winter_clothes"
wireless_earphones,"earphones, airpods"
wireless_sex_toy_controller,"remote_control, remote_control_vibrator"
wishing_cairn_(e.g.o),e.g.o_(project_moon)
wisteria,flower
wolf,"wolf_cut, wolf_paws, wolf_cub"
wolf_cub,"baby_animal, wolf"
wooden_fence,"fence, picket_fence"
wooden_sword,"sword, bokken"
wrench,"adjustable_wrench, holding_wrench"
wringing_clothes,"wringing_dress, wringing_skirt"
wringing_dress,"dress, wringing_clothes"
wringing_skirt,"skirt, wringing_clothes"
wrist_cuffs,"black_wrist_cuffs, blue_wrist_cuffs, frilled_wrist_cuffs, fur_wrist_cuffs, green_wrist_cuffs, lace-trimmed_wrist_cuffs, pink_wrist_cuffs, plaid_wrist_cuffs, purple_wrist_cuffs, red_wrist_cuffs, see-through_wrist_cuffs, single_wrist_cuff, striped_wrist_cuffs, white_wrist_cuffs, yellow_wrist_cuffs"
wrist_cutter_(e.g.o),e.g.o_(project_moon)
wrist_tattoo,tattoo
wristband,"frilled_wristband, checkered_wristband, striped_wristband"
wristwatch,"watch, poketch, smartwatch"
x-ray_vision,"x-ray_glasses, x-ray_phone"
x-wing,"t-65_x-wing, t-70_x-wing"
x3,":3, >_<"
x_facial_mark,"facial_mark, x_(symbol)"
x_fingers,"x_fingers_duo, x_fingers_over_mouth"
xbox_(original),game_console
xbox_one,game_console
xbox_series_x,game_console
xd,":d, >_<"
xylophone,instrument
ya_sunyata_tad_rupam_(e.g.o),e.g.o_(project_moon)
yache_berry,berry_(pokemon)
yakitori,food
yari,"spear, juumonji_yari"
yarn,"holding_yarn, yarn_ball"
year_of_the_dog,"dog, chinese_zodiac"
year_of_the_dragon,"dragon, chinese_zodiac"
year_of_the_horse,"horse, chinese_zodiac"
year_of_the_pig,"pig, chinese_zodiac"
year_of_the_rabbit,"rabbit, chinese_zodiac"
year_of_the_rooster,"rooster, chinese_zodiac"
year_of_the_snake,"snake, chinese_zodiac"
year_of_the_tiger,"tiger, chinese_zodiac"
yellow_anus,anus
yellow_apron,apron
yellow_arm_warmers,arm_warmers
yellow_armor,armor
yellow_assault_visor,assault_visor
yellow_aura,aura
yellow_bag,bag
yellow_belt,belt
yellow_bikini,bikini
yellow_bird,bird
yellow_blanket,blanket
yellow_bloomers,bloomers
yellow_blush,blush
yellow_bodysuit,bodysuit
yellow_boots,boots
yellow_bow,"bow, yellow_bowtie"
yellow_bowtie,"bowtie, yellow_bow"
yellow_boxfish,boxfish
yellow_bra,bra
yellow_brick_road,brick_road
yellow_burmese_python,burmese_python
yellow_buruma,buruma
yellow_camisole,camisole
yellow_cape,cape
yellow_capelet,capelet
yellow_carapace,carapace
yellow_carpet,carpet
yellow_chemise,chemise
yellow_choker,choker
yellow_circle,circle
yellow_claws,claws
yellow_cloak,cloak
yellow_cloud,cloud
yellow_coat,coat
yellow_collar,collar
yellow_culottes,culottes
yellow_diamond_(gemstone),diamond_(gemstone)
yellow_dougi,dougi
yellow_dragon,dragon
yellow_dress,dress
yellow_facepaint,facepaint
yellow_fire,fire
yellow_flag,flag
yellow_flower,"flower, yellow_pansy, yellow_rose, yellow_spider_lily, yellow_tulip"
yellow_forehead,forehead
yellow_fundoshi,fundoshi
yellow_garter_belt,garter_belt
yellow_gauntlets,gauntlets
yellow_gerbera,gerbera
yellow_gloves,gloves
yellow_hairband,hairband
yellow_halo,halo
yellow_hanbok,hanbok
yellow_hanfu,hanfu
yellow_hat,hat
yellow_headdress,headdress
yellow_helmet,helmet
yellow_hiphighs,hiphighs
yellow_hood,hood
yellow_hoodie,hoodie
yellow_horns,horns
yellow_horse,horse
yellow_jacket,jacket
yellow_jeogori,jeogori
yellow_jersey,jersey
yellow_kimono,kimono
yellow_lantern,lantern
yellow_leaf,leaf
yellow_leotard,leotard
yellow_lineart,lineart
yellow_lips,lips
yellow_liquid,liquid
yellow_loincloth,loincloth
yellow_male_underwear,male_underwear
yellow_mask,mask
yellow_necktie,necktie
yellow_negligee,negligee
yellow_one-piece_swimsuit,one-piece_swimsuit
yellow_overskirt,overskirt
yellow_pajamas,pajamas
yellow_pansy,"pansy, yellow_flower"
yellow_panties,panties
yellow_pants,pants
yellow_pantyhose,pantyhose
yellow_penis,penis
yellow_pillow,pillow
yellow_poncho,poncho
yellow_ribbon,ribbon
yellow_robe,robe
yellow_romper,romper
yellow_rope,rope
yellow_rose,"rose, yellow_flower"
yellow_sailor_collar,sailor_collar
yellow_sandals,sandals
yellow_sarong,sarong
yellow_scales,scales
yellow_scarf,scarf
yellow_shadow,shadow
yellow_shirt,shirt
yellow_shoes,shoes
yellow_shorts,shorts
yellow_shrug,shrug_(clothing)
yellow_sign,sign
yellow_skirt,skirt
yellow_smoke,smoke
yellow_snake,snake
yellow_snow,snow
yellow_socks,socks
yellow_spider_lily,"spider_lily, yellow_flower"
yellow_sponge,sponge
yellow_stole,stole
yellow_string,string
yellow_sweater,sweater
yellow_swim_trunks,swim_trunks
yellow_tail,tail
yellow_tattoo,tattoo
yellow_thighhighs,thighhighs
yellow_tiara,tiara
yellow_tulip,"tulip, yellow_flower"
yellow_turban,turban
yellow_umbrella,umbrella
yellow_unitard,unitard
yellow_veil,veil
yellow_vest,vest
yellow_water,water
yellow_watermelon,watermelon
yellow_wings,wings
yin_yang,"yin_yang_earrings, yin_yang_orb, yin_yang_print, yin_yang_tattoo"
yin_yang_earrings,"earrings, yin_yang"
yin_yang_orb,"orb, yin_yang"
yin_yang_tattoo,"tattoo, yin_yang"
your_favorite_character_as_male_and_female,multiple_drawing_challenge
youtube_creator_award,"gold_creator_award, silver_creator_award"
yuio_maid_dress,"slingshot_swimsuit, unconventional_maid"
yukata,"kimono, bath_yukata, hakama, short_yukata"
yuri,"butch/femme_couple, fff_threesome"
yuzu_(fruit),"fruit, yuzu_bath"
zastava_m21,"assault_rifle, kalashnikov_rifle"
zastava_m70,"assault_rifle, kalashnikov_rifle"
zebra_ears,animal_ears
zipper,"breast_zipper, crotch_zipper, front_zipper, full-length_zipper, oversized_zipper"
zipper_dress,dress
zipper_panties,panties
zipper_skirt,skirt
zodiac,"aquarius_(zodiac), aries_(zodiac), cancer_(zodiac), capricorn_(zodiac), gemini_(zodiac), leo_(zodiac), libra_(zodiac), pisces_(zodiac), sagittarius_(zodiac), scorpio_(zodiac), taurus_(zodiac), virgo_(zodiac)"
zongzi,food
zoophilia,"animal_sexualization, bestiality, imminent_bestiality, implied_bestiality, sex_with_insects"
ztz-99,tank
zweihander,sword
